length,0_replicate1,10_replicate1,20_replicate1,30_replicate1,40_replicate1,50_replicate1,60_replicate1,70_replicate1,80_replicate1,90_replicate1,100_replicate1,110_replicate1,120_replicate1,130_replicate1,140_replicate1,150_replicate1,0_replicate2,10_replicate2,20_replicate2,30_replicate2,40_replicate2,50_replicate2,60_replicate2,70_replicate2,80_replicate2,90_replicate2,100_replicate2,110_replicate2,120_replicate2,130_replicate2,140_replicate2
0,0.0,0.0,0.0,0.0,0.0,0.0,0.0,0.0,0.0,0.0,0.0,0.0,0.0,0.0,0.0,0.0,0.0,0.0,0.0,0.0,0.0,0.0,0.0,0.0,0.0,0.0,0.0,0.0,0.0,0.0,0.0
1,0.0,0.0,0.0,0.0,0.0,0.0,0.0,0.0,0.0,0.0,0.0,0.0,0.0,0.0,0.0,0.0,0.0,0.0,0.0,0.0,0.0,0.0,0.0,0.0,0.0,0.0,0.0,0.0,0.0,0.0,0.0
2,0.0,0.0,0.0,0.0,0.0,0.0,0.0,0.0,0.0,0.0,0.0,0.0,0.0,0.0,0.0,0.0,0.0,0.0,0.0,0.0,0.0,0.0,0.0,0.0,0.0,0.0,0.0,0.0,0.0,0.0,0.0
3,0.0,0.0,0.0,0.0,0.0,0.0,0.0,0.0,0.0,0.0,0.0,0.0,0.0,0.0,0.0,0.0,0.0,0.0,0.0,0.0,0.0,0.0,0.0,0.0,0.0,0.0,0.0,0.0,0.0,0.0,0.0
4,0.0,0.0,0.0,0.0,0.0,0.0,0.0,0.0,0.0,0.0,0.0,0.0,0.0,0.0,0.0,0.0,0.0,0.0,0.0,0.0,0.0,0.0,0.0,0.0,0.0,0.0,0.0,0.0,0.0,0.0,0.0
5,0.0,0.0,0.0,0.0,0.0,0.0,0.0,0.0,0.0,0.0,0.0,0.0,0.0,0.0,0.0,0.0,0.0,0.0,0.0,0.0,0.0,0.0,0.0,0.0,0.0,0.0,0.0,0.0,0.0,0.0,0.0
6,0.0,0.0,0.0,0.0,0.0,0.0,0.0,0.0,0.0,0.0,0.0,0.0,0.0,0.0,0.0,0.0,0.0,0.0,0.0,0.0,0.0,0.0,0.0,0.0,0.0,0.0,0.0,0.0,0.0,0.0,0.0
7,0.0,0.0,0.0,0.0,0.0,0.0,0.0,0.0,0.0,0.0,0.0,0.0,0.0,0.0,0.0,0.0,0.0,0.0,0.0,0.0,0.0,0.0,0.0,0.0,0.0,0.0,0.0,0.0,0.0,0.0,0.0
8,0.0,0.0,0.0,0.0,0.0,0.0,0.0,0.0,0.0,0.0,0.0,0.0,0.0,0.0,0.0,0.0,0.0,0.0,0.0,0.0,0.0,0.0,0.0,0.0,0.0,0.0,0.0,0.0,0.0,0.0,0.0
9,0.0,0.0,0.0,0.0,0.0,0.0,0.0,0.0,0.0,0.0,0.0,0.0,0.0,0.0,0.0,0.0,0.0,0.0,0.0,0.0,0.0,0.0,0.0,0.0,0.0,0.0,0.0,0.0,0.0,0.0,0.0
10,0.0,0.0,0.0,0.0,0.0,0.0,0.0,0.0,0.0,0.0,0.0,0.0,0.0,0.0,0.0,0.0,0.0,0.0,0.0,0.0,0.0,0.0,0.0,0.0,0.0,0.0,0.0,0.0,0.0,0.0,0.0
11,0.0,0.0,0.0,0.0,0.0,0.0,0.0,0.0,0.0,0.0,0.0,0.0,0.0,0.0,0.0,0.0,0.0,0.0,0.0,0.0,0.0,0.0,0.0,0.0,0.0,0.0,0.0,0.0,0.0,0.0,0.0
12,0.0,0.0,0.0,0.0,0.0,0.0,0.0,0.0,0.0,0.0,0.0,0.0,0.0,0.0,0.0,0.0,0.0,0.0,0.0,0.0,0.0,0.0,0.0,0.0,0.0,0.0,0.0,0.0,0.0,0.0,0.0
13,0.0,0.0,0.0,0.0,0.0,0.0,0.0,0.0,0.0,0.0,0.0,0.0,0.0,0.0,0.0,0.0,0.0,0.0,0.0,0.0,0.0,0.0,0.0,0.0,0.0,0.0,0.0,0.0,0.0,0.0,0.0
14,0.0,0.0,0.0,0.0,0.0,0.0,0.0,0.0,0.0,0.0,0.0,0.0,0.0,0.0,0.0,0.0,0.0,0.0,0.0,0.0,0.0,0.0,0.0,0.0,0.0,0.0,0.0,0.0,0.0,0.0,0.0
15,0.0,0.0,0.0,0.0,0.0,0.0,0.0,0.0,0.0,0.0,0.0,0.0,0.0,0.0,0.0,0.0,0.0,0.0,0.0,0.0,0.0,0.0,0.0,0.0,0.0,0.0,0.0,0.0,0.0,0.0,0.0
16,0.0,0.0,0.0,0.0,0.0,0.0,0.0,0.0,0.0,0.0,0.0,0.0,0.0,0.0,0.0,0.0,0.0,0.0,0.0,0.0,0.0,0.0,0.0,0.0,0.0,0.0,0.0,0.0,0.0,0.0,0.0
17,0.0,0.0,0.0,0.0,0.0,0.0,0.0,0.0,0.0,0.0,0.0,0.0,0.0,0.0,0.0,0.0,0.0,0.0,0.0,0.0,0.0,0.0,0.0,0.0,0.0,0.0,0.0,0.0,0.0,0.0,0.0
18,0.0,0.0,0.0,0.0,0.0,0.0,0.0,0.0,0.0,0.0,0.0,0.0,0.0,0.0,0.0,0.0,0.0,0.0,0.0,0.0,0.0,0.0,0.0,0.0,0.0,0.0,0.0,0.0,0.0,0.0,0.0
19,0.0,0.0,0.0,0.0,0.0,0.0,0.0,0.0,0.0,0.0,0.0,0.0,0.0,0.0,0.0,0.0,0.0,0.0,0.0,0.0,0.0,0.0,0.0,0.0,0.0,0.0,0.0,0.0,0.0,0.0,0.0
20,0.0,0.0,0.0,0.0,0.0,0.0,0.0,0.0,0.0,0.0,0.0,0.0,0.0,0.0,0.0,0.0,0.0,0.0,0.0,0.0,0.0,0.0,0.0,0.0,0.0,0.0,0.0,0.0,0.0,0.0,0.0
21,0.0,0.0,0.0,0.0,0.0,0.0,0.0,0.0,0.0,0.0,0.0,0.0,0.0,0.0,0.0,0.0,0.0,0.0,0.0,0.0,0.0,0.0,0.0,0.0,0.0,0.0,0.0,0.0,0.0,0.0,0.0
22,0.0,0.0,0.0,0.0,0.0,0.0,0.0,0.0,0.0,0.0,0.0,0.0,0.0,0.0,0.0,0.0,0.0,0.0,0.0,0.0,0.0,0.0,0.0,0.0,0.0,0.0,0.0,0.0,0.0,0.0,0.0
23,0.0,0.0,0.0,0.0,0.0,0.0,0.0,0.0,0.0,0.0,0.0,0.0,0.0,0.0,0.0,0.0,0.0,0.0,0.0,0.0,0.0,0.0,0.0,0.0,0.0,0.0,0.0,0.0,0.0,0.0,0.0
24,0.0,0.0,0.0,0.0,0.0,0.0,0.0,0.0,0.0,0.0,0.0,0.0,0.0,0.0,0.0,0.0,0.0,0.0,0.0,0.0,0.0,0.0,0.0,0.0,0.0,0.0,0.0,0.0,0.0,0.0,0.0
25,0.0,0.0,0.0,0.0,0.0,0.0,0.0,0.0,0.0,0.0,0.0,0.0,0.0,0.0,0.0,0.0,0.0,0.0,0.0,0.0,0.0,0.0,0.0,0.0,0.0,0.0,0.0,0.0,0.0,0.0,0.0
26,0.0,0.0,0.0,0.0,0.0,0.0,0.0,0.0,0.0,0.0,0.0,0.0,0.0,0.0,0.0,0.0,0.0,0.0,0.0,0.0,0.0,0.0,0.0,0.0,0.0,0.0,0.0,0.0,0.0,0.0,0.0
27,0.43037974683544306,0.8947368421052632,1.0,0.8947368421052632,0.7555555555555555,0.6071428571428571,0.3177570093457944,0.17258883248730963,0.723404255319149,0.4927536231884058,0.14468085106382977,0.3655913978494624,0.425,0.05592105263157895,0.0728051391862955,0.3434343434343434,0.53125,0.3617021276595745,0.5964912280701754,0.3269230769230769,0.125,0.4657534246575342,0.09912536443148688,0.17525773195876287,0.06772908366533864,0.10967741935483871,0.13991769547325103,0.17989417989417988,0.19318181818181818,0.06967213114754098,0.10461538461538461
28,0.36607142857142855,0.5942028985507246,1.0,0.7192982456140351,0.803921568627451,0.803921568627451,0.2733333333333333,0.140893470790378,0.6612903225806451,0.5694444444444444,0.15298507462686567,0.36607142857142855,0.3761467889908257,0.05799151343705799,0.07192982456140351,0.3203125,0.6612903225806451,0.45555555555555555,0.7192982456140351,0.36936936936936937,0.11918604651162791,0.36607142857142855,0.10199004975124377,0.16141732283464566,0.06844741235392321,0.11988304093567251,0.12933753943217666,0.1673469387755102,0.24260355029585798,0.06436420722135008,0.1056701030927835
29,0.3416666666666667,0.5774647887323944,0.7884615384615384,0.9111111111111111,1.0,0.6307692307692307,0.26282051282051283,0.12693498452012383,0.9318181818181818,0.6612903225806451,0.11171662125340599,0.2887323943661972,0.33884297520661155,0.04027504911591356,0.05380577427821522,0.27702702702702703,0.5394736842105263,0.3942307692307692,0.5694444444444444,0.3037037037037037,0.0863157894736842,0.3178294573643411,0.07606679035250463,0.11849710982658959,0.049939098660170524,0.08817204301075268,0.11263736263736264,0.13851351351351351,0.18141592920353983,0.05236270753512133,0.0803921568627451
30,0.5545454545454546,0.7721518987341772,1.0,0.8840579710144928,0.953125,0.6931818181818182,0.2850467289719626,0.14805825242718446,0.9682539682539683,0.6931818181818182,0.14022988505747128,0.3719512195121951,0.3446327683615819,0.049512987012987016,0.061122244488977955,0.24696356275303644,0.6630434782608695,0.3674698795180723,0.7261904761904762,0.26180257510729615,0.10535405872193437,0.4326241134751773,0.08776978417266187,0.13555555555555557,0.05601469237832874,0.10971223021582734,0.122,0.1556122448979592,0.20065789473684212,0.06314699792960662,0.08321964529331514
31,0.43315508021390375,0.8181818181818182,1.0,0.8709677419354839,0.7105263157894737,0.6694214876033058,0.2745762711864407,0.1443850267379679,0.7941176470588235,0.6,0.12597200622083982,0.36486486486486486,0.3568281938325991,0.04903147699757869,0.06347962382445141,0.19471153846153846,0.75,0.3432203389830508,0.574468085106383,0.2793103448275862,0.0944055944055944,0.37850467289719625,0.08067729083665338,0.12836767036450078,0.05951506245407789,0.09385863267670916,0.10756972111553785,0.15168539325842698,0.2025,0.06633906633906633,0.07766059443911794
32,0.3926940639269406,0.6666666666666666,0.9662921348314607,0.6370370370370371,0.7107438016528925,0.5058823529411764,0.23497267759562843,0.10844892812105927,1.0,0.5408805031446541,0.11011523687580026,0.31272727272727274,0.22691292875989447,0.042033235581622676,0.04991294254207777,0.1393841166936791,0.5972222222222222,0.2193877551020408,0.5212121212121212,0.24022346368715083,0.07196652719665272,0.28762541806020064,0.06682206682206682,0.09257265877287406,0.04725274725274725,0.07610619469026549,0.088659793814433,0.11360634081902246,0.15008726003490402,0.05388471177944862,0.05620915032679739
33,0.4742268041237113,0.7752808988764045,1.0,0.7225130890052356,0.7931034482758621,0.6934673366834171,0.2948717948717949,0.1393939393939394,0.8961038961038961,0.6133333333333333,0.14315352697095435,0.40233236151603496,0.2799188640973631,0.054848966613672494,0.0655581947743468,0.14712153518123666,0.7752808988764045,0.27655310621242485,0.5564516129032258,0.2727272727272727,0.08657465495608532,0.3520408163265306,0.0843520782396088,0.1294559099437148,0.06193895870736086,0.09362279511533243,0.10087719298245613,0.138,0.16932515337423312,0.07561643835616438,0.06994424733907754
34,0.41451990632318503,0.5379939209726444,0.8045454545454546,0.6604477611940298,0.6654135338345865,0.6276595744680851,0.26497005988023953,0.12752161383285301,1.0,0.5654952076677316,0.14331983805668017,0.37420718816067655,0.28687196110210694,0.0578809679529104,0.06707086017430845,0.12891478514202476,0.9123711340206185,0.23228346456692914,0.4573643410852713,0.2395128552097429,0.0778021978021978,0.28827361563517917,0.08198239925891616,0.1192722371967655,0.06316916488222699,0.09213951067152525,0.09399893786510886,0.1374223602484472,0.16542056074766356,0.07554417413572344,0.06686815262561391
35,0.4112478031634446,0.5518867924528302,0.762214983713355,0.5306122448979592,0.5894206549118388,0.6062176165803109,0.2470960929250264,0.12420382165605096,1.0,0.5924050632911393,0.13146067415730336,0.42162162162162165,0.2789034564958284,0.06327744726879395,0.07127627170271093,0.11670822942643391,0.8041237113402062,0.228515625,0.4186046511627907,0.2478813559322034,0.08201892744479496,0.2762691853600944,0.08524590163934426,0.12037037037037036,0.06593406593406594,0.0959016393442623,0.09637561779242175,0.1425091352009744,0.16981132075471697,0.08321479374110953,0.06334596643205198
36,0.44850948509485095,0.5022761760242792,0.7274725274725274,0.5296,0.6073394495412844,0.6073394495412844,0.2631160572337043,0.12142333088774762,0.9376770538243626,0.5858407079646017,0.15211397058823528,0.4425133689839572,0.29317980513728964,0.07600459242250288,0.08140678799803247,0.1132785763175907,1.0,0.2308228730822873,0.4211195928753181,0.25094768764215314,0.08678552700576822,0.28218243819266836,0.09755378720895962,0.1299568119356105,0.07411553963278102,0.10308315166614762,0.10241336633663366,0.14704575744113726,0.17513227513227514,0.09451741861793261,0.06705834683954619
37,0.4788877445932029,0.4720812182741117,0.7815126050420168,0.4696969696969697,0.6038961038961039,0.6275303643724697,0.25135135135135134,0.1279229711141678,0.9375,0.5992268041237113,0.1776165011459129,0.45499021526418787,0.3059210526315789,0.08841985168282944,0.09324243031882895,0.11796042617960426,1.0,0.2411825726141079,0.41186891054030117,0.2660183066361556,0.09288853375948862,0.2931904161412358,0.10331037547211731,0.1413803587716631,0.08373851971907077,0.11283669012375637,0.10915492957746478,0.1596292481977343,0.18667201926936974,0.10701956271576525,0.07025230397340988
38,0.4479606188466948,0.44859154929577466,0.7739975698663426,0.4918918918918919,0.6101532567049809,0.6269685039370079,0.2504915454187967,0.1295505389465121,0.8997175141242938,0.6306930693069307,0.17953776775648253,0.4796686746987952,0.32269503546099293,0.09888233467867122,0.10729324574701027,0.12342569269521411,1.0,0.2514804579549941,0.41123305358295675,0.2883657763693979,0.10095087163232963,0.29655493482309125,0.11338554645781417,0.15188364329995233,0.09393894705795605,0.12264150943396226,0.1152523973222363,0.17258195610945543,0.20823798627002288,0.1224764468371467,0.07929789617826466
39,0.4583554376657825,0.4521193092621664,0.7284991568296796,0.4747252747252747,0.5966850828729282,0.611032531824611,0.2645437844458053,0.13273928406821325,0.9525909592061742,0.6140724946695096,0.20248418092336537,0.5130641330166271,0.34285714285714286,0.11239755431247561,0.11677253682930126,0.13037573562698054,1.0,0.25806451612903225,0.414985590778098,0.30326430326430326,0.1110682607018897,0.31475409836065577,0.12609457092819615,0.16308040770101925,0.10338638267320809,0.13751392646824764,0.12403100775193798,0.18697251677126164,0.2188449848024316,0.13634211772131924,0.08678184009642427
40,0.4566151202749141,0.4472023559108119,0.662718204488778,0.43228954859699065,0.5398679532757745,0.5786608600979859,0.23270577933450087,0.1305896805896806,0.8628246753246753,0.5764642082429501,0.20193768996960487,0.5185365853658537,0.3360733480872589,0.11622567242510387,0.11813736385863526,0.12250777918635473,1.0,0.24459272894615738,0.3657949070887818,0.2804749340369393,0.11149569960142647,0.2894092022869589,0.12456058120459339,0.15766834767131416,0.10323395163639895,0.1356040311264192,0.12517663683466793,0.18600174978127734,0.21427131626688167,0.13767646677891465,0.08599627861823476
41,0.47319655857048315,0.43717517578722104,0.6710464570624121,0.4316329610624811,0.5426944971537002,0.6023588879528222,0.24118738404452691,0.1348929346288086,0.8881987577639752,0.5848670756646217,0.2272366121086922,0.5592491200625733,0.3538728037614452,0.13394529786436868,0.13438586599003852,0.13237063778580024,1.0,0.26669153301007087,0.3755252100840336,0.2982895285773884,0.12531767592673737,0.32367587143503845,0.13899688958009332,0.1694915254237288,0.11529468676933,0.1532197578484946,0.1358928062339637,0.2070063694267516,0.2330508474576271,0.15442764578833693,0.09565217391304348
42,0.5036344755970924,0.4535889642272621,0.6787963610916725,0.4317827732027599,0.5514496873223422,0.5983960518198643,0.2449185708875142,0.14222873900293256,0.8587870739265162,0.588949605343048,0.24594320486815416,0.5949095369518552,0.3708659912062703,0.14973757332510035,0.15056266977105162,0.14142003207464646,1.0,0.2789761288467069,0.36234590960029883,0.3177723177723178,0.13465676407302005,0.327150084317032,0.1492192908237828,0.1781450872359963,0.12425542816883367,0.16447647308181432,0.14639299728342892,0.21839468647979288,0.24996778765622987,0.17235252309879176,0.10593567411128707
43,0.5223568742164647,0.4836525440123815,0.7004763239002522,0.4497211728728189,0.5703855806525211,0.6324310650139134,0.2535754133279237,0.15288649706457927,0.8830801836806782,0.6362942224484601,0.2733734281027884,0.6508721687060661,0.3971405877680699,0.170450671575646,0.17111567419575632,0.153997782431933,1.0,0.2992936669460074,0.38586201574317025,0.3451131971286582,0.14961996528816807,0.3530574777573789,0.16807852628748152,0.1965563330450507,0.14080540692762603,0.1802321389950256,0.16518004625041294,0.24269488399184544,0.27373261797875836,0.19473438230253934,0.1200019200307205
44,0.5484147386461011,0.4989086373557842,0.7297605473204105,0.46742623429739993,0.590296993174691,0.6558721049395367,0.2614165509353811,0.16158351848111493,0.8852005532503457,0.652927973882881,0.29626886399407465,0.6921912178239239,0.4401650618982118,0.19199616007679846,0.19031759248245508,0.17048481619605754,1.0,0.32733224222585927,0.40603984265956095,0.3617863199547767,0.16328196754770896,0.3850782190132371,0.1811491650155675,0.21380370147658181,0.15377961458984094,0.20301992132978047,0.1817768688934333,0.2694736842105263,0.29906542056074764,0.21850460908159783,0.13447638258530845
45,0.5827403482210447,0.5039937148094802,0.7247222745245716,0.45821428571428574,0.6152493606138107,0.6713762428048142,0.26328750256515493,0.16796124978181184,0.9199330783938815,0.6682291666666667,0.31910130989885593,0.7026286966046003,0.4590887404580153,0.21137898841232358,0.20453820809862897,0.17998597147533318,1.0,0.33281452658884564,0.3962322421247684,0.3703810623556582,0.17612336414386381,0.37846607669616517,0.19192221391174272,0.23027221058929107,0.16697032795419053,0.2181230873852431,0.19308718771947425,0.28435283687943264,0.32339102671819864,0.23438070880526124,0.14429240862230552
46,0.6325149303251493,0.5325734718963012,0.7785037569421758,0.4849409849409849,0.6571074038328968,0.6849669445242886,0.2777227434298701,0.1832935928005538,0.9238224462105059,0.7284120434051659,0.35093144834695533,0.7747074122236671,0.49012751953928424,0.2335587572282662,0.22522565096167477,0.1936847238590645,1.0,0.3539546973635351,0.4323294629898404,0.39565000830151087,0.1947770648575749,0.41599022431701144,0.20800418976127089,0.24799666978873972,0.18096901579586877,0.24081653276741954,0.2145397254107585,0.3152533403889403,0.35054427772874375,0.25958605664488016,0.16070946857297005
47,0.684981684981685,0.5773832497105365,0.8382126348228043,0.5267605633802817,0.7187987987987988,0.7518532478954643,0.3010060362173038,0.20407188896088393,0.9853449695372962,0.7935287097201963,0.39430680021085923,0.8626207294219403,0.5455871626549964,0.2661566516923898,0.2577865851031749,0.22031589411288244,1.0,0.38905142708536505,0.4597418561770129,0.4347889268328126,0.22319197344373579,0.44921552436003304,0.2373943745784901,0.2769857433808554,0.20409973055015518,0.2725823349883843,0.24053380496824503,0.35237310093039687,0.38882391163092916,0.2929456112008616,0.18372735646300276
48,0.6984789740530868,0.586086086086086,0.8469141755062681,0.5309052440683089,0.7172315230706411,0.7735329736871078,0.3090661153389346,0.2065984474241355,1.0,0.7898819561551433,0.41761768901569185,0.8816664575229013,0.5559863891746459,0.28330645161290324,0.27287556315053596,0.22711404189294027,0.9925130668173471,0.4001594714659984,0.46184184578978504,0.4319173787422389,0.23223375421431877,0.4614475239721529,0.24256861729673745,0.2815806348188522,0.21425957550622102,0.28353510895883777,0.25366452451440535,0.3658993854806791,0.40196807597688655,0.30263611302549964,0.19198819543119466
49,0.7118775933609959,0.6077490774907749,0.8859601936525013,0.5423829282750444,0.7453837798696596,0.7962676464900406,0.31786775774887094,0.21917917598211434,1.0,0.8244068475322855,0.44631727277654326,0.9280964724444946,0.5774894810659187,0.3017810026385224,0.28872449337353623,0.23688979662284612,0.971796082133585,0.4167088351381439,0.477751348842606,0.45376901035926825,0.24276280879665113,0.48438327157226047,0.2523905847738139,0.2976900553085349,0.22350386755326368,0.30615659156814634,0.27098621211622625,0.3893064813501631,0.4198317614070864,0.3187042842215256,0.20672775197690474
50,0.7092264678471575,0.5957335768804227,0.8584320360970107,0.5434420376100928,0.7419564510887228,0.7922956793336804,0.3137928664696584,0.21942956003556238,1.0,0.8121664887940235,0.4558250973345313,0.9301283357099206,0.5829928498467825,0.30586816720257237,0.2893169433531872,0.23965987822800755,0.9141141141141141,0.4148080853963207,0.4698014198991666,0.446945967110415,0.24603944390559326,0.4743896103896104,0.2568920895690334,0.299252850963429,0.22751507299815635,0.31490741060036553,0.27679437439379245,0.3930785123966942,0.4315282109441452,0.32551507806373425,0.21230297112568
51,0.7142758238715038,0.6096436801985463,0.8712946541677223,0.5437440708337725,0.7582684109951492,0.8217443249701314,0.3195502694666419,0.22744708994708995,1.0,0.8320832325187515,0.4738655153408047,0.9576719576719577,0.5939892912660487,0.3163074470368213,0.30195802967775925,0.24820766973006783,0.8717363751584284,0.42034713168187743,0.4748469646062503,0.45890045369629034,0.2586492178098676,0.48482142857142857,0.26434867274777085,0.30553498978292415,0.23382892887901727,0.32773189326556545,0.29061971830985917,0.40870736441785843,0.43531645569620253,0.33551219512195124,0.22231080848129633
52,0.7267637890451046,0.6082095511899057,0.8533652050496751,0.5375747023669475,0.7590193342635041,0.8088932946257877,0.32340618276525873,0.23024366648527722,1.0,0.8333819667347534,0.4839447598068288,0.9642133693450371,0.603518410903904,0.32066468309661483,0.31117043009288264,0.2505867643510496,0.8521557511561987,0.421892311101263,0.47384794060309426,0.4479824320614878,0.25995539980885635,0.4840062703893573,0.2641814860208589,0.30303191066076024,0.23642873403837,0.3301829532645452,0.29564452265728114,0.4110683314742183,0.4482988659106071,0.3424049874115813,0.2270089817979493
53,0.7242678540846035,0.6281314981681354,0.8750862187887984,0.5420868227653393,0.7831481481481481,0.8322072810757626,0.3237801143323806,0.2353585010666914,1.0,0.8424862208645992,0.5030531324345757,0.9916367047053306,0.618304985623081,0.339878911273039,0.3220214224072288,0.25963899803536344,0.8323710799107729,0.42944183055207663,0.48186410421968173,0.4524285001069824,0.27316768581517525,0.49140134789681617,0.2714725895493645,0.3115821012819883,0.24326034436476587,0.3434116500649632,0.3082136870490489,0.425010887407457,0.45183233021118985,0.34629872256796596,0.23819984228906163
54,0.7397942783670846,0.6271686801707693,0.8674539858031284,0.5520287827303618,0.7858077732885677,0.8234347048300537,0.32432242002912304,0.23919557949801667,0.9767984720945038,0.8452074917370547,0.5143016759776536,1.0,0.6177970651395849,0.35219853091205877,0.32969630407792955,0.2665624276117674,0.8036899080433011,0.427139719756256,0.4767971825150197,0.454049255252688,0.27758457796450037,0.48717586875992236,0.2722916748826754,0.31177187753996205,0.24532324255183072,0.3481143490975093,0.3129944015050205,0.4339996228549877,0.4547370500872658,0.35555383902363663,0.24219092551344337
55,0.7474070765718823,0.6308272251308901,0.8692716149140021,0.5515233631170353,0.7861878164639557,0.8338039085423241,0.3252634761575674,0.24038369457656336,0.9721791892589724,0.8332042487275946,0.5211058058265864,1.0,0.6269669469652819,0.3578879832711546,0.3348451499588697,0.2714818753717757,0.7739863302327972,0.432774920260912,0.4791766090802074,0.4506987461471706,0.287007393856239,0.4959333530903224,0.27509178249831046,0.3122550950593992,0.24828552588196506,0.35491928832331804,0.3213767497439399,0.443466226959543,0.45537280038701095,0.3591510671276976,0.25082436798454516
56,0.7219248890718631,0.6260462533222262,0.8433258523030887,0.5434198746642793,0.79072097800491,0.8067682241079644,0.32339501239728696,0.23944409886058474,0.9476402065569833,0.8243405588926612,0.5238316516197558,1.0,0.622981881340544,0.3595316201931839,0.3378502772247554,0.272554573086488,0.7370633289744069,0.43090784982935154,0.4705286067797621,0.44752587551396567,0.2861961410126215,0.48131995486291135,0.27086587144941215,0.31181712208325923,0.2473667711598746,0.357852251598567,0.3230706243602866,0.4397447685920477,0.4525564190061079,0.3568085731726617,0.2512337228183005
57,0.7273146401777107,0.6285952329203797,0.8656589843360272,0.5487808734701622,0.8099038551292822,0.8308038492842438,0.3317909791399782,0.24361584141736042,0.9413583595529998,0.8279498067655899,0.5371614301191766,1.0,0.6254009442462248,0.368225607944659,0.34288367681637655,0.2782445563287689,0.7244604016198388,0.4343570874321043,0.4783339765146921,0.4477615791510773,0.2914315464194545,0.48454471839834695,0.2748467618036967,0.3131406092103364,0.2554015071235135,0.3677573856652397,0.33035714285714285,0.4436972641268218,0.45861303451556634,0.3636116000335261,0.25902706252892094
58,0.7323470073974445,0.6477606717984604,0.8551039260969977,0.5491516373991457,0.8291011688835147,0.8417678352202974,0.33303351382467755,0.24664268585131893,0.9415624046383888,0.8215220767694698,0.5506216167985247,1.0,0.6346153846153846,0.37509117432531,0.3466529351184346,0.28019857426102224,0.7015954826240194,0.4339662447257384,0.4810820643417702,0.44618239660657477,0.29835135614252795,0.49404888983774553,0.2772320225223876,0.3151900027240534,0.2565442124080207,0.37411336768717796,0.33791479575073924,0.4520437564096303,0.4586853645846238,0.36386328347648345,0.26450165733226655
59,0.7274325031785207,0.622874707822356,0.8450844954168296,0.5364864864864864,0.818040370058873,0.8296229955646537,0.3303838315217391,0.24615637693446543,0.9182006985745303,0.8253638253638254,0.5559111822364473,1.0,0.6424160364585053,0.3804169274092616,0.35,0.2831916380364526,0.6899939701344305,0.434131536075342,0.48462879920279023,0.4487531430944197,0.3030156702701019,0.48435126858053434,0.27909212206424583,0.318865048273149,0.2594286781179985,0.37889795679865995,0.34325592885375494,0.45630043160067557,0.46132138114209825,0.36874229930812247,0.26744297950149165
60,0.7136829625496897,0.6191614230396902,0.8415361210476543,0.5360098470563587,0.8108632780000793,0.8160360432199673,0.33121338641292036,0.24674494864252303,0.8933263497883113,0.8065812807881774,0.5586886498880821,1.0,0.6341637231207783,0.38034267449639486,0.3493794916440484,0.28246708437991663,0.674410175299855,0.4304582833827581,0.477854824776447,0.4437867256445283,0.30085256504483315,0.4845980821593465,0.27575010441507347,0.31333435394978565,0.25998094633216895,0.380547756726103,0.34531221001839013,0.4563026708877692,0.45599768291596116,0.3631927315315955,0.2691645076868449
61,0.7220505664640021,0.6207477649881465,0.8450830190146595,0.5381986577846016,0.8152524570485408,0.8403774022659604,0.333953102430929,0.25027061885349733,0.8939942410530646,0.8148856392950881,0.5635712989134662,1.0,0.6331536780772032,0.3861447709747344,0.3522937266980062,0.28905647327959993,0.6675574394888807,0.4375478155828468,0.47676816426816426,0.4411090137814853,0.3095648458087031,0.4878338945005612,0.27973279102095455,0.31480676748363173,0.2614370436309832,0.38531638388029005,0.34948942671062155,0.46054248781521506,0.4616675517790759,0.3661404720588979,0.27540106951871657
62,0.7229712460063897,0.620993413830955,0.8408204213577082,0.5389396970563018,0.8256047283738918,0.8441451859588913,0.3375044744063954,0.2538334698089715,0.892768374955616,0.8072847918376084,0.5741360937737859,1.0,0.6493629476584022,0.3948870081144752,0.3592646101576516,0.2933953946686028,0.6533941616377443,0.4390911207699472,0.48622690159003007,0.44520736601872984,0.311124248965394,0.48906418845904476,0.2823472163301974,0.31776947705442904,0.2655331432393424,0.39380808186279626,0.3543088870796017,0.4686936890288105,0.46524394004810954,0.3719366874311731,0.2792703846770909
63,0.7039301310043669,0.626615194895716,0.8342494110928689,0.5337748344370861,0.8219573091395014,0.8356512101819742,0.33516877455619604,0.25383069989683443,0.9050919651500484,0.8114845160394389,0.5770218228498074,1.0,0.6523583589171086,0.39832313696085614,0.36330007149740434,0.2938758062285477,0.6439473249214833,0.432411432799926,0.48526999813150085,0.4400722973227398,0.3126998354493037,0.491494417225645,0.28187935650370227,0.31762467726593285,0.26670774426910393,0.39195103546575,0.3556874381800198,0.46023588713647196,0.46410134222857596,0.37035745975408796,0.2836512790641231
64,0.7039112633932461,0.618371043032421,0.8239132651327193,0.5329786298478586,0.8291831987960049,0.8385333794534763,0.3371064634553343,0.255827942464568,0.8878552593026663,0.8167239404352806,0.5787475827822475,1.0,0.6522452713428579,0.4004426971488982,0.36296939569982634,0.2977035490605428,0.6300714749837557,0.4361562404418776,0.484278237244796,0.4403313110763977,0.3177361853832442,0.48386259755294303,0.2831777775181936,0.32134146341463415,0.2706698078447573,0.4007405815548907,0.3642619945605626,0.4705996544561567,0.46764019367657556,0.3721294363256785,0.2870200447543837
65,0.7114012917719742,0.6235661891399596,0.8373161460915551,0.5362162390991448,0.8438145360069282,0.8361277972143376,0.3430610476138887,0.2597457192658669,0.8806271074495081,0.8121373385054339,0.587922671679547,1.0,0.6591813900236788,0.4094950213371266,0.36690032731801986,0.3018312661591069,0.6234127374741608,0.43963347968693056,0.4858463426796057,0.44405686339813144,0.3194416422879048,0.48552044004063094,0.2860643427397044,0.3201238390092879,0.2732292891271288,0.40506875599616243,0.3684639215743313,0.4764887334010458,0.46735541001752606,0.374029233722132,0.29415589693570676
66,0.7059108266551928,0.612116407051581,0.8297509166772031,0.5408356683698697,0.8382564266326041,0.8341277407054337,0.3436403623605802,0.25844499798166765,0.8672238924312002,0.7960093398429208,0.587353441331782,1.0,0.6525467969274368,0.4100601421541826,0.36935935499303496,0.3015993382048807,0.6252232940335835,0.4415029601722282,0.48338090415247215,0.4396911274518015,0.32403406986791755,0.4802063515293429,0.2834589551432953,0.31949076215282,0.27371691935517506,0.40465546477570524,0.3705795157760994,0.47366426676771506,0.459929214703718,0.3746093359781942,0.2927955562000156
67,0.7089232367839979,0.6161661774666968,0.8434293484979601,0.5326956861214133,0.8478578308012552,0.8354507883055258,0.3402149250754232,0.26255279437373125,0.8591487218234479,0.8032376747608536,0.5951628028700412,1.0,0.6708126444127624,0.4155816467936711,0.3754867293165839,0.3068533198403328,0.617868139829741,0.44504965834406957,0.48983181663166586,0.44534743301021573,0.3265955791716033,0.4839853864434434,0.28463849138470526,0.31990340769221753,0.27508694118240007,0.40979667837943357,0.3732374140076863,0.48073704793277783,0.46014804323267067,0.3749450428665641,0.2988916148251993
68,0.716529030618727,0.6256017748197449,0.8410080524903072,0.543605659868142,0.8520879917809875,0.8448126067287816,0.3500589659239029,0.26479426070952355,0.8655044351002118,0.8068845141352867,0.6000936349513737,1.0,0.6749078550572016,0.4270505209595348,0.3820536790906258,0.31769225569500464,0.6272438107524968,0.45131397842578663,0.4932999790077671,0.4461161208669514,0.33178416792168675,0.4853779024734496,0.2890307900455086,0.3236019784028184,0.2841581265052349,0.4190169098635918,0.38195535569160755,0.48703777267310316,0.47153941339754524,0.3823489532487255,0.30395041767717595
69,0.7063464582508904,0.6192592913829741,0.8406134102549008,0.5377532575129924,0.8539094034982807,0.8357916300848698,0.3476572485909406,0.26504872389791184,0.8581172440731949,0.7962028492570186,0.604295387219636,1.0,0.6797657867802823,0.4284085624709359,0.38243880229257055,0.31696299749173157,0.6111622333026601,0.4469536910966086,0.491980912677221,0.44522566061267443,0.33232097558705115,0.49020752158464787,0.287872831554225,0.321205236638474,0.28369491794810664,0.41775521846612934,0.3851153633507289,0.48609409041394336,0.46894139669299356,0.38329083344517517,0.30631529270437824
70,0.6957408945307866,0.6103536562519515,0.8272301529086498,0.5345852324521422,0.8481920740526468,0.8381066712399245,0.3465711651655911,0.26421929065743943,0.8472362680227686,0.7928078950926051,0.6045149984537677,1.0,0.6748757134965936,0.42633438504151094,0.3783776808527112,0.31515138487333544,0.6009838081574093,0.44462303633165523,0.48859413793678036,0.4446769790718835,0.33275079437131183,0.4880086544062578,0.2897316311608237,0.3202210379171763,0.28246922143228714,0.42061624971310535,0.38343445967151374,0.4875623545061523,0.4669703146897694,0.3843592701342282,0.3076454973717619
71,0.7044326943234492,0.6175239417638291,0.8334573515226678,0.536833883622679,0.8441119825829682,0.8448193982735983,0.352968638756288,0.26868164574393416,0.8452916678312883,0.79665972972261,0.6107644148237907,1.0,0.6830336977143373,0.4346613774864896,0.3858628389154705,0.32033641573188426,0.6021064367770322,0.44928763500765106,0.4923883488822677,0.44381503059831817,0.337861691431125,0.492155969274834,0.29171409279444394,0.3239739895229627,0.28939989856362264,0.42884288145207033,0.39240670576633624,0.49391628150059613,0.46859940809148243,0.3865335702143432,0.31577738331419025
72,0.6953306330496518,0.6116660327881979,0.8196400311150452,0.5316942457935306,0.8369487811558477,0.8375452253042429,0.3528399709017009,0.2688575073687915,0.8222204283715423,0.794513780551222,0.6120948679940708,1.0,0.6775087579264778,0.4325246291473219,0.3856162136240882,0.32036107063103486,0.5976568612110781,0.445411346277185,0.4870572858554624,0.4441811785911562,0.33693902304553974,0.48779592292833995,0.2930930297246228,0.32341267741286794,0.2883198248775747,0.4298777485474727,0.39119469479721425,0.49158622908622907,0.4686584561586479,0.3880697476537001,0.31439830438719235
73,0.7042337639355867,0.6154931755790125,0.8277735888302437,0.5428488610012276,0.8636573257738112,0.8526016978656169,0.3622657396766155,0.27555674805473573,0.8452001699054901,0.7949114878529875,0.6284693434403253,1.0,0.6945850423248102,0.4479857036317841,0.39786303424143965,0.32998548922056387,0.6033277113456764,0.4554844986193971,0.5013858704211156,0.45413956407622963,0.35139788744053596,0.5016465768533838,0.29998680838233077,0.33161469074849487,0.2998935578979098,0.4444522001340183,0.4045207933623877,0.510486483019594,0.4813140628307078,0.40009299519943703,0.3271776215727381
74,0.6977099569934726,0.6102147971360382,0.8157639491551381,0.5338767873847388,0.8560332128029998,0.8431160471680692,0.36333045336728664,0.2774811380546801,0.8260105448154658,0.792363951902814,0.6152424586597879,1.0,0.7024793388429752,0.4548106615815913,0.39981985588470775,0.3330311461231465,0.6033376123234917,0.4576698361782564,0.4996091918086603,0.4555432024858177,0.35161836864919577,0.49146547747193603,0.3049880237806682,0.33608496766391505,0.3048105901651852,0.4484795756563715,0.40639861651534803,0.5113681818909103,0.48430846630601143,0.3989514417675696,0.3315662250625058
75,0.6959972689254929,0.6116517597644897,0.8320579532700745,0.5381861378297669,0.8596879612059878,0.8582177905232972,0.3688084389521408,0.2791183215251395,0.8307653126193811,0.797691536448781,0.6275852781037766,1.0,0.7211230242069194,0.46905556194639364,0.41264500132825643,0.3403411758568522,0.6098108128318254,0.46586689517280777,0.5107728923963423,0.4648379052369077,0.36061333009054025,0.5043290043290043,0.3115121997803562,0.3424096739655281,0.31471904908922504,0.45714445877011045,0.4208000619203034,0.5219534050179212,0.49020197162779516,0.40854666599869743,0.34365419664773866
76,0.7006492254290673,0.6088591803675498,0.8216493291120157,0.5336684401214218,0.8587635905247124,0.8496816941665584,0.3711564872932817,0.28145738115526636,0.8198365341222484,0.792554351777794,0.6250119459469791,1.0,0.7241402218925084,0.4751594763074151,0.4128110284927979,0.3410050785771641,0.6043580313083334,0.4695374983846187,0.5124267402137462,0.4673832256589103,0.3641182103645636,0.5027829884067776,0.31339249774779093,0.34380158337976935,0.3167039544411192,0.45777802665472056,0.42301074990621323,0.5256558641975309,0.4952294411631077,0.4126755764207019,0.34789824774185313
77,0.6812739116947575,0.604159407266125,0.8183173112750578,0.5321884945315908,0.8572432277706941,0.8456897879550239,0.3708252192217207,0.28041368743615935,0.8085163823782059,0.7890727921626866,0.625626709206928,1.0,0.7331908927021433,0.4860928715822402,0.42570815672490436,0.35131330581949644,0.6073226038382833,0.4751280017307276,0.5107996216643667,0.47278911564625853,0.3700338099677626,0.5089765774674,0.3196828693145979,0.3531814526936478,0.3232304401577739,0.4695276645477609,0.43410597335512013,0.531013249943583,0.49735793224228514,0.4165781487101669,0.35086803706465014
78,0.6896709991029145,0.6050035687487418,0.8015809509953686,0.5292497838685921,0.8490997354429405,0.8489689000744755,0.37108796192357774,0.28152917230866187,0.8035879235743109,0.788052158573506,0.6251040012101959,1.0,0.7382148679127308,0.4920223849496934,0.4234621986524223,0.3505769067616866,0.6046605209247878,0.47581898785192006,0.5156369421784093,0.47514876246873833,0.3706303114559275,0.508827286859887,0.3215633632932571,0.3521528857830709,0.32701876564215693,0.4736985398426641,0.434482033488421,0.5327381432001675,0.4930571091920593,0.4208958264368109,0.3532290464589477
79,0.6968285513186767,0.6078187071144817,0.824014687882497,0.5390072057646117,0.8551431547392221,0.8600153295861012,0.3796167856458143,0.28869524944895664,0.8140704732883504,0.8008612690633105,0.6323689648694345,1.0,0.7550017943656917,0.500751253328573,0.432783049191288,0.35714588859416446,0.6230749296608915,0.4870359116821483,0.5212779137114009,0.48205590880449106,0.3805007630136212,0.5116897725890794,0.32912246394524564,0.36197737439779765,0.3354660607329008,0.482546554467652,0.44451634202707163,0.5403917161663189,0.5065155892620682,0.42756071537445384,0.36327041581679453
80,0.6731982119894678,0.594516646538205,0.8048709063399873,0.5222306669200076,0.8383833248601932,0.848455225992334,0.3747613853286065,0.28543240646987045,0.786746815514527,0.7788693146932414,0.6290313352278145,1.0,0.7511444123072718,0.5007515372352539,0.43081062723686614,0.35594647096913445,0.6075263865608134,0.4785826223228278,0.5157144197391875,0.47939650285614616,0.3777184805139775,0.5063792547556538,0.3272445851151438,0.35981410368301625,0.3353226445978507,0.48025511095579243,0.44486707400963055,0.5396181345200504,0.500622324762454,0.42627273079756506,0.36136737153500603
81,0.6768491365265559,0.596793018620603,0.8047262778140966,0.5310367967788838,0.8527298850574713,0.853364829126762,0.3807450854602942,0.2918895182892021,0.7905615946338098,0.7885359083252271,0.6302575188682823,1.0,0.7605666033547679,0.5063221717802626,0.43784004531741955,0.3639748559914142,0.6111918203718347,0.4870814098336631,0.5261025105264824,0.48320781599837165,0.3856131801833159,0.5141707920792079,0.33212751074248026,0.3666773314504474,0.34601009838113583,0.4878607286498547,0.4533500654735923,0.5511865868422362,0.508498951974419,0.4336752002922832,0.3709043835371842
82,0.6807244794216214,0.6090252160291071,0.8096379067111539,0.5292309493837641,0.8650381606335383,0.8465266558966075,0.38615828260173024,0.29049130277588076,0.794148655772272,0.7741189568792018,0.6269029371987377,1.0,0.7783853606027987,0.5229314010500282,0.44758049541352546,0.3705951087513581,0.6269246774864753,0.4967780052486226,0.5341093745383638,0.4992267756544792,0.39711794038178505,0.5254545190309408,0.34137130124440584,0.3739063889635773,0.35388425060439077,0.5044295938725114,0.45882666463623556,0.5565629666117636,0.5132223310479922,0.4407763202808797,0.38011732795054565
83,0.688704516705112,0.6113982791934338,0.8133306970715526,0.5367218533445446,0.8586205297091701,0.8580036617302834,0.38862937341885095,0.29399105845357304,0.7938502444463504,0.7960864423180303,0.6340795039991779,1.0,0.7754110378050058,0.5184500553151563,0.4488331211735467,0.3691752340875323,0.6219571608567829,0.5035636561479869,0.5366284968836064,0.5001959062352226,0.40038933650570485,0.5257686572463254,0.3464630300307888,0.37536246578120247,0.35952066500932256,0.5029753009265548,0.46747900751310056,0.5652213740458015,0.522348891020938,0.4472444369276861,0.3858186479360547
84,0.6847498493068114,0.6135669316589869,0.8195878612977409,0.5358648545063239,0.8601987695220066,0.872106134395317,0.3968169066358109,0.29967684495152674,0.7921724160474187,0.7926042211756498,0.6368940203584631,1.0,0.7764369166364083,0.5225090553671017,0.4480047324443568,0.37676713237427967,0.6274076630997584,0.501877623149989,0.5350052246603971,0.4957721891877148,0.4025469243120536,0.5298353009765341,0.3456170374595931,0.37821359829371065,0.3618950910412249,0.510884688356405,0.471418196908393,0.5676984102195709,0.5202656285779711,0.44363086085279835,0.38892871280772895
85,0.6846629725216336,0.6071656962067921,0.8248702530922061,0.5376739888527913,0.8538801978557735,0.866866890917828,0.39363060104520115,0.30079118277239114,0.7869435295657294,0.7919529380775732,0.6382613618270915,1.0,0.7737459520899012,0.5128135882311137,0.442334334579783,0.3741315303731049,0.6091441692414189,0.49595172309511043,0.5357975555786566,0.4903837005423185,0.4002906847734434,0.5208610036380436,0.34274775801793583,0.3727670038331594,0.3621807741728236,0.507461636918576,0.4682361491440956,0.5656522897950864,0.5194212496400806,0.4448815013933759,0.38604093773740356
86,0.6695658679834652,0.58999884627429,0.8064021986438693,0.5323132286462051,0.8464248557646836,0.8594924247881102,0.39688892831008715,0.30119224911864434,0.7757167313151451,0.7766592176346793,0.6352504835761565,1.0,0.7712377464181838,0.5117878332975909,0.43839860876380826,0.3715000311338965,0.6029882424283259,0.4904773649018963,0.5234780574119299,0.48356027449073324,0.3964230343300111,0.5145095220984549,0.34088809743741133,0.3710879593634997,0.3610206242751248,0.5068242956250885,0.46672055698249,0.5660320672970495,0.5161564748460773,0.4411376883926701,0.3850216189472326
87,0.6714200401744512,0.601602023608769,0.818288083632915,0.5393281293154827,0.8622356495468277,0.8738723885342817,0.4036819027516348,0.30514775428294144,0.7801421422263342,0.7882470415772589,0.6451848502764929,1.0,0.7851278144574234,0.5160437848588953,0.44230127318678175,0.3795212765957447,0.6089182846170258,0.49950859620070814,0.5350272546361723,0.4938899390325071,0.40528701731388933,0.5224897901703985,0.34349569033357097,0.3697333280184956,0.3676705215486914,0.5135864675184452,0.47408032097724284,0.5731454876880774,0.5194103400484383,0.447729494249822,0.39340055772921506
88,0.6768774343853519,0.6023485584710074,0.8208223894762399,0.5426041028334646,0.8640566914498141,0.8712020052943519,0.40491926439685116,0.3089608533829589,0.7850086545362435,0.7979102300034329,0.6453174616946329,1.0,0.7679552306612151,0.5029006477437152,0.428884455259425,0.37582488656230734,0.6022217544086927,0.4967806572268234,0.5302261256380278,0.4846482654364428,0.401921580494553,0.5184002899439627,0.34018477863154045,0.36288323803204464,0.3672008452067103,0.5051343348455625,0.4695817970604576,0.5679530841949327,0.5123510367155748,0.4436822200217135,0.3864073231299939
89,0.6789662699809873,0.6125988754407701,0.8276572458636452,0.5440925442618325,0.8690792735139032,0.8847494953202423,0.4025971314641224,0.31146428917530766,0.7899879150365622,0.794332083865387,0.6436367277460698,1.0,0.7609652151609021,0.48673001930867377,0.4207586485277593,0.371038808612164,0.5904922299624895,0.48742511942977024,0.5223185265438787,0.47321538121763884,0.3971087910051276,0.5093704187963073,0.3340956340956341,0.35906602614233046,0.36382846253985623,0.5044008213122687,0.46642237782534557,0.561863554914558,0.5091216305409615,0.4367589604212672,0.38219817462912864
90,0.6763035882273888,0.6116251158409675,0.8253008343412395,0.5496709538243084,0.8620770877944326,0.8819058050383352,0.40584078468532947,0.30937048535333356,0.7824878522837706,0.7894385944271232,0.6492235248584929,1.0,0.7571608583626412,0.4857270402007625,0.413974293059126,0.3715643747115828,0.5940621818235476,0.49064628959331164,0.5214828823460836,0.48026292244742147,0.3972156719584028,0.5120055958285642,0.3328207799079057,0.35518363961992816,0.36769232174333966,0.5040881487510174,0.47076638836268386,0.562355077524794,0.502013841261924,0.43304147663712245,0.3819748190176191
91,0.6727542113569749,0.622470570704813,0.8281262389977004,0.5600332475332476,0.8775497342604458,0.8906466537321707,0.41150163521021316,0.3164888781138251,0.7919241706161138,0.7946659564754223,0.652219394526066,1.0,0.7560768130893558,0.48596456532613624,0.41282327479716574,0.3792395961943496,0.5911889160923282,0.4964643523525427,0.5280629013500531,0.4819835931280359,0.40442237131267367,0.5186932714156226,0.3361930208601597,0.36051539185142356,0.3741982872908381,0.5110907200097877,0.4751851304159889,0.5634095353698834,0.5091099655100971,0.43832827927767226,0.3868500254665
92,0.6679061232373962,0.6161899670319879,0.8305077960809432,0.5547860036635424,0.8813296516567545,0.8803012623316008,0.41050882000850836,0.3170042248894118,0.7864331608574515,0.7950525972906168,0.6461675024138038,1.0,0.7507463496716061,0.47944398225180257,0.40683799233250645,0.3743301517420565,0.5810286642488063,0.48801514866390666,0.5270023115807656,0.4765859205402984,0.4004729273236174,0.5092102841013684,0.3338455844490216,0.3569566676129765,0.3718877157760769,0.5093728133171289,0.47384288601870567,0.5625940639702792,0.5043637866485146,0.4333065299345231,0.3854435671156526
93,0.6654543103308924,0.6118211812264067,0.827045162327226,0.5603697048894697,0.8873919510249832,0.89063649344468,0.41640030749312185,0.32201467436366765,0.793351320100212,0.8051437512223744,0.6553898078423256,1.0,0.7425371115239624,0.4749198218776678,0.40330149399951015,0.3745825788664343,0.575174996157769,0.482784097572417,0.5221985437755283,0.47425780214969526,0.4005273296880777,0.5097764844282088,0.3315267286227391,0.35505015222472336,0.3730854978158815,0.5083600889108422,0.4712285802589256,0.5628751521117902,0.49899998787864097,0.43118545363135513,0.3837913931980907
94,0.6588405331620363,0.6026765384219882,0.818522804357368,0.5586100785643288,0.875557547431547,0.8919471258370293,0.414978303308619,0.3211503988351977,0.7773020083364911,0.7980004279239852,0.6496389663035217,1.0,0.7367513693095088,0.4744316210652913,0.4028911213897809,0.37322489378928886,0.5725410293625097,0.48181423152356456,0.5223114822972234,0.4706489692436531,0.39924872029428365,0.5035780480919123,0.3327196788451401,0.3543383254737351,0.37468719747200757,0.5076093142956126,0.4752450015059194,0.5650575029267957,0.502184956239672,0.4302764609640475,0.3844877838486266
95,0.6638107973628561,0.6120485727803185,0.829515204507918,0.5593024931546332,0.8883224437138457,0.8938464437511777,0.42222749705763085,0.3244687319490469,0.7857865964770196,0.798903381552108,0.660871853617759,1.0,0.760465281983683,0.4872511869978086,0.4149067477865355,0.3813024178062004,0.5841920166399824,0.4973090722706304,0.5317365418628404,0.4812965050732807,0.40980868363203515,0.5136006544675834,0.3413122906323204,0.3631854763241625,0.38485670756443424,0.5195638151569365,0.48448635889055336,0.5735262507388897,0.5093905116456663,0.44195411818294755,0.3952577586845419
96,0.6587057475423678,0.6188014334074589,0.8362299977030855,0.5597365824909354,0.8852326146863349,0.9032231387872398,0.4259459670264315,0.3260201188024238,0.776951805086253,0.794659584917329,0.6584972492275228,1.0,0.7619246934895969,0.4919155069134802,0.4170294005345552,0.38478747203579416,0.5846660332160112,0.49662949448101035,0.5293654351803608,0.48298582705021337,0.40878808294033986,0.5169810427661942,0.3404162478474641,0.3633248783733211,0.3892789678155184,0.5235607113752936,0.4860973574408901,0.5742753861321065,0.5090892141325627,0.44430432527535113,0.39675245654503516
97,0.6699693832023016,0.6168949836376773,0.8450283319102694,0.569802284652526,0.8874984714466229,0.9063397577321733,0.4321111386752667,0.33391611072770494,0.7915008088409037,0.8077686471646663,0.6672898341965736,1.0,0.760881340532229,0.49305917253560994,0.41402981668821787,0.3845053508988804,0.5849261891009712,0.49634687061880933,0.5302663143410333,0.479729431983431,0.41035064408824057,0.512697945487726,0.34133379318994167,0.36205663734472954,0.39377498055811766,0.5286826034698362,0.4861835274152311,0.57449306719086,0.5077244161507339,0.4413252120683889,0.3991310883393522
98,0.6753140575130104,0.6117472796672934,0.8404986008649199,0.5726933333333334,0.8935116806390547,0.9008011408917411,0.4314615770969362,0.3349606176401778,0.7830954073912013,0.7932626602149744,0.6592887074245192,1.0,0.7591911764705882,0.4917116952101841,0.41063097514340346,0.382135231316726,0.5780499293452661,0.4893309181220593,0.5262629109131676,0.4729719313314173,0.40704693852408524,0.5031511374551929,0.3386740679997477,0.3596747586229997,0.391862056381717,0.5218004008989856,0.4809692843465505,0.5706769414734605,0.5033516148689823,0.439559539891113,0.39732844905737175
99,0.6664862182523571,0.6165509758370776,0.8342650629623355,0.5639720571581265,0.8774722337708618,0.8971156765509564,0.4298266030489934,0.3307636624153912,0.7625815109857023,0.7980625528926661,0.6571381973994396,1.0,0.7538909016686227,0.4918873326970457,0.41563824599572374,0.3885304533819559,0.5778542652638167,0.4933821646833569,0.5244338216153537,0.476411595885331,0.4105865787230889,0.5078022960060493,0.34136385341733544,0.36262630394763756,0.3982997537698377,0.5289842099609725,0.48461588926064425,0.5729687802986232,0.504008460410057,0.4418590740519201,0.40085376552198176
100,0.6689723172535369,0.6206633678462029,0.8382911807102608,0.5780023750516315,0.8895135178085457,0.9084251313573936,0.43430062266017494,0.338793390430651,0.78095188266276,0.806843366547145,0.6725290239250259,1.0,0.7542869656032072,0.4881449423871453,0.4114733611453145,0.38717738100384763,0.5748562185478073,0.49385153242971996,0.531387952722267,0.4745649547468153,0.41033465288468585,0.5061032120979226,0.3421299939640748,0.36211971728476927,0.4011412804916285,0.5282099675611914,0.4890512543276214,0.5732298987416311,0.5065555040215387,0.44381343165239456,0.4022475341801261
101,0.6695128905429335,0.6206958917068963,0.847501092262979,0.5825933664142073,0.9047676988907141,0.9128949091504338,0.43762506375799426,0.3432028677805471,0.7853232648606784,0.7999964137782639,0.6699451910804114,1.0,0.7513599083851193,0.48316006064544076,0.4035985996399591,0.38609654360731777,0.5673682202581548,0.4895968219827492,0.5257854668018007,0.46869419056623596,0.4050385837494326,0.50222322282884,0.33597403477592946,0.35577298788705214,0.3991108009947578,0.5227911881884227,0.4845769523188878,0.5708308810358504,0.504198356820776,0.43717480132872133,0.39642625485370037
102,0.6789520553847922,0.6321547020434364,0.8461469614248636,0.5791827482693133,0.8984471518446011,0.9072240135114387,0.4434458755874931,0.34211973828961845,0.7731941900026171,0.7943736766040399,0.6708485304344124,1.0,0.7725244733530536,0.4931458259436226,0.413589752563609,0.39589283171832734,0.5834433898221405,0.5079081961576482,0.5410633548904024,0.4836894237066143,0.4179080726012501,0.5125119264463527,0.3454298325100114,0.3655245474439573,0.4078621534638515,0.5391256743347894,0.49631986224420155,0.5832418226461189,0.5119568513624746,0.44789554473270293,0.4099099880330911
103,0.6882587064676617,0.6362716497148414,0.8647948704209756,0.5804869861289278,0.9075216014094802,0.9119486194296907,0.4521337193015221,0.3464835699564919,0.7824913539545557,0.8091275212646848,0.6763185830819086,1.0,0.7791169182248254,0.4983839756258234,0.41626761350447483,0.40102868217696314,0.6003149176750645,0.5164307731689367,0.5527283105022831,0.4898576530457392,0.4259348856848791,0.5242704780466677,0.3518362423520179,0.37256848261003384,0.4180033496210094,0.5470393510411136,0.5060725782850454,0.5968958800759387,0.5256421390885208,0.4579105155146162,0.4220072340610973
104,0.6720446128304457,0.6291730322152109,0.8555866678710143,0.5794670386140067,0.8949546485260771,0.8994245779288603,0.44529376921558117,0.34653798593682544,0.7765116736621196,0.8004360391421184,0.6722735595963037,1.0,0.7572913335465302,0.4807100879997564,0.4045908473504814,0.3943168288804336,0.585665351750405,0.5031338970806952,0.5405334459420902,0.48040776994471773,0.41971446548683544,0.512731406300747,0.34684252539381466,0.36553571152925923,0.41383920379577604,0.5357336772091761,0.4985683306314083,0.584862555261923,0.5170527740780366,0.453766778764623,0.41485783360487727
105,0.6728096763124786,0.6310291652698625,0.8638641578705828,0.59137177038303,0.9070215677582253,0.9241388790699501,0.45369441980640934,0.35387762161511793,0.7887203553171876,0.8081573072299502,0.677546612914837,1.0,0.7475734324611988,0.4734543991146436,0.3990181198436453,0.38898486514188413,0.5869096169915566,0.5007182149963291,0.5404731824968416,0.47841690049204993,0.41379280023917137,0.5055812804177097,0.3434411992234824,0.36287996792153115,0.41361095485866967,0.5336758185055399,0.4960157682821426,0.5856970390929344,0.5173308415324576,0.4525208427490312,0.4154769787666093
106,0.6810385064177363,0.6360441356763383,0.8657729320798798,0.6023219814241486,0.9136662492172825,0.9178149509563029,0.4566722741676773,0.3592023879127304,0.7975539764963104,0.8115831189598832,0.6766662319029607,1.0,0.7358749271091078,0.46642558887579166,0.38861099782773345,0.3869363807377083,0.5741125551771201,0.4952219334994962,0.5347841026228382,0.46449995523323484,0.407989933941491,0.5004877107607216,0.33561668451657883,0.35695610293105823,0.4086719823549491,0.5242345649904004,0.48801187315788375,0.5741337333694022,0.5112953209009976,0.443912039017712,0.4077761475581639
107,0.6913912486907948,0.6455727150482865,0.8910573678290213,0.6168832011629265,0.9320691075245622,0.9313567957360088,0.4626233720726508,0.3629608699636497,0.8078217417907404,0.8211077327067929,0.6762709693942887,1.0,0.7394977595220313,0.47222056631892695,0.39527785632308177,0.3907542299028232,0.583356857931881,0.5003526649893147,0.5384624099333847,0.4669089837418341,0.41386786948911974,0.50461842272901,0.34181721419941313,0.357584056215533,0.4147020329814152,0.5315313300305304,0.49312126494023906,0.5840234941387531,0.5136715372643956,0.4478839793062505,0.4118059887710543
108,0.70643788048295,0.6516646115906288,0.9061294470638662,0.6252909631039494,0.9345352502498655,0.9370206205434574,0.4696371135215539,0.36867806069061737,0.8134169803429527,0.8267079266841229,0.6860053331828379,1.0,0.7419241626611734,0.4741759313438658,0.3976576620784978,0.3898211322146413,0.5883805075208441,0.5074094172649858,0.5457627118644067,0.46953280414083476,0.413878225044476,0.5023764258555133,0.3418283054815419,0.35730190107362525,0.41601355282521646,0.5330132316023722,0.49420135183208824,0.5797028876648306,0.5190388248983209,0.4521504626400707,0.4126068176610857
109,0.7146120041632936,0.6626808048581042,0.913515910854862,0.6410093491876191,0.9482467582291108,0.9548404542996214,0.47431899521209736,0.3759125197712617,0.8165915060211111,0.8267522954191963,0.6899660837159964,1.0,0.7426313733737945,0.4747061534915879,0.39570309060491327,0.3912496339504072,0.5905810952881583,0.5128327489262817,0.5475570718091293,0.47169397238575966,0.4153663885457891,0.5068490341631464,0.34682251252332774,0.36033238574240106,0.42615884619695,0.5374195512263003,0.49889994550188727,0.5899819785413359,0.5185511533499072,0.45110188438198656,0.4169253086836246
110,0.7171647871017538,0.6644463278332494,0.9250041480006637,0.6345723355550216,0.9459484936465442,0.9386750977494247,0.47480482611781405,0.37914853101196955,0.8209126159585085,0.8216116196433543,0.690459480658878,1.0,0.7442153663601305,0.47471947319620794,0.39313165503138003,0.3925349897905698,0.5942370552844758,0.5158534328542348,0.5508711834261059,0.4701335207308503,0.4179578168732507,0.5057912722654005,0.3462565645551975,0.3639271492917292,0.4281508661148562,0.537965861817558,0.4983908456999821,0.5880801687763713,0.5227052536175266,0.45633134157321764,0.42047263890052794
111,0.713966307618753,0.6664172835617157,0.9204510433095847,0.6373313249231155,0.9458105137662531,0.9335846281143698,0.4764509923520856,0.3779299564553947,0.8095443094486431,0.8188665247403394,0.6851679419186808,1.0,0.7409412623130245,0.46872720894378744,0.39036935662443106,0.3900185126861831,0.5929970451174361,0.5130451477304878,0.5488676287768228,0.4674455430959878,0.41470705948656794,0.5046516250869695,0.3456532098849479,0.3633520592550184,0.42906518836513596,0.5353429915016554,0.497092226355982,0.5875756558771452,0.520002048340844,0.45278055218663055,0.4214821148402414
112,0.7132194095164238,0.670044883887335,0.9177625717238675,0.6430720823084318,0.9460854550130423,0.9401960605341463,0.47652223795116627,0.3804581483478736,0.8147532944172876,0.8231129436959614,0.6867982397653021,1.0,0.7279575971731449,0.45738974440951313,0.38159132837910925,0.38915124634483594,0.5879606374720306,0.5149836514713676,0.5462133183442747,0.46506357003539694,0.411855962767191,0.5007048346798106,0.3449285068479389,0.3588734121647516,0.42820679104725795,0.5274784924211389,0.4974405037861227,0.5777311631350466,0.5174152844613669,0.44946242189409014,0.4181999772642383
113,0.7160452099613336,0.6772242538935631,0.9430901547392225,0.6575007448604628,0.9524006473655817,0.9423685989822427,0.4831508848750228,0.38556400829905724,0.8290625048917553,0.8310789605824755,0.694105158314112,1.0,0.7248056711188964,0.4528455145524813,0.37830714285714284,0.38863084362456984,0.5935160697476355,0.5182948907395265,0.5544528542864022,0.4683923802111891,0.41346011225867896,0.5038480930772378,0.3435207586086122,0.35660517102073797,0.42967824633707064,0.5303512777377233,0.4928074289117165,0.580677345437402,0.5198822085889571,0.45045374520526976,0.42050813815005955
114,0.7334731997834326,0.6894976587947883,0.9588088539731409,0.6666133595768238,0.9797678455196355,0.9575720091889026,0.4883167674437466,0.39192414511369555,0.8380606248066811,0.831655360815249,0.6951496414506176,1.0,0.7227223622614332,0.45504471595918883,0.37911107690800844,0.38975358545391775,0.6017255929643778,0.5240817037080021,0.5578156364197848,0.46977486107619354,0.41544830758615403,0.5024152349870662,0.3470894929671287,0.3599736940001063,0.43358137301968314,0.5335768723291124,0.49925833110679113,0.5869310920000866,0.5231860970311368,0.4540115285364791,0.4225427891925611
115,0.7345759128677897,0.7005857356150224,0.9716470213443772,0.6729755571355022,0.9719394529521111,0.947940947940948,0.49051580104178766,0.39450708172548343,0.837976036022285,0.8312136627906976,0.6902361135557846,1.0,0.7120714924966601,0.44753124159350466,0.37352020683086135,0.3874218452288541,0.6086002194951611,0.5293658216741074,0.5614587701087124,0.46804266093761987,0.4148436968694036,0.5020851624231782,0.3463656839302726,0.3614291263158588,0.43352258818512757,0.5303579191421534,0.4979004743204883,0.582790174306278,0.5227376599634369,0.4524476677105653,0.42434126622197144
116,0.7539860571950515,0.7128416133292695,0.9907686876709911,0.6933300395256917,0.9825998669607534,0.9628956171198216,0.49813196077561345,0.4000769762585262,0.8487487714523323,0.844344163658243,0.7051227294425043,1.0,0.7198994510850049,0.45678479879562195,0.378712437085914,0.3930261868085702,0.6235295424502627,0.542616025597649,0.5694113350713641,0.47582395225823954,0.425055657362674,0.507229089857587,0.35196227811114666,0.3683081263738066,0.4474237979849509,0.540000769615577,0.5035027762080317,0.5926410811381513,0.5314272189349113,0.46126665077943313,0.4320937285904532
117,0.7616045615162222,0.7185195474290332,1.0,0.7013644935842916,0.9831876144728202,0.9641132516647182,0.5002109815918561,0.407965585230328,0.8542795802243007,0.8453196262237607,0.7014855452135856,0.990099182182008,0.7240694789081886,0.45794467739209516,0.37713501726571974,0.3963155145394393,0.6238323904749375,0.5501508295625943,0.5745776575011865,0.47843305418222176,0.42376781804370167,0.5132736178388764,0.35556235979279016,0.37261797178892775,0.45123711340206185,0.54250328928551,0.5064213814647692,0.597737252347837,0.5360433349034386,0.4664934085393848,0.4349431297009723
118,0.7729753474255897,0.7301613247997586,1.0,0.701977708469331,0.9909047472782498,0.9514049315966249,0.5067191399500864,0.4085740821524563,0.8454639430426744,0.8380211565381784,0.6984652024345065,0.9726149001741927,0.7222242951133664,0.4594538995308062,0.3809002177734631,0.3964863886821568,0.641752776703321,0.553950795119578,0.5853552815943066,0.47937425186775084,0.42734243913926584,0.5110043383757051,0.35769988912159667,0.37621395391024354,0.4565639570081848,0.5424018531837584,0.5093593207255885,0.5973685293391491,0.5395794422917887,0.47214407675420766,0.43914815739123203
119,0.772408189362354,0.7234990268004192,1.0,0.7024214746889876,0.9844155844155844,0.9505286451930169,0.5060919199148178,0.4122699124796485,0.8390901066462153,0.8283857142857143,0.6880116750907667,0.9805867929314281,0.7188530483723006,0.4542050804044898,0.3766318961821748,0.39200535410075443,0.6328316836005282,0.552088887196283,0.5790304059114284,0.4764357899926054,0.42453638287124146,0.5073494671636306,0.35596029539050844,0.3722197615975659,0.4527157322757189,0.5403287426154046,0.5055756571777322,0.592326629008039,0.5333805511608227,0.4679201129715554,0.43809401489853583
120,0.7614952730332795,0.7261579356521303,1.0,0.6942293399822589,0.9643011755303207,0.9260165331542508,0.49469125573370004,0.4058984728169833,0.8255266984063632,0.810972792068671,0.6796939182686665,0.9570505511212467,0.7050645239834429,0.44452461180660563,0.36937304675043053,0.3879841092256262,0.6261040659899026,0.5475828030596711,0.5720070718144735,0.4648590509214666,0.4188593001894898,0.49582206088832576,0.3524786220747999,0.3677499650753737,0.44985241572160944,0.5326894775570272,0.4987040274177854,0.5822667725686939,0.5266010165761932,0.4595182175955313,0.4341802424524129
121,0.7637826909618725,0.7300983622804192,1.0,0.7012898926676028,0.965482782346581,0.9267529445064708,0.4987812928451734,0.40714182089490375,0.8300119709879586,0.8188146048682894,0.6796715526288476,0.959962862215562,0.7010479736400728,0.43720326409495547,0.36551784019796946,0.38369140625,0.6275288555730653,0.5490446334578586,0.5691233559302393,0.4664904184838962,0.41332080314750785,0.4910063401344675,0.3483526616306699,0.3622756331448242,0.4488268130897349,0.530181720043181,0.49539364188087354,0.5784122248284932,0.5257875438267805,0.4562344689844167,0.4323664054934413
122,0.7525276112338277,0.7275667232100362,1.0,0.702880182973556,0.9610387516925656,0.9136451405277838,0.48982861462116106,0.40424045998209973,0.8120156358535024,0.8035122240491658,0.6664244754697578,0.9404369429765754,0.6856147291189898,0.424331499419933,0.35253942630075746,0.3795744518297807,0.6114643802178417,0.5381699027811628,0.5656666287145622,0.4571623559362324,0.4038406827880512,0.48046516125912675,0.34253162811541243,0.3544698915525114,0.44214624740433106,0.5165395945243458,0.4869560245687402,0.5674595242854288,0.5130546280678806,0.4500600140410209,0.42253610965428284
123,0.7491419117465491,0.7252256021036275,1.0,0.698541347670416,0.9536353063213152,0.9047746861113596,0.48253210863255,0.3994023052061323,0.8049136398609748,0.7926426210662452,0.6583053054139091,0.917817543753498,0.6657523124019356,0.40751412087875183,0.3409606869113713,0.36796972600579764,0.6053314178538649,0.5337673191115021,0.555966867028295,0.44371640644996163,0.39530656520577756,0.4727128243882297,0.33218000656958285,0.34428834063414965,0.43302265168924226,0.5057471264367817,0.4737610581465258,0.5584331915990207,0.505620692816013,0.43896863062854496,0.41670501136605564
124,0.7407394061689248,0.7278703616277972,1.0,0.6996857308176672,0.9434577080178072,0.8964850564019072,0.4781364841605805,0.3965394186068942,0.8072331736432891,0.7769770576896425,0.6437877111301334,0.9024672207913838,0.6383104247743645,0.3923990226769489,0.3273789933007039,0.35856691842109856,0.593938401679604,0.5251187820370906,0.5475101874128854,0.4337072330250712,0.38598412777889046,0.4636464105012292,0.32339615517729603,0.33690426763979636,0.42557552169592583,0.4938776817675841,0.46170950281123896,0.5412823100890859,0.49490418258273683,0.42760863385174347,0.4058557580304436
125,0.741363464982562,0.7346636153468931,1.0,0.6999699636226097,0.9246697135803195,0.8778898608960138,0.4741061673510907,0.39233915721999824,0.7866009926116688,0.7606963670434624,0.6297200732593401,0.8773267892748087,0.6206389757449621,0.3786635051695293,0.31628129084145973,0.3508847262729965,0.5876897211974035,0.5166309497417707,0.5423709820620458,0.4232714894991053,0.37780633229856553,0.4493330095978062,0.31624155002136056,0.3287597510828731,0.4177632889372834,0.48267476737317716,0.4516520353448709,0.531400435788727,0.4846451871307643,0.4170101931259361,0.39890069483187096
126,0.7389741131351869,0.7390078531640946,1.0,0.6996293454651552,0.9128761174247765,0.8626993750582967,0.4653952873183145,0.39022493852162593,0.7806286699543027,0.7541233751106555,0.6214532539834902,0.8672060222082323,0.6083839200135316,0.37292421475845144,0.30919371707745724,0.34385821418707907,0.5845235730665752,0.5147075191197749,0.5346640130150052,0.41691673642861743,0.37355250783246885,0.443178084442254,0.3122733060657509,0.32344330762159784,0.41330243603493183,0.473350587822425,0.44514651888725404,0.5209656004828003,0.4740021085307641,0.41331035143158096,0.392693593095124
127,0.7378072441433751,0.7370391290383316,1.0,0.6945177887475344,0.9085051194539249,0.8442606312798132,0.4620875458282413,0.38828629608668,0.7740929870069444,0.7422924195779236,0.6124650272419379,0.8444106077908895,0.5975236367880905,0.36426534421509543,0.30321863381205805,0.3396501829725771,0.57538605198084,0.5053689950031136,0.531071192013343,0.41182222112207134,0.3669973694514451,0.43636315948224985,0.3087286307438937,0.3212396215485615,0.40974804817378024,0.46716742716742715,0.4417977826462192,0.5162641676299232,0.47078964868344725,0.408117207670749,0.38645985168322694
128,0.7383479514728363,0.7389728621187296,1.0,0.6994967132292522,0.9012625059552167,0.8525450038807241,0.46100265352539804,0.38789877484066093,0.7656323777403036,0.7424207737842169,0.606319331920728,0.8360402165506574,0.5912847939710708,0.3584953334491417,0.2994473000364949,0.3343019973787166,0.5740403580640268,0.5057779428147048,0.5287828436548854,0.40786833799476563,0.3648798521256932,0.43334648374863194,0.3067025746569451,0.3185062201852025,0.4080149538981386,0.46634391519899204,0.4349711628738767,0.5117563515859239,0.4678689200329761,0.40390603222802784,0.38483011148845275
129,0.726939407668075,0.7336487851560424,1.0,0.6960293761601162,0.8804328407727842,0.8236656439886829,0.454842707591699,0.3824760384272117,0.7520491803278688,0.7240101996914908,0.5965054855749695,0.8209704671473786,0.5803542889827229,0.3525168093846437,0.29326929207489427,0.32896750661549096,0.5664882262143256,0.5003190625362571,0.5236609819592128,0.4030917174455356,0.3567122664433208,0.4240219275064836,0.3004476494051663,0.3127254926845187,0.40324484810230155,0.453625599116365,0.430128173158446,0.49895863465432455,0.4584908794896501,0.3997728694926646,0.3785290277274872
130,0.7379496216440344,0.7434055262003717,1.0,0.6998142086171812,0.8744196329869556,0.8208705678869991,0.4564485621774116,0.3874897262697242,0.7522507291094298,0.7235197268126106,0.593611113427335,0.8120779339295492,0.5768529547609208,0.35127973591106243,0.29079338107044966,0.3271073127024605,0.568047620567489,0.5018610946620421,0.5236137364940902,0.39818776743015355,0.3576308650658093,0.4187893405494441,0.3014175388680012,0.31366207856752615,0.40406391009450293,0.45395416459425336,0.43044755904369175,0.4978843934678463,0.4562437914570449,0.3978072822369744,0.3774875522962633
131,0.7373105580617365,0.7466201303700662,1.0,0.7055878928987195,0.8741196548325841,0.8077294685990338,0.4548450642569025,0.3864098817904104,0.7449072604184803,0.7107106911478742,0.5872919745161213,0.8014633770069092,0.5744887561906116,0.3514081546868432,0.29038787854590464,0.3252060147820916,0.5646456020495303,0.5045717536386719,0.521948804064673,0.39613731801767943,0.3545498418145745,0.4164276267197994,0.30041759086008846,0.3122308891016257,0.4039275360709089,0.4518217114458767,0.4257416469596572,0.4937242470114654,0.4562631737428485,0.39459421335604733,0.376321331187814
132,0.7318446735530286,0.7529272583874295,1.0,0.704861702731868,0.869153642337726,0.7964809070488822,0.4492786851616095,0.38610072643744914,0.733430516020369,0.7041218688831522,0.5826069947578437,0.7907043420088561,0.5627026169227165,0.3447520718551785,0.2851011367595652,0.3243515191114015,0.5631963090420905,0.5000671564611231,0.5150119306982052,0.3915087147401351,0.3490671291955747,0.41302020644631676,0.2955572931757832,0.30881877223977905,0.40238742414335354,0.44334825787706306,0.4200849613837535,0.4885382495735468,0.44794893852530515,0.3892513251576075,0.37319200120282664
133,0.7283136148265376,0.7498233284912253,1.0,0.7014829438501446,0.8549988248592629,0.7876016784024248,0.44741111221734825,0.38490799895201433,0.7243566647071094,0.6990118034586879,0.5773503627569528,0.7775493379202247,0.5538076769727065,0.33896989004942896,0.27886475634239827,0.3191862724207518,0.5570828532676069,0.498248840712986,0.5141985986498038,0.3869649125472974,0.3464515865709479,0.4036169403410892,0.292574479248448,0.3053332907011135,0.4002630172585428,0.43882978723404253,0.41419973975276514,0.4811313624970085,0.44228241928107037,0.3844973023031084,0.36832487994908686
134,0.716368962626551,0.7468905173986957,1.0,0.6988138030194105,0.8440223584956856,0.7719813765101804,0.4433548651930741,0.3818118436105287,0.7143355808271022,0.687562444187054,0.5654453307350557,0.7613471705502252,0.5496543632225505,0.33343767017267034,0.27492725903561216,0.3138454584345664,0.5571325199349473,0.4945466570848941,0.5081684397626578,0.38087867953176274,0.34007084444833163,0.3963082442755872,0.29043836158761815,0.30349887793931113,0.39654469057234937,0.43115512136702855,0.4093596188771616,0.47406955832596703,0.4367537208649256,0.38021943634976824,0.3635377660593991
135,0.716866558039729,0.7579740161928074,1.0,0.6987008704254931,0.8440032287484407,0.768816485552224,0.4405774260979961,0.38057242797381297,0.7119285524803254,0.6835795551027339,0.5593713741810425,0.7538153287268505,0.5495999781558037,0.33575065576299956,0.2735451605012095,0.31571476187675235,0.5589674875205677,0.4990114228692909,0.5113983548766158,0.38339230186810414,0.3405407234460123,0.3973879952419263,0.2910878918254456,0.3056968850143523,0.4004894694429798,0.4321910160611526,0.4095656199288836,0.4724799446019143,0.4376746360503169,0.3779320574746636,0.3636199405649044
136,0.719462651469285,0.760748547995027,1.0,0.6959226630001188,0.8337739724634439,0.7514548870457773,0.4369594295732991,0.38030723277149564,0.702384827562576,0.677398301444103,0.5544248505666297,0.7439414972281952,0.5412604215487593,0.3316721746481836,0.2721103109547672,0.31115403443394973,0.5585262182744575,0.49761192399424675,0.5103285596031643,0.37911328318252646,0.3376072071181821,0.39083390929240447,0.28980256879696326,0.30311824180699065,0.39906845901511684,0.42783273850520737,0.40636042402826855,0.4683742424155875,0.4333040923311068,0.376408749741777,0.3617772287056851
137,0.7170689729357601,0.7554304467653031,1.0,0.6946811171321384,0.8101168601372767,0.7464570455970617,0.4376923804221076,0.3813854498020459,0.6953709807979571,0.666733345068732,0.5486948848970131,0.7327640789334834,0.5391309411353666,0.3301190499772201,0.27056329064602436,0.30962422386789684,0.5587016574585635,0.5005586659297883,0.510854438334161,0.37847351543835106,0.33625222447752523,0.3903361049303197,0.29192167963481325,0.3044008752799179,0.4000336053768603,0.42798956310928943,0.4040978637763391,0.4647713708822775,0.4327686139272062,0.37763990355854465,0.36170157352143245
138,0.7231589419177104,0.7634649910233393,1.0,0.6955746567108029,0.8052985901356841,0.7374682424757429,0.43756752585275505,0.38181818181818183,0.6908399736822867,0.6636909174619773,0.5482180496200182,0.7215147993247198,0.5373796345439381,0.3301194718088451,0.27022046558620844,0.3094144953687872,0.5629393309593466,0.5058254679108606,0.5120070314428304,0.37881318563850397,0.33641732361329213,0.38727744638222306,0.2915007231822762,0.30515918150602606,0.4025368577987079,0.42711006433015786,0.40374646336137326,0.46361406377759606,0.43252947099687744,0.37920841080242373,0.3620735897010179
139,0.718952384148183,0.7583777996053341,1.0,0.6926533581184838,0.791975086172641,0.7246239568448732,0.43253036978717174,0.3788637006648748,0.6757393930314523,0.6575567388402105,0.5364555947820426,0.7122779897108568,0.5345416895364503,0.3279166491297211,0.26870800555588653,0.3082916651678118,0.5630251548775761,0.5020826864604876,0.5077613991847568,0.3749174282227054,0.3330794164056245,0.38148951039612555,0.29054578616736,0.30351925372130006,0.39998879870811765,0.4249299650445001,0.3996418695528499,0.4596267295934785,0.43005389347758455,0.37691918636613525,0.3630486905982327
140,0.7184449931231047,0.7654255600868598,1.0,0.6900525226802483,0.7880473308250178,0.72313029555007,0.4324291976481501,0.3803358071477446,0.6699580464965348,0.6505660717099192,0.5351700642485512,0.7073333877151481,0.5403795220141464,0.3331182002581597,0.2710664849386668,0.3109528471378008,0.569364920943426,0.509543061301241,0.5150789737862866,0.3777790363828851,0.3368398154046957,0.38303737079247285,0.29381149873952994,0.30894755031727766,0.40624033731553055,0.4262016288774311,0.404744234243065,0.46243933656871633,0.43247233208480673,0.37938728900322893,0.36636499607067713
141,0.7194572356313848,0.774083689004268,1.0,0.6925838733298164,0.7830975633641066,0.7138695017042688,0.4340101147156778,0.3821620353474793,0.6638165888114949,0.6437243408197765,0.5291007518796993,0.7005040972836085,0.5417708577130117,0.3321025269286095,0.2714488504860361,0.31076292593312255,0.5692108583815964,0.5108929867866996,0.5110176433339336,0.37695736018855797,0.3355266169268092,0.3794354386479515,0.2933772250182604,0.30743179482877936,0.4081790803754971,0.4247532497633902,0.4018557096650403,0.4598458868303291,0.434952234023616,0.3788030816534819,0.3671197772982809
142,0.7188751776715337,0.7746545062136666,1.0,0.694060865022495,0.7783325318060595,0.7076734719837181,0.4360823429125719,0.3859735844802317,0.6674314678183673,0.6441887393255175,0.5293757322374798,0.6991689837724052,0.5401367726745915,0.33168263336947734,0.2715911517925248,0.31020843425138267,0.5687323097761847,0.5108348828133967,0.5097291416136975,0.3756958777027911,0.33375327139246963,0.3766130465318971,0.29410171014722597,0.3082714578600321,0.40895704788639214,0.42642458502000047,0.40341717652390663,0.4595053609130845,0.43411087106008805,0.37938515175150345,0.3657302978384219
143,0.7197900798366579,0.7697779749059613,1.0,0.6987032090736655,0.7795927887148744,0.7069846144204556,0.4364656381486676,0.3889765272785263,0.6652709795364746,0.6447667357290848,0.5266050870303483,0.6969280429981312,0.5422417159852194,0.3296935334797047,0.26896827147174357,0.31116244591170034,0.5675582192426939,0.5118275910959875,0.5101177960161885,0.37442641994772435,0.333957474522458,0.3786253393019714,0.29465271021202405,0.30854860987650945,0.4102592077389557,0.42653307181510974,0.4028802671345092,0.45955331955067164,0.43187680351443053,0.3798828125,0.3663658543516297
144,0.7149691465021146,0.778316365039164,1.0,0.6922870356556765,0.7713302637921577,0.7033466715169152,0.4375300540265324,0.38817993600602296,0.6602872855852074,0.6376628373550267,0.5226411375475152,0.6870696930662284,0.5348270317929568,0.3238987345306316,0.26506347551658643,0.3084951851642562,0.5618836008306443,0.5080665028001468,0.5061545929024482,0.37101384385981045,0.3317225208738419,0.3744704201938363,0.29243761028485,0.30707231128095686,0.40941394446037455,0.422544060535146,0.4006146833344844,0.45610379398466677,0.4276393394278974,0.3762694960126169,0.36326203103900423
145,0.7052651080069658,0.7792871355228573,1.0,0.6943769562457592,0.7634464668180104,0.6925175909014837,0.4357612497939598,0.3894681704342702,0.6517424859786204,0.6331588086193476,0.5159716348968837,0.6810940787496242,0.5261319033666869,0.31527269836221977,0.25850787295706473,0.30221200439479484,0.5519937360438477,0.5017847068810073,0.5018905535604107,0.3657985363753767,0.3280119111625791,0.3711595909803524,0.2894622387001998,0.302638691910937,0.40555673925086294,0.4156926463651135,0.3962247655049813,0.45090254417965603,0.4276432262412941,0.37222945780093164,0.3604767874795941
146,0.6996322694229895,0.7850076467214682,1.0,0.6962858818292933,0.766567623907159,0.6929859719438878,0.4364170168671924,0.3909948940120687,0.6513360077721748,0.6302793481875624,0.5158978600443904,0.6786695589298626,0.5197394789579158,0.3103611164472213,0.2536221441034325,0.30132726722374586,0.5502802966007058,0.500805431197882,0.5018024623468671,0.36490434280340195,0.329080406037131,0.3707160187327202,0.2895679384154314,0.3024109288074847,0.4078285806507678,0.4158459707840705,0.397665325688277,0.44929154965534845,0.42491096758616526,0.3718686443715781,0.3591804156963077
147,0.6927276072867045,0.7837068905697037,1.0,0.6956480081030955,0.7613077182339063,0.6903047919156796,0.4356506086062061,0.39163905371041074,0.6490431584391702,0.6290559148435808,0.5129957303348104,0.6732637853949329,0.5160297902800834,0.30298044335548024,0.24838537046675807,0.29680437296331336,0.5435324314207797,0.4898224715202683,0.4949239690909888,0.36064759458279966,0.3263218722912453,0.36844146570441605,0.28737832236832805,0.30094862502664677,0.4053598133636418,0.4137518368210885,0.3952405949256343,0.44519485980080414,0.42193570883007336,0.36837336735137644,0.35622640980440945
148,0.6893875934259314,0.7830547728982579,1.0,0.7033403116387534,0.7563333523310156,0.6903110024513469,0.43658936788817654,0.39651089830736364,0.65120715459921,0.6307968366576947,0.5143927244184525,0.6681918884217416,0.5142830845843446,0.2992738384516071,0.2455931340797631,0.29591546626231996,0.5340318613272702,0.4889962599259355,0.4945589893136314,0.3604617604617605,0.32779925402628196,0.3680253196150753,0.28815045218165436,0.30121404880595365,0.40685442303049346,0.4149047592993536,0.394505572091606,0.44638652494197584,0.42101735782014016,0.36677675900143025,0.35498853095972127
149,0.6868510714884163,0.7857954303403815,1.0,0.7043224254457978,0.7633568305030969,0.6980761952819478,0.44278587060456814,0.4023989848490908,0.6560149373166178,0.6358142073363399,0.5182072304501122,0.6703473088710947,0.5166059067081795,0.30044956265372275,0.24485447847874423,0.2963981649361397,0.5344559485406324,0.4877116907497257,0.4973195709516085,0.3634032297255587,0.3310559582175452,0.3725297473786963,0.29107468794546343,0.30396236209183713,0.412574091332712,0.41807570262919314,0.4002596716852982,0.4489248729358412,0.4239987434009394,0.3693100859264203,0.35812100777250694
150,0.68709942090681,0.7924978570204012,1.0,0.7160622339535662,0.7658297051748474,0.7016842948912555,0.45147377673600936,0.4102697003369035,0.6553366676873873,0.6392631928310654,0.5226463817797817,0.6791368428475724,0.5205769473323844,0.3037381826592269,0.24604215456674472,0.2980194955902831,0.5327168717185173,0.49167815387757186,0.5003701923701405,0.36647481329971937,0.33407819614078194,0.37419254567884447,0.2944799345634121,0.30736537505086586,0.41912132707609506,0.4238061359952473,0.4037296591044067,0.45283418101455297,0.426217899779821,0.3730209708499698,0.35964783976647136
151,0.6812792133469404,0.78728034454225,1.0,0.7162477771191464,0.7726409484164285,0.7034218982861401,0.4543201985260942,0.4173263428381963,0.6593778990450204,0.6411969476667055,0.5240852547754125,0.6795550281481815,0.5231096256916004,0.30351311704361633,0.24557499192127358,0.2979192914890417,0.533738835440354,0.49122486065883675,0.498159180392076,0.36755683045315307,0.3369736486166151,0.3730295939095697,0.29667431896583474,0.31012127045235804,0.42315329418068354,0.42777941025486704,0.40805705929830843,0.4563638492421696,0.4277703236130238,0.373882585192726,0.3604485359043505
152,0.6794194540974964,0.788744004796163,1.0,0.7276183892153474,0.7745282613894902,0.7099893192422283,0.4595735390437377,0.42403467482281526,0.6621717976679808,0.6441576987810476,0.5289387720914649,0.6835007359944584,0.5277673310768459,0.30857787865535297,0.2479479996309246,0.3017257854904059,0.5311610263225405,0.4904378215707213,0.5014670790634517,0.3729789590254707,0.34073710365368376,0.3773911900222909,0.30100669221529486,0.31454059142596713,0.4302108135174077,0.4313686648063964,0.41345716315353565,0.4602534856093348,0.43133036217406895,0.3765147788758217,0.36433287851820656
153,0.6835084423894645,0.7887769321470682,1.0,0.7305978134963098,0.7832311322149358,0.7148377417143844,0.4686494920867433,0.4322497691130351,0.6631602663595855,0.649123494846826,0.5358716364651479,0.685372328039864,0.5339102954277031,0.3108802087978632,0.24981280966562242,0.3043441297034981,0.5312207975551162,0.49352967258988223,0.5060885911989577,0.3765843478656439,0.345324472508936,0.3811015873837947,0.30559682897116913,0.31886957338167427,0.4394548163090613,0.43699006608314667,0.41675870076175914,0.46261447222280433,0.4347824659764576,0.3800289211382534,0.3681929626561553
154,0.6745735930631019,0.7876133238260161,1.0,0.7370751289574308,0.7801913816589774,0.7146539595164985,0.47151772223088023,0.4395679363274588,0.6670788697965346,0.6524863924688585,0.536801545884776,0.6885571942392654,0.5402690165175366,0.3128900559342458,0.24976356304656416,0.3047146966996685,0.5339164460812521,0.4959642502057965,0.508364624578116,0.3785670181890387,0.34929175910774696,0.3846702376411668,0.3100993513973588,0.3227583903823677,0.44492610459484605,0.4407832853518798,0.4211328976034858,0.46682520888328366,0.43575975227545266,0.383568741473632,0.3692562395697635
155,0.6786896535892197,0.7905511642582868,1.0,0.7454876468185325,0.7873551892194199,0.7231925323626971,0.48058598055184387,0.4491677352310226,0.6726213768940256,0.6624303722591429,0.5456820749075284,0.6958916491307356,0.5522175069483877,0.3225272951012821,0.2549969725772424,0.31052106418510855,0.5411811222528529,0.5042933608981772,0.5157295021055239,0.38866058258859904,0.358324223039388,0.39150989620440235,0.3177136618035197,0.3318032551384814,0.4570688253100525,0.44991553925522365,0.4306101344364012,0.4743905726499018,0.4456993996918559,0.3900203424175024,0.3761814359950529
156,0.6788949607965958,0.7934305721743433,1.0,0.7487303114905619,0.7922745742546305,0.7311018585285293,0.4894314766657843,0.4573548884652882,0.6772711601448026,0.6662257775969002,0.551345965611482,0.7009138631569088,0.5613504931114421,0.32798155085515124,0.25889213788558957,0.3150035277893589,0.5471954985915689,0.511617307623441,0.5219034461687649,0.3974808725893139,0.3659885047834633,0.3998788816398815,0.32586783560007715,0.33912298532842194,0.4682456208305152,0.46067168707367334,0.4413495995236972,0.4804419403062644,0.45252952237250166,0.3974949476554339,0.38366083438919774
157,0.6777771446248025,0.7959494856793239,1.0,0.7526520613081544,0.790913840600361,0.7347388114032571,0.4974770484603871,0.4674506215120653,0.6785366469852369,0.6726953219681667,0.5561106751047806,0.7019424515019433,0.5719531086312131,0.3339918808115979,0.26263500895853836,0.3181146075314831,0.5534380702005112,0.5198893526945304,0.5333181736657358,0.404061507402096,0.3735100555827214,0.4050896812441767,0.3344883414485208,0.3483537196375861,0.47997590305881266,0.4690623204245586,0.4482197075733758,0.4887899353050993,0.45921201040210247,0.4047509667947624,0.3899322321248765
158,0.6738163916772432,0.7928238174322679,1.0,0.7569560859271037,0.7920352982129375,0.7378011547159323,0.5052573597268365,0.4754563266989791,0.6770531018251941,0.677956985086409,0.5639882437395982,0.7083584346483053,0.5866502814397123,0.34383757899281703,0.2696389710567384,0.3246933279958783,0.5623138448107636,0.5291981937081842,0.5413475056776924,0.415487429773449,0.3833894269695869,0.4105155373519722,0.34344596674122413,0.3593125442221516,0.49459666992259177,0.48038419987606457,0.4572882028366647,0.49733447637647754,0.46817613356991683,0.4144857933710284,0.3994022610126911
159,0.677450817400942,0.7910655737704918,1.0,0.7552545193190852,0.790867686256243,0.7417389721497482,0.5116365371361925,0.4822986969947238,0.6754221181046676,0.6831013723941647,0.5644276585528016,0.7109116637912652,0.6010935589508914,0.354354035178579,0.27631043617415624,0.3314756232036009,0.5691030921115928,0.5400703329327773,0.5481227954803611,0.42368851549936226,0.39153801806418553,0.41789218199842754,0.3537258412054175,0.36906829722870205,0.5087407785549208,0.4898893154549608,0.47076960994482797,0.5058636585587897,0.47661365154535745,0.4221114203435012,0.40745135421596795
160,0.6773360830858438,0.792033662442344,1.0,0.7562970206457108,0.7885884379612461,0.7387183368188348,0.5183763813703843,0.49364052358230776,0.6742905756953623,0.6833886179093523,0.5720122391282305,0.713672844444279,0.6125951760437427,0.36443056180970784,0.2838929114838343,0.3375760754400848,0.5798264202733382,0.5506792838522228,0.5565014042661839,0.4336754996834584,0.40151305818617233,0.423658768777458,0.3634527308316895,0.38044441976106935,0.5215946482473554,0.5009323631881075,0.47813081130128277,0.5151519220904093,0.4877519103866546,0.4313921294765654,0.41682730024752424
161,0.6885497449508564,0.7961096770584427,1.0,0.7674109567407875,0.7994414551057504,0.7510573972571756,0.5355057895132939,0.5081449175561422,0.6843446660300755,0.6976832138054684,0.584461758700805,0.7290704567576864,0.6417052361029248,0.38466186955908954,0.29688461590042453,0.352505931539157,0.5974558736213318,0.5674509480016063,0.5770407099330384,0.451616413018347,0.4177994002558349,0.4367036584857976,0.3797828842653044,0.3973855479120086,0.5461602986891232,0.5231708085624855,0.4996802323394202,0.5334797102807493,0.5031974541597212,0.4489410555869768,0.4344941739887078
162,0.6910371236815581,0.7955673531797314,1.0,0.7726876962334486,0.7989718646353393,0.7512193513160932,0.5431497231274673,0.5168062036609868,0.6777094194538019,0.7002978813530373,0.5882634833637029,0.7338605170648587,0.6586335188207626,0.39600787375716917,0.3078869744920641,0.3605123118750418,0.6083476764199656,0.5780260928164396,0.5849683833264849,0.460638104247512,0.42650430455171495,0.44436761377923056,0.3905524861878453,0.4093437752094632,0.5632607417420883,0.5338804061638145,0.5109199255306688,0.5433195869731151,0.5133559542739805,0.4591226097745607,0.4432089903964647
163,0.6924499907998843,0.7886940738384387,1.0,0.7698908782710033,0.7978186553801074,0.7545021015774361,0.5498695402598758,0.5237269223218213,0.6781470123534655,0.7042607940114958,0.5960752479840249,0.7357420156684216,0.6746992966246306,0.40716361275763735,0.31491122421228485,0.36677747224059315,0.615552452944819,0.5887350227260664,0.5945348932340669,0.472722500992582,0.43559491944068374,0.4484141675922498,0.40030125688322593,0.4199381081334202,0.5753069770743133,0.5411353563780344,0.5201000994577946,0.5496544169426985,0.5222771295736391,0.46919047205580156,0.4514215699924814
164,0.701025672462356,0.7966488230549241,1.0,0.7799483092827914,0.8017875066422625,0.7597451641327608,0.564604814568435,0.5362889391856369,0.6806805615165081,0.7133692297590124,0.603655639736954,0.749229315659892,0.7011025817256034,0.42776143732945887,0.33019918817180605,0.38075861525116317,0.6351412184955012,0.6063222400196454,0.6096447540831816,0.4888660893277804,0.4506636190729037,0.46003650175945254,0.418180068516879,0.43819476936480534,0.597983767761751,0.5616000372197855,0.5374563102473341,0.5663517053526046,0.5398358712908924,0.4855385151698663,0.4698552880831077
165,0.7012245103850082,0.7968301621819146,1.0,0.7770022427634199,0.7969186671443927,0.7604466538569368,0.569288811306943,0.5432430452091933,0.67911186018393,0.7187079929686692,0.6057700949698912,0.7522575844691717,0.724502193832513,0.4429115630544609,0.34176765884082955,0.39014002732839503,0.6485436779966934,0.6224620301519913,0.6200949574420037,0.4997112988854115,0.4606475824389759,0.46563722083120496,0.4299158994659394,0.4512770153469083,0.6170329045377246,0.5738301264686305,0.5478891905073924,0.577135651009637,0.5500421644586998,0.49535755408020776,0.47961703091138447
166,0.7051609511157846,0.7961908508762378,1.0,0.7731234032683327,0.797347592077954,0.7593137895339839,0.5792064027475392,0.5515574925355701,0.6784946687181574,0.7252046879049365,0.6142435164358689,0.7541021785129686,0.7444232790331057,0.4570378898932727,0.3536725226680148,0.40097935326595563,0.6635809517117813,0.6404220091205506,0.636488979621637,0.5152498141652667,0.47185369458640825,0.477506857280093,0.4438035267442817,0.466636197440585,0.6362067078151182,0.5858534164573059,0.5617481300837187,0.5894168034055124,0.5620197421764002,0.5094592802540756,0.49429190136928947
167,0.7099755300781299,0.8002492115883388,1.0,0.7814394793866934,0.795443712664433,0.7640728808801316,0.5867880800650869,0.5596619977577487,0.673981357561036,0.7261132336734726,0.6204817151774205,0.7590149457874923,0.7700328716926227,0.47750346172883856,0.36895231240690746,0.4123135741465438,0.6800071381833324,0.6533108164099223,0.6497239201911955,0.5294368284549833,0.4864013887943359,0.48583498372276857,0.46018155103355274,0.48481198670876546,0.6558652422861995,0.6001249429094899,0.5772412939908149,0.6002746279001993,0.575665787929832,0.5262271160069417,0.5104486675716224
168,0.7098678356735172,0.7980773922802908,1.0,0.7781822136576977,0.7892686760609988,0.7624683234488063,0.5946840229801469,0.5674316019032514,0.6734887168506012,0.7269096577362528,0.6252747882935408,0.7592019708680241,0.7943148743673268,0.49298534199149113,0.3806662698795341,0.42456494933293776,0.690615150281259,0.6648933853315174,0.6623372866647382,0.5392427004290956,0.4964635886227727,0.49259186751199907,0.4728655275103363,0.49909649518603044,0.6761218005504175,0.6158816061284215,0.5915284100009817,0.6141108440973265,0.5894346092360288,0.5398746100722206,0.5210495175678136
169,0.718013425368881,0.798902914639431,1.0,0.778173944077638,0.7877982518308528,0.7604597038149917,0.6029423495190033,0.5769228812179436,0.6700301680962779,0.735663096972194,0.6313405368383833,0.7633935484739738,0.8157382592585931,0.5068428240311308,0.39433545894190253,0.4350903516211103,0.6999743794739458,0.6760770400405474,0.6665912170802186,0.5478862588097717,0.5057113674275876,0.4990064454513246,0.4857579853606185,0.5107228763704832,0.6909461534711389,0.6255703605616707,0.6007348811580074,0.6220097924924225,0.6022345804916396,0.5533747211932198,0.5359813746809114
170,0.7201876157920831,0.799063408137637,1.0,0.7795603635156796,0.783477279662761,0.762110872949306,0.609523336287119,0.5829034557406478,0.6691821840752594,0.7345878219673025,0.6345973661671467,0.7636449157319887,0.835005502463818,0.5188630029468302,0.40408998404122926,0.44169052177165913,0.7074727485949746,0.6830733629911955,0.6752376962197968,0.553837895597601,0.5113325567554173,0.5009926915213934,0.4957786579724984,0.5208421300937666,0.7058849857415056,0.6346630334178409,0.6105565295298562,0.6309037034497144,0.6116305031315876,0.5641423961449921,0.5485255757334857
171,0.7294137094624911,0.8062880135441023,1.0,0.7892786741622253,0.7862277866059643,0.7603138098855037,0.6175066116032923,0.5941310954665612,0.6693962848297214,0.7413712702559988,0.6401666331110769,0.7728008692513073,0.857087926680858,0.534258625503767,0.4169631682374018,0.4536908611344842,0.7197426149943743,0.6922224819032556,0.6819758896297652,0.5643104901748406,0.5206198847588387,0.5070066173608407,0.5070517991820195,0.5342916308355327,0.7213153584141504,0.6500282601375728,0.6224109988111105,0.639169314906511,0.624261952401163,0.5764872445714774,0.5585536479134483
172,0.7381407709992899,0.8074456057774394,1.0,0.7928954980401635,0.7852187863444113,0.7590254306215771,0.6247615930493774,0.600935863312441,0.6721652586728472,0.7451479308839656,0.6416875496607787,0.7747052052125917,0.8706322847084873,0.5383854053153164,0.4225693102782071,0.4561556342464861,0.720059669758749,0.6955903837171167,0.6830767128724466,0.5668633845555759,0.521783536358079,0.5072264912564649,0.5132697285920668,0.5380019114334983,0.7266256012734886,0.6491146174677564,0.6282516201999893,0.6463810321261898,0.6324392704929143,0.5837869848807531,0.5671788139576344
173,0.7441107313938544,0.8084372954640116,1.0,0.794349212288456,0.7829482677812695,0.7597304077805984,0.6326967136266833,0.6095425806181473,0.6721091979988721,0.7482359074521437,0.6449747773635541,0.7769340149513756,0.8849534081928632,0.5511227812090991,0.43409536751659783,0.46442675587418275,0.7272626707061624,0.7014072679591001,0.6891243042922547,0.5736841068196469,0.5281950405340964,0.5107742200657631,0.5239609631690173,0.5511078781847779,0.7411179880288297,0.6572445797469743,0.6367411082506436,0.6513525433695971,0.6405736790326788,0.5957218563565626,0.5779923710667745
174,0.7477701287039809,0.8129278401672517,1.0,0.7958967497351842,0.7796193648799934,0.7562241762898612,0.6371649818125014,0.6132114257662689,0.6696217078261685,0.7460534911065902,0.6479876020464405,0.7749730513613909,0.9004870444377363,0.5571184068951291,0.44289620755829157,0.4696174008256792,0.7299688091220535,0.7069326542161857,0.6928727678648811,0.5775214406250723,0.5332365739715538,0.5141394523261348,0.5320087947657303,0.5562021166759894,0.74653279695805,0.662033693945557,0.642374804344123,0.6592733821967423,0.648875383096982,0.6017987961856126,0.586302286081393
175,0.7540619825650409,0.8146313373465437,1.0,0.8024015447121767,0.7771903028980651,0.7584372623574145,0.6484224145217182,0.6264277392022561,0.670977963610187,0.7494523826520836,0.6544043830582986,0.7813764547808476,0.9197926801713524,0.5721017610279355,0.45649885342621876,0.47989077480121733,0.7397521908597664,0.7176408791477634,0.6999771901812504,0.5902200575812899,0.542592663115918,0.5224217947912083,0.5442552367127877,0.5718983668975641,0.767584062555317,0.6760927628189485,0.654638481659069,0.669619717742477,0.6613518209066073,0.6155975619165188,0.6012231291368771
176,0.7602179305940128,0.817786119152252,1.0,0.8055860480855735,0.7771328476452088,0.7604044936817339,0.6597338866939967,0.6418655425711711,0.6721112794380939,0.7566113572322802,0.6602605080956392,0.7860355553765931,0.949519908943216,0.5927230438967513,0.47086633926073157,0.49161864850707176,0.7454214971971468,0.7290245961025672,0.7099866882951561,0.6004774091938183,0.555510339980023,0.5325723390207836,0.5591141611626348,0.5866947178600946,0.785425166372949,0.6879261919277707,0.6699200384364598,0.6791756981967093,0.6749254051288079,0.6329516972591591,0.6155165618250327
177,0.7627682352755956,0.8219314615319365,1.0,0.8088778512845128,0.7721531596143119,0.7620753522428323,0.6665073152612789,0.6453766792548338,0.6746985015597148,0.7606575265039859,0.6665806762288033,0.7880087829870288,0.9727785641859671,0.6045212367738072,0.4842816802858785,0.5024930834113367,0.7638023994576785,0.739257976410272,0.7221052631578947,0.612362586145334,0.566353965749021,0.53644486765691,0.5741682789024748,0.6015974718595367,0.8010739131692839,0.7006681466162423,0.6801041589898543,0.6903055517956244,0.6908223065077282,0.6459747203370622,0.6306727023623174
178,0.76409781964403,0.8190572274932383,1.0,0.8077761735603325,0.7679052993407018,0.756463021998065,0.6712157193871269,0.6511498528980115,0.671317278459633,0.7641712729311864,0.6682393406678085,0.7928018151294027,0.9895794431304203,0.6195238852934395,0.49506062957186936,0.5084726338457602,0.7683073180946858,0.7470027173274654,0.7253251517881922,0.6205717705761618,0.5732920654476614,0.5410411148481944,0.5861372936969265,0.614072130936479,0.8148035840885601,0.7084325091068425,0.691944726534165,0.699176891390709,0.7011425820369492,0.659136136869308,0.6394775123851151
179,0.7617869827905679,0.8090550484681243,0.9834488171199114,0.7963904511500758,0.7571117603727828,0.7502563051055977,0.669790770469897,0.6511510371435486,0.6610898316108983,0.7545418926442992,0.6657956795155467,0.7797316649050428,1.0,0.6265239308512096,0.5015599212637282,0.5132010053634344,0.7647164550930241,0.7455904407929056,0.7223430843398231,0.6220461732005033,0.5737681782115494,0.542572436905009,0.5914529472428497,0.6196863462385259,0.8219812015886994,0.7088063228855914,0.6916876498120968,0.7030940751017459,0.7061089325964122,0.6616708318715936,0.6427439669195015
180,0.7523475136768188,0.7964749932893845,0.9641206954472109,0.784954288045842,0.7418585237072162,0.7316579806330008,0.6644324849515337,0.6466108205537334,0.648486262830557,0.7404277636092185,0.6553048451817692,0.7660190776231732,1.0,0.6247292373682765,0.5023976858242386,0.5116689610021423,0.7575499253553734,0.7342479312499738,0.7129429779193172,0.6156881501853402,0.5683149160509537,0.5342818601868976,0.5887500336301756,0.6183739716785527,0.815580567616421,0.7058942122368007,0.6877470045177765,0.696164980594261,0.6992654489389152,0.6625139548525043,0.6435374599778707
181,0.7450209608804013,0.7867223253226628,0.9450377907303213,0.7715950613661475,0.7256382286110955,0.719468194254446,0.6589842985238263,0.64059104075395,0.635650482503352,0.7321601809757902,0.6473473061492955,0.7580103231153108,1.0,0.624967043087218,0.5046568112986897,0.5100186675717611,0.7498006299647594,0.7275014372971034,0.7050400700440289,0.6121262820979123,0.5672520138865482,0.528527642041529,0.5900369171870015,0.6173717186835116,0.8171471853484691,0.7011657070484031,0.6873317895751397,0.6911253197981216,0.6981755125407585,0.6614161469202322,0.6449632485379893
182,0.7326836043859004,0.7711891483676078,0.9224208313790887,0.7580406469633739,0.7100677961568805,0.7053549289787822,0.656421519342025,0.637786007406666,0.6235902936260329,0.7195029967435538,0.6367535374530339,0.7426055500911342,1.0,0.6219517908594719,0.5057093606849328,0.5083754312174293,0.736640833086712,0.7172838283233975,0.6932909155793853,0.6049856256907074,0.5614103716234076,0.5240057892832473,0.5908032250647164,0.6175731730955611,0.8162645200629224,0.6969549809686311,0.6842853583732098,0.6872759276756015,0.6958103657631057,0.6627021765175719,0.6414197133193751
183,0.7225812293292921,0.7533188258908166,0.905477955008271,0.745283760801392,0.6931935593003374,0.6877259346949514,0.6484245368548898,0.6330844836368799,0.6103746583310857,0.7062212679146154,0.6256886185538082,0.7333878285432366,1.0,0.6226311272446545,0.5056711878312083,0.5060272729093106,0.72805277992519,0.7050161345819422,0.6813351247635268,0.6017366526575627,0.5559201601490031,0.5177883564637744,0.5885286879837288,0.6145979424902516,0.8110630877365657,0.6897751776469625,0.6789918901611668,0.6814208608036384,0.6934091262473361,0.6582860467236566,0.6412126901964764
184,0.7230065521078007,0.7573175595530992,0.89289094895236,0.7441507743830129,0.6877428337582434,0.6844492713594892,0.6505016350410429,0.6361713977409192,0.6069348565166315,0.7050138389283751,0.6243647885760161,0.7281193197380543,1.0,0.6232044669877669,0.5099151129618392,0.5097995460235217,0.7257267939662575,0.7077713986968602,0.6779527413012835,0.6017788716800501,0.559186748715909,0.5184586307529192,0.5946638467482817,0.6195864056275956,0.8135568699677826,0.6901744199768699,0.6804009530546145,0.6819750736967797,0.6950664118581059,0.6625310398578964,0.6450118670537062
185,0.7058745361804781,0.7345846785560419,0.8712959983849702,0.7287357534824821,0.672994927320836,0.669416520449412,0.6448585476091534,0.6303082856034502,0.5916726286612716,0.6904671439427269,0.6172651902835817,0.7123184518897507,1.0,0.6179363048205385,0.5118616554060315,0.5076267137133826,0.7141305921528883,0.6958418774782219,0.6717314436073404,0.5959670494215525,0.5556024893694912,0.5114635835410271,0.5902767389678385,0.6173507245858552,0.8106902401371205,0.6857157042847922,0.6753347090060927,0.6785331774277544,0.6886115584629269,0.660377358490566,0.6440346009466297
186,0.6996841560417041,0.7321513446594966,0.8531133478874056,0.7183978481795208,0.6589893844577318,0.6595537056767602,0.6403731812249238,0.6286164402412463,0.5848431871159144,0.6778660171520969,0.6072304399044742,0.703784180076608,1.0,0.6201414668170903,0.5096820114268126,0.5055121175002576,0.7055007908485246,0.6890751057222665,0.6612392808297811,0.5937183474807955,0.5518393394957073,0.508934025363335,0.5898691791862215,0.6173756617701887,0.8076451760402378,0.6815768352163981,0.6719622612797687,0.6725114730130366,0.6892866434257766,0.6601321520047041,0.6418998149027513
187,0.6939028906267019,0.7155532593557662,0.843444473128529,0.7119907466906568,0.64269465698909,0.6485369490973314,0.6353654523151796,0.6295143520577047,0.573042449754224,0.6747689782084889,0.6034286796741807,0.6957290904524259,1.0,0.6159245151685068,0.5106809346318785,0.5042342698852395,0.7010111902115908,0.6813357217335508,0.6554223312706716,0.5898473303644999,0.5479770178215096,0.5035408301982233,0.592849698503685,0.616816005654066,0.8067416299447906,0.6765855316256744,0.6723797663398521,0.6669493166674518,0.6872188723613104,0.6597389417874359,0.6432040060171023
188,0.6823261040185654,0.6993414123175573,0.8212666761813499,0.6975611164025746,0.6294214772721354,0.6324653913589616,0.630860710724559,0.6189788350031757,0.5624560733917625,0.6589345111510988,0.593608158292889,0.6838706756534977,1.0,0.6150346091205212,0.5120250161011491,0.5014669449781515,0.6883426846287488,0.6724465095573301,0.641919564836309,0.5851657796996741,0.5476488289464143,0.5010510952536933,0.5912700548496161,0.6142780166936083,0.8074327484598629,0.672218328271197,0.6684071662859323,0.6670935759355662,0.6828929225344154,0.6566679165104362,0.6400156770527141
189,0.6642808124003925,0.6854808502668789,0.7973422831584895,0.6836044428102,0.6166855337633276,0.6231756825062384,0.6280208260722693,0.6194873747791776,0.5510343302611584,0.6497071092571226,0.588438620994564,0.6725930009532669,1.0,0.6162993833007093,0.5149077224728091,0.5024365970005834,0.6783230148204347,0.6622937471019984,0.6374372761807316,0.5823501041651129,0.5470297838951188,0.49801642139458546,0.5924120036215207,0.6171209382952827,0.8031598653217125,0.6732812140722005,0.6657534090844498,0.662484798778246,0.6815597595535564,0.6593409067879621,0.6426486403441389
190,0.6578387726247649,0.676794816310829,0.7883122247659855,0.6760349434120861,0.6065635588883322,0.6170036714340512,0.6220794360252153,0.6172133663691977,0.5443860505818704,0.6413809995784773,0.5809239309889385,0.6601219440698833,1.0,0.6130029779890136,0.5150187305319105,0.4979876517001026,0.6688943938502848,0.6553157064619575,0.6273407509346289,0.5828484760642704,0.5453854127311653,0.4959084262635872,0.5927218554899297,0.6171321772301757,0.8013051801561377,0.6688506866891603,0.66506597677523,0.6593179449343592,0.6828074686330752,0.6623703607838062,0.6456731293043633
191,0.6571459884680253,0.6718687749003984,0.7753018842172561,0.6759673318051432,0.6030193148993469,0.6103511262165571,0.6285393153732369,0.6226074415921546,0.53716865251192,0.6386406939727097,0.5814607498235614,0.6584047582736008,1.0,0.6196975264693048,0.5184034198707942,0.5025118843089874,0.6650747777004086,0.6539130329413333,0.6250557418443167,0.5822575163328172,0.5475627574730605,0.49491688639229625,0.5962104681673802,0.6219437001181318,0.8070302685888616,0.6704997266537448,0.6693105287310702,0.661426925528264,0.6896421725239616,0.6638230608843265,0.6465718136887824
192,0.647650815912666,0.6613210164046524,0.7588100754250524,0.66262903090278,0.5909043748919246,0.5986545514003411,0.6198515007134737,0.6173728711487968,0.529705374766191,0.6292606573980296,0.5721110112785941,0.6484332502624954,1.0,0.609517694063927,0.5140244085881327,0.49516982881873334,0.6532219524783515,0.6394500963703615,0.6158189714725087,0.5733781523885163,0.5394187814721466,0.489098386465778,0.5930888453060729,0.6153495240038896,0.8013006401588282,0.6603242491191683,0.6622095614596051,0.65581279307058,0.6819079800714395,0.6599671677342518,0.6431488672936128
193,0.6424460290333353,0.6510746730193699,0.7482155385413172,0.6581586449773604,0.5780719739819005,0.5933884497450815,0.6207727787514314,0.6172462819899847,0.5236318806237792,0.6229998476074368,0.5695486103048738,0.6422273569282531,1.0,0.6109696180933937,0.5124943848395892,0.4961843642377073,0.6494886307218747,0.6335886242702898,0.6100123724672192,0.5725397973950795,0.5387145304401301,0.48639202855443187,0.5899134805586786,0.6149829824308485,0.8008864727201489,0.6590915197764402,0.6613572940399315,0.6502936147085725,0.6854430247099014,0.6602357912870275,0.6435247433837274
194,0.6387383180732349,0.6468806327144629,0.7390497517891539,0.6544926290096662,0.5764338017503038,0.5862837904989068,0.6181690768102274,0.6117149171413943,0.5168633463844701,0.6190732299216214,0.5648804251550045,0.6372075125231222,1.0,0.6085793131907101,0.5177280456365532,0.4968050613722972,0.6427968237104836,0.6257964422815544,0.6071270060785385,0.5718968504986609,0.5396935216421751,0.48601234764967277,0.5950398113766604,0.6146707737192052,0.7998423822315626,0.6585384572449208,0.6618772132814418,0.6520600751630374,0.6821200667760329,0.6646784597616968,0.6458625573932024
195,0.6247766979576916,0.6316075724296621,0.714617059547477,0.6421522756273926,0.5648982544542909,0.574842775278118,0.6123632725355255,0.606768216711547,0.5077437906738191,0.6080757224851475,0.5539404242828226,0.627225326658219,1.0,0.6057051916441544,0.5126867065502233,0.49359990845335205,0.6339592533751391,0.6173169318840086,0.5967783377804131,0.5666510274936661,0.5373490259355053,0.4816270105011299,0.5926900125628141,0.6119785156909773,0.794181856440201,0.6547260229416484,0.6574632553075667,0.6478704001716554,0.6797082526675972,0.6590130300979986,0.6463217980734927
196,0.6176443503084998,0.6189113985150272,0.7051264425448635,0.6299518094921573,0.5549219401360718,0.5684454151318578,0.609569551934115,0.6048084459951583,0.500206528598474,0.600079835373953,0.5526707783193778,0.6177231152895167,1.0,0.6020563174103382,0.5140827216178768,0.493997201149002,0.6256036047671323,0.6129333858223435,0.5929988982140185,0.5654299851494459,0.5356436373465702,0.4825767387285668,0.593273274090606,0.6077340749569593,0.7893874373042171,0.6504024407528141,0.6560350924713707,0.6458927499944441,0.6770696630609503,0.6604678291696335,0.6468894906703269
197,0.6173979132539367,0.6143335438112161,0.6933984154871217,0.6286467764111888,0.5457456869843134,0.5621048954337501,0.6141035897511175,0.6057497393721766,0.49431663771814777,0.5978549788498914,0.5484465128474043,0.6117061330720923,1.0,0.6034387012556164,0.5126993756012672,0.490367991373096,0.6162520070116517,0.6054034889694444,0.5845110271259614,0.564741694677304,0.5330008090151037,0.47906718426145406,0.5934660642470583,0.6124673347338833,0.7977251708982047,0.6516433021806853,0.65406292749658,0.6444162045594578,0.675605187087189,0.6632449228720453,0.6432025214282969
198,0.5982106244175209,0.6005433969042843,0.673813362894286,0.6203705135540538,0.5378546146833271,0.5516707920792079,0.6043612533895751,0.6038018407170217,0.48578105795951976,0.5874794069192751,0.5409733272202595,0.6058992773158741,1.0,0.5998116127295969,0.5132149573360284,0.4897723735052283,0.5982909169543723,0.5900630253645838,0.5722732589655074,0.5597725607841769,0.5306758204690663,0.471011940403649,0.5896207350142196,0.6082233525625962,0.7918578830495929,0.6431405554887579,0.6545788292881909,0.6362302751566093,0.6728358309084352,0.6551881823600983,0.6374332655395958
199,0.5997798005799618,0.5972421673538086,0.6664886055227675,0.6180223221775708,0.5329420113125134,0.5494190175857269,0.6072566844080197,0.6084555787155386,0.48086928953731967,0.5858927070157766,0.5409850969641447,0.600506140446211,1.0,0.5993522693815567,0.5130728924852425,0.4892295627316308,0.6019406899020318,0.5899004072170452,0.5697031292577127,0.5625359056961887,0.5316417418077853,0.47304726436612915,0.5934074363872076,0.6122310072733892,0.7936146420034266,0.6461895732221767,0.650635445316377,0.6402794331876572,0.6776281787363018,0.659657022009602,0.6420650730411687
200,0.5910912071654204,0.5894225631783347,0.6494249338827727,0.6151778208724168,0.5251442294029045,0.5424249985322609,0.6072878152986607,0.6093053162636946,0.47648609794934277,0.5774002031091321,0.5391567583339412,0.5956834648334556,1.0,0.5981274378105427,0.5095901933206475,0.4900645127069479,0.5917584705053481,0.5812278342651789,0.5647904758993795,0.5545859719679462,0.5340225998497197,0.47188952449052557,0.5952517093363184,0.6101301767332822,0.794123019070642,0.6432867126780912,0.6487067641457271,0.6327788574314895,0.6756339238377301,0.6629919988518532,0.6444308819041806
201,0.5859080476912497,0.5779730281977932,0.642104785253791,0.6076842430908841,0.5141712474187825,0.5362640862693947,0.6025066457637516,0.6069488194045095,0.46958629391061824,0.5700799716229725,0.5356953471811887,0.5888745471957364,1.0,0.5928288789779015,0.5135141023034246,0.4887210250597813,0.5866322670560128,0.5744236674085748,0.5584247392069998,0.5519262589366551,0.5293989938312271,0.46842603816829287,0.5931520982393746,0.6115574543158842,0.7934361851332399,0.6400590141380497,0.650797448899769,0.6309501503430677,0.6747356971107973,0.6607705173847634,0.6443691169368434
202,0.5881640141656356,0.5756859469617874,0.6385576771635306,0.6081171695782601,0.5152733960317579,0.5367076779317863,0.6106981153808667,0.6144821068773069,0.47280435185248704,0.573163024315604,0.5321453663884621,0.5867270498501771,1.0,0.5961149262251129,0.5158094040696587,0.4907718598689832,0.5862080696740831,0.5731725571725572,0.5561616422438835,0.5609186422194552,0.534265582487772,0.4732588559226021,0.5961664879078297,0.6122278577709875,0.7965514053254438,0.6469853845359567,0.6564190476190476,0.6398678005124587,0.6835325035949819,0.6702322143996265,0.6514986813872373
203,0.5809312833495961,0.5683313409988046,0.6258582644354159,0.5987587206668479,0.5083383332564114,0.5319996779906617,0.6063956689300789,0.6128003264064688,0.4613939914402809,0.5650802065875432,0.53226105236028,0.5812940907411642,1.0,0.5883112258523991,0.5118503601580048,0.4868749677676026,0.5777266846172675,0.562305892363327,0.5486372277983944,0.5545997750885379,0.5334382693627154,0.4724507960565354,0.5987912725164003,0.6121362011152485,0.7847270050110433,0.6453424216087419,0.6545013370308013,0.6429377541688557,0.682964386846076,0.6698799821595102,0.6451471191206045
204,0.5655987287721821,0.5610069649288097,0.6102836234063544,0.5957826818776885,0.5003691138127101,0.5243177853122223,0.604476195897611,0.6108277567925143,0.45418125049008773,0.5608736223106447,0.5237531546195139,0.5749959388480769,1.0,0.5888229640309046,0.5080700467297172,0.4887915426397029,0.5673716550158066,0.5554654670363202,0.5429915542412027,0.5491789854760161,0.5301905633685612,0.4644413990173638,0.5927672955974843,0.6074673684009801,0.7897392037284943,0.6386627906976744,0.6501591901710274,0.6328644933150566,0.6765168085964876,0.6660429233004735,0.6441903259726603
205,0.5643828651328333,0.5576438292260628,0.6026000213275425,0.5948268437622607,0.4987763289869609,0.5246942238053837,0.6084215883953565,0.6181138379539398,0.4513276263913394,0.5542824022470908,0.5254437869822485,0.5767945957983817,1.0,0.5841171993196576,0.5101605331407373,0.48912530294923046,0.5606970828597716,0.552464582185328,0.5395645984514427,0.551313093685975,0.5324470636606592,0.46973830377317144,0.598705501618123,0.6112695446946602,0.7917160215505712,0.6444990512924197,0.6545569420312747,0.6378132118451025,0.677352918741623,0.6657313298561652,0.6499304691502599
206,0.5589382489170589,0.5469483998825602,0.5876733800609233,0.5900407791590783,0.4925717213114754,0.515719080905253,0.6081904159482538,0.6141997568464217,0.44595140488943413,0.5503568230287028,0.5233571836179273,0.5665719417964777,1.0,0.5785479284542746,0.5069477515477243,0.48542416494308094,0.5573965160964572,0.5440581905796241,0.529507381286529,0.5508806623911878,0.5314617359674774,0.4647607316046341,0.5948273281513485,0.6110143085564348,0.7871781328403539,0.6410620382617672,0.6510670365435443,0.6288689157541617,0.6829069913967901,0.6702457781475568,0.6526637325100177
207,0.5514916262922978,0.5437951399337948,0.5827253305385359,0.581447963800905,0.4901005204007255,0.5140456929504845,0.6060812510481302,0.6140229787414785,0.44308647178269034,0.5465965913924625,0.5238198766203767,0.5668728616663562,1.0,0.5770036720683324,0.5034345861519576,0.4856958070151861,0.5519496014890469,0.538367719350514,0.5273645906483415,0.5482289810004172,0.5308308776954642,0.46689920790640216,0.5961893371549938,0.610954388411677,0.7871952298623685,0.6418581418581418,0.6517475739098092,0.6308640628409339,0.6804141907395422,0.6673937883037291,0.6505011643211501
208,0.5397281349198622,0.5279656335130398,0.5662086929873844,0.5740963231486277,0.4776221004377348,0.506918469065801,0.599971857207802,0.6081875836643332,0.4371268818561075,0.5344047974855622,0.5150149592105997,0.5546560730081854,1.0,0.5691680529028813,0.4975717914882539,0.4796971008221549,0.537337017110174,0.5283833636788271,0.5152255953598186,0.5440563009785927,0.5272123725460356,0.4603125830454425,0.5915392249981324,0.6042690970140304,0.7797237227098807,0.6324695626376385,0.6457170815810627,0.6243129392683366,0.6713621278554298,0.6595628220231083,0.6433711725514776
209,0.5405030543286871,0.5327315739465979,0.5669607387917247,0.5812898038634873,0.4798445550606934,0.5129576728467671,0.6156181726513921,0.617986121264607,0.439358078393117,0.543265903383362,0.5187790324408021,0.5620946457433967,1.0,0.5785295387304294,0.5072608266171841,0.4884872515202162,0.5392988241760399,0.5308273436896205,0.5230258148035334,0.5512062998445102,0.5392776523702032,0.46855520214208357,0.6005924274221756,0.6108751723217859,0.7945599676085259,0.6372587678604564,0.6548013442333818,0.6371405380333952,0.68382865392274,0.678441782936165,0.6515789348859823
210,0.5327343528171014,0.5198863917505369,0.5544368456602499,0.5729648372742343,0.4718552117483271,0.5066692385590973,0.6035338449519783,0.609139292464316,0.4290871667537899,0.5366526376006211,0.5133030436269481,0.5515901764996167,1.0,0.5707797781375287,0.5010204665534934,0.4843941615261911,0.5298703918503203,0.5233512651922694,0.5121520838410919,0.5456377233070212,0.5349803458318907,0.4623413655325366,0.5974864941711686,0.6032774083898899,0.7816512669434154,0.6304105216420866,0.6465006953075967,0.6280440422250648,0.67821686311468,0.6697262910977677,0.6494980465852331
211,0.5372132415985278,0.5246239776173507,0.5538391885045328,0.5740879378736242,0.46995655156643035,0.5055844756497181,0.6134247098715316,0.618974760556593,0.43001339136257116,0.5390337302628128,0.5145569810413725,0.5527666304453075,1.0,0.564667868290324,0.4987283775650857,0.4846706790181688,0.5298121145874152,0.5229898512810595,0.5136053741727813,0.549133195100575,0.5376798702318036,0.46677992895365633,0.6027381189803029,0.6092493774457488,0.7954728432526166,0.6386962034757963,0.6481965103516143,0.6359529143819084,0.6816680155497472,0.6738805382859842,0.6599190803416608
212,0.5290081964585315,0.5143810137367776,0.5387436606229459,0.5684772622875517,0.46536310223266747,0.4994199009291674,0.6105526708518852,0.6222174738244574,0.4253821762780026,0.5309600677871569,0.5096886454429389,0.5474481614597733,1.0,0.5642203403353203,0.499858634408385,0.4811582088391668,0.5192422669058183,0.5114474635809484,0.5078532957168505,0.5448811790734279,0.5317928389571046,0.46523626931318374,0.6013118736714242,0.6083542250405545,0.7892571865882241,0.6345155543022675,0.652755251394438,0.6310777389663701,0.6797154979472463,0.6680116051548478,0.6538156747761312
213,0.5261083205940161,0.5110090575483105,0.5370750195073013,0.5676968575838626,0.4651438942683645,0.498876567369718,0.6117523076727739,0.6223970443858833,0.42288517913879964,0.5301081539020124,0.5117961355838583,0.5483525863540659,1.0,0.5556824210550596,0.49732658959537573,0.4843090346186321,0.5160941332733485,0.5122586544186443,0.507483595074836,0.5471445281004781,0.5384254344303514,0.4656068805566293,0.5959823361329986,0.6094848960178111,0.7888050293872072,0.6411054781578912,0.6585612553136234,0.6330609134387974,0.6844183701009986,0.6772796918708444,0.6544286432229058
214,0.5262208749142566,0.5127312319434263,0.5348183463956012,0.5738571238975423,0.46411077067192286,0.49913946898940076,0.6143502970808576,0.6277120836192789,0.4221780385404,0.534908567444162,0.519377136180482,0.550293872639763,1.0,0.5580808673409523,0.49673113877516917,0.48308889250020315,0.5124163712952888,0.5106284757262792,0.5038666892664944,0.5554348841554559,0.5459669180527337,0.46888739919951106,0.5996495120905722,0.6105256402028111,0.7954210984012309,0.6378216733046359,0.6591416178162114,0.6334976025572723,0.6884308645370464,0.6759756686848014,0.6607715925035773
215,0.5083809899428121,0.5027137703532777,0.5151535336042097,0.5648622658275615,0.45725434551259314,0.4924912176432506,0.614638798378765,0.62325731324039,0.41441023076373507,0.5248668152153013,0.5103546879296124,0.543442363770509,1.0,0.5584451531379746,0.49746998284734134,0.4819642504751716,0.5082139571559995,0.5021914872893737,0.5023654610213162,0.5508350842206474,0.5369776780031706,0.46860893713708657,0.5971048060220034,0.6111096478520821,0.7917690417690417,0.6391295365332966,0.656666572326154,0.6336747234739861,0.6836685082872929,0.6784309712130294,0.662025280337832
216,0.504038372968176,0.49175836219367847,0.5066964789845744,0.5567204734667544,0.4530081070985068,0.48459910143424917,0.6115078499781945,0.6217092501247021,0.40726117540276835,0.5203706495645215,0.5083382426247338,0.5371208312384783,1.0,0.5505724137084801,0.4923087050975401,0.48123123123123124,0.5022049112439281,0.4958504160634759,0.49516095213922334,0.5462491782522948,0.5369280107218074,0.4613170205109752,0.5930635226942294,0.6042039777547366,0.7902708795660291,0.6390372427543972,0.6593196679156564,0.6279388714733543,0.6872204864301905,0.6771501441226627,0.6570315703157031
217,0.5037431433204154,0.4921467733237462,0.49964640934391824,0.55821036266789,0.4448969642802734,0.4807396839332748,0.6126916191115587,0.6258214755128865,0.4047062519055054,0.5157169766894278,0.5092301969263677,0.5310018789017517,1.0,0.5434256720713568,0.49157791967321657,0.47587233302915743,0.4969990583056309,0.4921799510123368,0.49291099358613705,0.5481929218601391,0.5361229759996083,0.4627028054757478,0.5949745331069609,0.5978246035428665,0.7828892105874573,0.6350483480479566,0.6588208753195969,0.6308051207465115,0.6813232961085016,0.6769746704375106,0.6631795679227287
218,0.5036200675125131,0.49252660936877457,0.49993067110371603,0.5597081538401831,0.4483802101685079,0.4857418717442069,0.6148970339525034,0.6345570010119824,0.4010976276780169,0.5162267932992889,0.5111525920325126,0.5310796877301517,1.0,0.5524823781795893,0.4992787657084829,0.4816216577242469,0.4913408360493771,0.49189945086803777,0.49243131274043384,0.5544719406389769,0.544514082911727,0.4617946227492502,0.6001414839166077,0.6089085919358244,0.7986930276347123,0.6398686720795066,0.6670469612407881,0.6275345922896179,0.684469475249561,0.682278361245151,0.6626234780611073
219,0.4952825704643757,0.4828604858609145,0.49163717857985373,0.552967085450469,0.44154069428701576,0.4800078310339268,0.6137501472493816,0.6226341813184351,0.39581968225026826,0.5133254513657972,0.5054938391384496,0.5255917178416958,1.0,0.5399093264248704,0.4895526244699968,0.4763978420884195,0.4831683397862426,0.4828157397861669,0.48473606475397446,0.5477423254835997,0.5401262164858947,0.458577212515953,0.5914799415345755,0.606401396668364,0.7897269747437428,0.6303650827258703,0.6530615442466784,0.6240698318585396,0.6815743859763875,0.6757400862488246,0.6509909881768629
220,0.4938330113132344,0.48199587257157767,0.489490863977452,0.5570038377192983,0.44365720524017466,0.48153897196483164,0.6185540334855404,0.6352424422421609,0.399384790769896,0.5141183614604155,0.508171712245689,0.5263641897755384,1.0,0.5432658244769735,0.49153341880548634,0.48231049502130335,0.4856535092436573,0.48401081428724557,0.48950265595451753,0.5518604019554589,0.5436582788190124,0.46730293796354855,0.5987417862509945,0.6082498914881834,0.7943200031273211,0.6421077579396429,0.665362323586234,0.6322676001555815,0.6836288396191501,0.6718411612028633,0.6642095972803347
221,0.4816398141741623,0.46657091561938957,0.4749037571268457,0.5406657420249653,0.4307926930345125,0.4694364161849711,0.6067520662443383,0.6232732156561781,0.3895551025302794,0.4991293213828425,0.4995130702203998,0.5142676217991847,1.0,0.5302014335650068,0.4812592592592593,0.47170861568247824,0.46859560759234997,0.47363433125972004,0.4761741892139498,0.5396627626879309,0.5343000863498677,0.4589411224525836,0.5868485231686388,0.5989398478912191,0.78507270310549,0.6296051037712994,0.6525057748317766,0.6188404876809753,0.67255568399441,0.6722425329378492,0.6570812122846644
222,0.48754538439156453,0.4738595844091971,0.47178865670180076,0.5526730912636952,0.43330972217537467,0.47230903096927584,0.6179686998909627,0.638496330290429,0.3906916861814827,0.5050519611569056,0.5034618801275017,0.5178372277387366,1.0,0.5340474474807383,0.48660353535353534,0.47510386232232454,0.4759135084404599,0.4745597832779214,0.4787275008384781,0.5520318565310186,0.5442746582307084,0.4622701483764949,0.5967821858837375,0.6058352852404383,0.7956192324366729,0.6356633898528733,0.6630821906023641,0.6318283166109253,0.6850890603334874,0.6776802827551038,0.6652339771805361
223,0.48578609255388716,0.46870553885362926,0.4703348272480105,0.5531949068395537,0.43289721761983657,0.4772732999067752,0.6200389518993142,0.638041665964936,0.3923101616460769,0.5085712751533701,0.5104556846048128,0.5224508370797363,1.0,0.5383227236557917,0.48621627865191613,0.479429518735526,0.4734973941083101,0.4756016420402476,0.48170941040344833,0.5566084861307005,0.5475106582845581,0.4650292139244857,0.6005865567533291,0.6095147692901731,0.8017480371616617,0.6403495427885671,0.6705547099012354,0.6341328691227424,0.6873061083797464,0.6878926535207176,0.6655598889708724
224,0.4779732233734374,0.46554989260158364,0.4641164694255087,0.5508368798592418,0.4251868876816641,0.46979530063615843,0.617106947907541,0.6397519867260502,0.38677761000179506,0.5063450373237489,0.5052415239041077,0.5138892785992873,1.0,0.5288469868037308,0.4823921403360902,0.4775307998174826,0.4668255505709625,0.46984350949204723,0.4731206406613278,0.5474777669830356,0.5417048714839244,0.46085227916105737,0.5926159620767202,0.6024506578947368,0.7937288723238277,0.6410395519775989,0.6604460792268441,0.6304692072016248,0.6816853702566393,0.6836957536164255,0.6600890234452433
225,0.4757181126170331,0.4662031321073494,0.45829926410466065,0.5487448562818376,0.42586129116508775,0.47434676822172855,0.6161456544142906,0.6380080035571365,0.38419192460104956,0.5007957559681697,0.5035656128923578,0.5103065651895583,1.0,0.5294760147601476,0.4801884771899764,0.47322665329868213,0.468602630925788,0.4688292338656978,0.47343275702784743,0.5480992543698814,0.5405666063893912,0.46150085553654363,0.5926513349193762,0.5999163809683083,0.7965714031932138,0.6337921164684889,0.6599576855855027,0.6323285739467653,0.6841753924205146,0.6814201318313926,0.6645054924698516
226,0.4774087818620148,0.46389418964269263,0.45438607798904285,0.5515412298544828,0.4247328023520623,0.4676980641394775,0.6223010786858041,0.643312101910828,0.3840220505725087,0.4980571686942761,0.5014581821803025,0.5124592928588044,1.0,0.5253987181398122,0.4825721482941788,0.4781405569647726,0.4654562260662881,0.46593612858880135,0.46936710209190535,0.5520595144870791,0.5466062927411727,0.4630592995454665,0.5953820687791366,0.6033101701297368,0.7929320196157826,0.6412640081501965,0.6665721147482082,0.6308658767942156,0.6859783983652817,0.6878658964951995,0.6666729710816485
227,0.47082786526684167,0.46279326005750987,0.4467359300621295,0.551010286847873,0.4197121653404175,0.46579751697276245,0.6234184661610586,0.6450779142942763,0.379655860404105,0.4976448490102586,0.5022163896179644,0.5097081631444977,1.0,0.5181897511509644,0.4783478236715647,0.47530463822916524,0.46591723820732384,0.46389031058912267,0.4693713460254296,0.5524686407237497,0.5442621914604469,0.46633359058721585,0.5944322673063979,0.6000243898189928,0.8027689725899683,0.6387966689541332,0.6671832322801852,0.6299175155915651,0.6863280393758843,0.6886884885325228,0.6724982915161574
228,0.4654816608425281,0.4589776981930653,0.4403118127041553,0.5498244929797191,0.4183855171390414,0.46648926636242055,0.6215486359878755,0.6468721321505048,0.3756745353201128,0.49182329597488117,0.50375201000536,0.5057928333308418,1.0,0.5191891601577485,0.4826533523537803,0.47619985925404645,0.45855470020600675,0.4631875804287709,0.4679409161318876,0.5589624979349083,0.5488612030367919,0.4648740742776274,0.5904608994607424,0.6007564054759496,0.7940389579910819,0.6421088590298337,0.6630477384965118,0.6267528666432025,0.6855510303325025,0.6881025015253203,0.6708170589051689
229,0.46100580056062834,0.4544907312401669,0.4349038448950738,0.5424810986462875,0.41355143095442604,0.46114018406185364,0.6200955687460336,0.6446799014185636,0.37369794596053907,0.495850622406639,0.5029446050898521,0.5012977214425833,1.0,0.5136447268735408,0.47536667382127784,0.4752374685282673,0.45683443344334435,0.4556501940775487,0.46476587529204383,0.5522566702684731,0.5462991892914111,0.46250121817093376,0.5902807391613362,0.6012959510579376,0.798255520580532,0.6355410162228344,0.6718914327319796,0.6223025625655627,0.6874495602690119,0.6947674418604651,0.6631599960075856
230,0.46330294738931344,0.45251876263535407,0.4291022728764821,0.5428571428571428,0.4105785539292669,0.4606904718271142,0.6232597169775337,0.6433324146619945,0.36825024790408367,0.4895513444685791,0.5000459038467424,0.501573171667562,1.0,0.5153436149746112,0.4792843000659969,0.4770942217291016,0.453429162099538,0.4576069453196107,0.4645608847695676,0.5550554545917761,0.5479176446918382,0.46615125666847346,0.6012326372918775,0.6074914025467051,0.8024949045993665,0.64372525459452,0.6708819182131713,0.6295026389798513,0.6873054597459409,0.6972179552824714,0.6717921309049049
231,0.44686226915925,0.4405463272645853,0.4199930625967234,0.5334768094084154,0.4003586326177638,0.45132756050005735,0.6161509404419392,0.6384950816347227,0.35905244188964164,0.48020073827755577,0.49423049751165676,0.4921597748768858,1.0,0.5101524899123304,0.47280837451001007,0.4689697294720534,0.44658968393576576,0.4471415382430225,0.4568223702349339,0.5467919547017751,0.5428507380328321,0.4602350808455893,0.587058275058275,0.5976799817739976,0.7906421880101464,0.6285012677434167,0.6633723870532704,0.6228188185019586,0.6772437828069874,0.6829591061937303,0.6650259833537538
232,0.4446290937222429,0.43951001911775117,0.4179200947982171,0.5308838370879732,0.39941315762380314,0.4522220603234737,0.6160014290534506,0.640895386775699,0.35806499994231455,0.4819853397937632,0.49607595543691957,0.4941015394902329,1.0,0.5144287348129486,0.47357900358587013,0.4725047195664089,0.4483869569614401,0.45034534795983516,0.4608987495916125,0.5512513099234472,0.5507621870064418,0.45942505255055216,0.5932524132657937,0.6013912841281221,0.7979021518369026,0.6350466524799476,0.6687351863822452,0.6263951399681111,0.690379268157046,0.6850155605094136,0.6698754613541689
233,0.44630247880166635,0.44033113741036556,0.41523956128535694,0.5340734324453322,0.40204937121564976,0.4502600634882785,0.6154159537195469,0.6424394496778446,0.36086956521739133,0.48358543417366945,0.49701416421274286,0.4891126616911396,1.0,0.5063350539652746,0.4697796644430968,0.46736692294602666,0.44341381081676084,0.44503365887430585,0.4582227412676505,0.5508113035551504,0.5459934217660029,0.4660475735044581,0.5932063616728843,0.6010065845749866,0.7928410224111688,0.6337073938122706,0.665858550239129,0.619326800869173,0.6866831829442916,0.6875426698830276,0.6715419324723821
234,0.45589710572416786,0.45210625566097973,0.4223082150931358,0.5493847208689691,0.4065316367811795,0.45935670750105606,0.6323834842568746,0.6630517628100433,0.3679338763080939,0.4888967388686395,0.506377954065426,0.4995734068386165,1.0,0.5133098437210243,0.4765840220385675,0.4823751207997338,0.4542308151330708,0.45296716702122913,0.46394831474370696,0.5605301914580265,0.555164554654025,0.4687192118226601,0.6053159976938828,0.6117987461822858,0.8108223263740946,0.6427832548713294,0.6789608652023637,0.6332383586714639,0.6958747571706091,0.7037071276694092,0.6811633109619687
235,0.4537495870498844,0.44683840056784574,0.42111351125357116,0.5483929511261139,0.4053252850435949,0.4600919666240331,0.6350510697322517,0.6643142945082003,0.36605812446242747,0.48866356167928066,0.4996940682310529,0.49527134451164545,1.0,0.5074308552620531,0.4751399459085477,0.48095564009104363,0.4479645387968097,0.4505561685503832,0.46249330374225145,0.563161622185776,0.5542979785009355,0.4700547570157426,0.6025924818027719,0.6140543396533155,0.8081140350877193,0.6430106611623008,0.6805477354113646,0.639580908032596,0.7038667598416026,0.7049176503522605,0.6809157897108863
236,0.4486747357131914,0.44078026460362135,0.41240670328122797,0.5470355288228042,0.3978886156438092,0.4496598952815269,0.6308431347206066,0.6622419212591303,0.36302668931063975,0.48505175983436855,0.4973590801786654,0.491507502265785,1.0,0.49963318717690614,0.46895767610934075,0.4747199662824815,0.4444663671685284,0.4465946869185958,0.4586243618254142,0.5577139157096879,0.5564105487156102,0.46858998975934457,0.5971899343366369,0.6021259972037174,0.8027466352347797,0.6360635086118894,0.6739155448164769,0.6376701143168209,0.7026657388967537,0.6963665763066533,0.6829683528067352
237,0.4463130260211567,0.4389714146845287,0.4073317172172736,0.5410551145724127,0.3976526919742979,0.45560022069835265,0.6276276928422516,0.6615469132693936,0.35742023250061833,0.4832054304392169,0.4968795667497636,0.4883410496434727,1.0,0.4943468518550194,0.4668378884796795,0.47755250417224343,0.4423306498515412,0.4395321957599538,0.4562259266275178,0.5527166325613417,0.5516510784500859,0.4670264854645056,0.5950993513847421,0.6028200154349957,0.8026494848223956,0.6412042686308876,0.67079029824765,0.6257930407292727,0.6901072136392942,0.6989697204217858,0.676775009366804
238,0.4485225505443235,0.4410662669949684,0.4083944603358917,0.5480597468739311,0.40104572254978305,0.45674104809717625,0.6341388333076805,0.6633087237516962,0.35919790758500436,0.48530946050550267,0.5033773759447053,0.4906597706624928,1.0,0.49686444766039556,0.46878301718112514,0.4747637704540217,0.4399292208188419,0.4443075026960407,0.45972614094655123,0.5633142566947282,0.5594459855288937,0.4696074121114422,0.6028302083986539,0.6063281824871228,0.8050019538882376,0.645536753514191,0.6793075020610058,0.6372635672617996,0.7015154095011068,0.7135787806809184,0.6824097297808907
239,0.4449757764851602,0.44180326592879715,0.40260163985587427,0.5450337993547396,0.39325204378550643,0.44860507389551885,0.6355046015360846,0.6731257263477457,0.35378075839545264,0.4788425847815084,0.49819196742030614,0.48423477222317013,1.0,0.4960239089781009,0.46723079202541856,0.4764390874448119,0.43778922687727523,0.44341848293102104,0.4564476181285985,0.5609225843429453,0.5593527661167937,0.4726306849406318,0.603735454912889,0.610632987650071,0.8136054811799444,0.6465214816164746,0.6839619231232679,0.6355899939533738,0.6952038016852832,0.7051705717196313,0.6932848034785157
240,0.4433578093436368,0.4361898452656982,0.40069550097804824,0.5465973553653668,0.39609264219316215,0.45547979049313175,0.6357826006989148,0.6671974522292994,0.3558340624839158,0.4773445186681166,0.5017599883877055,0.4835038027799633,1.0,0.4901192775995605,0.46177737701633104,0.4759560772434684,0.4389523809523809,0.43889664804469275,0.45749925553386495,0.560842054027744,0.5624733041798027,0.4699784164103261,0.6042344921012957,0.6072330427526844,0.8047609347263045,0.6497192397152456,0.6847083292066951,0.636031187469813,0.6993045897079276,0.7105161737879294,0.6835405492251032
241,0.4436130498295731,0.4393768889460485,0.39748978315565964,0.5507839264842207,0.3943127551830104,0.44918318377543304,0.6387687849113048,0.6780371629164703,0.34933152687952146,0.4840772228126107,0.5012654977624532,0.47985322260652774,1.0,0.4827775030028969,0.45973086627418,0.47164699385656106,0.4326647564469914,0.44267897635244574,0.458005161376814,0.5635490123304053,0.5605554074286769,0.4765566424299489,0.6027478828510938,0.6149674864433095,0.803782019233597,0.6419796584689826,0.6855888624106359,0.6294709689306525,0.6978602798488408,0.7059719997933565,0.6913814474716046
242,0.4459272820710477,0.44714805629810944,0.3949337202025374,0.5508451039517537,0.3921283416418353,0.4510851907206446,0.6426356230327717,0.6780542599692315,0.34770902989093005,0.4838467972398411,0.5069931346771838,0.4844461503567877,1.0,0.4940395701373568,0.46412930832748306,0.4839817332496688,0.44226940413806287,0.44265718658334396,0.46300712010805223,0.5716550346900542,0.5679368390910392,0.4792454132794836,0.6099822060148063,0.6184187082405346,0.8165563887663579,0.6546967839290767,0.6916677045709304,0.6427099969909497,0.7134561525219044,0.7180130326851468,0.6953396939874289
243,0.44431219734889865,0.44024943860159294,0.39134056149924606,0.5595802788558286,0.39390873216634625,0.45033298630046437,0.6434862688611301,0.6794743928589239,0.34765580149263253,0.4809650717450008,0.5023225806451613,0.48668583572946617,1.0,0.48664238008500305,0.4597850478327625,0.478692383361439,0.43568836235151165,0.43876795259869905,0.46227311280746397,0.5743097997892519,0.5722114900050395,0.4775264163176617,0.6008775798200741,0.614010184308954,0.8147029806571198,0.6541129593624733,0.6919483025670975,0.642394097263148,0.7128544522339646,0.7178494283757442,0.6918780308223526
244,0.43655815774023093,0.43429164773833473,0.38598413842826246,0.5447736893520027,0.38453140263173013,0.44334028950942395,0.6413801365760153,0.6769682102121848,0.3426654889460681,0.4743239890845944,0.4986865882966634,0.47401321032034144,1.0,0.4715581784550339,0.4513692162417375,0.4661627947476577,0.4299251549902027,0.43325132720445425,0.4543186408459071,0.5589009061677872,0.5683589188271015,0.4703980318073983,0.5998296956930937,0.6084880998386033,0.7946563752412052,0.6420108408883772,0.6825437299199347,0.6362123876978657,0.6991407004988639,0.7062610485211472,0.6909297403334882
245,0.44078914674750286,0.4387830818698986,0.3879121840286889,0.5522465497561482,0.3886487118069755,0.45068084818101756,0.6385735883468119,0.6785668749203111,0.3466694459281648,0.47732654086245246,0.506413428234309,0.48114998643883916,1.0,0.4786659951072097,0.4509023129712785,0.47443303380402224,0.43347233987098455,0.43831329270301433,0.4585243133335631,0.5709075305728385,0.5679586783915308,0.4810369138435952,0.6002571563916898,0.6165716668983734,0.8174612927009093,0.6461560876110922,0.6952137109415822,0.6469100987018038,0.7017405063291139,0.7152264480580567,0.6949050740344188
246,0.4395637482854371,0.4450579229049522,0.3899275878442545,0.5585834537879432,0.38961539602052014,0.4542751443487882,0.647911632723507,0.6884464238931097,0.348838444178946,0.4814584096738732,0.5055308670475751,0.48335356656733985,1.0,0.4705187201203245,0.44413270911149794,0.476577377174051,0.4308716468813537,0.43737620878480715,0.4584838174997819,0.5738431638023279,0.5688987032105821,0.48289169024954975,0.6050656228413539,0.6107895776677591,0.8232456140350877,0.651235409283537,0.6944503171247357,0.647608250979619,0.7171747495974455,0.7210910487898579,0.7022447888829503
247,0.44773295492938714,0.4478388699266669,0.39468668096259235,0.566530577346472,0.39617339312406574,0.4576598977759359,0.6572271679023979,0.6990004483477068,0.3530054208121895,0.4923922938302339,0.5170503316426063,0.4860176406946253,1.0,0.47196253361112595,0.4536491852663289,0.4784806470248411,0.4378655212291426,0.4463981944654978,0.46851688173943784,0.5885592467578611,0.5809223215851307,0.4905422913196372,0.610409949332105,0.614471518327035,0.8227223343163123,0.6558285700145993,0.7106201571171944,0.6500061312078479,0.7180320762895536,0.7307618076042902,0.7155893946757385
248,0.4459278359259699,0.448644866193337,0.39471747976635585,0.5736388434260775,0.3934944015328423,0.45890506616389093,0.6554054054054054,0.7071340183999569,0.35097065342198724,0.4872203584601412,0.5126969886097675,0.49083202629023825,1.0,0.46712513771901765,0.4472175436805662,0.4754987970985656,0.4375114425045354,0.44011184034288775,0.4687410841654779,0.5817767351274787,0.5802613571144761,0.49268109830381407,0.61159582140946,0.6113255813953489,0.8249231155463503,0.6562726251404319,0.7088884094709024,0.65814576500338,0.7244591428965137,0.7306003335186214,0.7174399563318777
249,0.4453149054086415,0.4510004330879169,0.3899465272680976,0.5740303838775825,0.39003415832684124,0.458215995494227,0.6687215843415273,0.7061599804703393,0.3504421919799701,0.48623510515109636,0.5141299840037917,0.48157602663706994,1.0,0.46153846153846156,0.4412617163002763,0.47649029046250707,0.43159814323607426,0.4340736294517807,0.45974535115757503,0.5781093864499367,0.5784047989335703,0.48797585799703846,0.6052729470845345,0.6210845241787342,0.8160616889223247,0.6535130657429024,0.7034505120376124,0.655223617647799,0.716795154185022,0.7241926061921055,0.7029756440028082
250,0.4453194549065261,0.4482354562999724,0.39088163253039204,0.577556729872552,0.3933702325862747,0.4606584376715604,0.6617145764436531,0.7165050683120318,0.34841077432057754,0.48972983149769367,0.5153136019652126,0.48377317785340995,1.0,0.4641353222468061,0.4419600380589914,0.4776261912194047,0.4374926417410902,0.4413451423529811,0.46489017568316265,0.5803400116014458,0.5789579113712747,0.4904870552297626,0.607799612122345,0.6189207195203198,0.8259088744245118,0.654587548442297,0.7129114479129554,0.659032176336458,0.7172756100923756,0.727343902916422,0.7116436857080324
