orf_name,replicate_1_PAS_nuc,replicate_2_PAS_nuc
YDR006C,458451,458473
YEL044W,70210,70210
YMR137C,542843,542843
YKR027W,493656,493656
YER168C,520946,520946
YMR180C,622098,622098
YOR261C,815810,815810
YLL003W,146077,146077
YCR075W-A,249352,249353
YIL031W,295898,295898
YHR166C,437005,437005
YOL071W,197064,197064
YLR167W,499516,499386
YDR061W,575837,575837
YGR102C,694386,694386
YIL095W,186496,186490
YCR067C,233115,233111
YDL153C,180955,180955
YHR155W,411113,411133
YBL090W,49378,49382
YDL047W,371077,371077
YGL085W,350579,350579
YDR289C,1037992,1037992
YPL116W,331806,331806
YMR064W,399636,399642
YEL030W,96501,96494
YLR049C,243743,243743
YOR042W,409720,409720
YER112W,387888,387888
YER099C,358067,358067
YOR089C,490055,490087
YGL091C,341922,341946
YPL038W-A,480329,480329
YGL249W,35301,35301
YBR004C,244215,244211
YOR269W,828010,828035
YKL043W,357932,358100
YOR010C,346066,346056
YBR137W,513582,513582
YDL079C,312911,312911
YHR008C,122679,122679
YPR001W,557797,557794
YPR109W,745657,745657
YKR097W,632894,632850
YNL234W,211532,211532
YMR292W,855459,855459
YPR041W,650039,650039
YHR181W,468067,468067
YER033C,217958,217958
YCL061C,18598,18598
YAL002W,147641,147664
YDL149W,187919,187919
YGR007W,508124,508124
YDR450W,1360911,1360911
YML025C,224369,224369
YKL213C,31972,31972
YDL147W,192353,192346
YIL066C,238027,238027
YCL026C-A,74456,74457
YJR016C,464273,464225
YDR022C,487920,487908
YCR082W,259412,259416
YJR078W,580433,580418
YGR021W,528672,528672
YGR005C,504467,504451
YPR175W,891069,891069
YIL046W,270706,270706
YDR317W,1103513,1103510
YNR036C,694298,694298
YFR032C-B,223776,223776
YEL059C-A,42461,42461
YPR161C,864284,864282
YNR020C,667450,667450
YPL135W,298433,298433
YGR042W,580316,580316
YML030W,217067,217067
YML013W,246117,246117
YBL100W-C,28576,28576
YMR072W,412321,412331
YOR181W,677968,677984
YPL079W,407677,407652
YJR116W,641849,641885
YJR021C,468513,468513
YBR068C,373654,373737
YOR039W,406823,406823
YPR047W,658957,658958
YMR305C,878914,878914
YLR250W,641127,641127
YHR006W,119625,119615
YKL166C,134380,134380
YER164W,509860,509860
YDL085C-A,302211,302211
YER146W,462984,462996
YOL021C,282416,282416
YAR014C,166509,166508
YNL136W,371727,371726
YDR196C,850262,850262
YDR034C,509631,509631
YBR046C,330192,330192
YDR195W,850262,850262
YDR333C,1133018,1133018
YKR024C,485116,485019
YKL220C,9159,9159
YCL018W,92351,92335
YGL156W,213759,213759
YGR262C,1016895,1016978
YIL019W,316229,316229
YER124C,406985,406985
YDR482C,1420275,1420273
YIL151C,57355,57355
YKL167C,133422,133422
YDR009W,464999,464999
YGL086W,349391,349391
YGL008C,479715,479715
YHR186C,475923,475923
YOR002W,331148,331148
YIL092W,191151,191151
YNL024C-A,586290,586311
YGL033W,436276,436276
YBR223C,668369,668369
YFL038C,55202,55220
YDL126C,236145,236145
YGL219C,82856,82856
YOL122C,89523,89523
YJR083C,582620,582603
YNL265C,144082,144082
YDR202C,856701,856701
YDR419W,1305475,1305475
YKR104W,657816,657816
YLL057C,25528,25515
YPL189W,191165,191159
YIL055C,251859,251818
YOR167C,648666,648686
YPR031W,633848,633848
YDR356W,1189364,1189364
YGL094C,330929,330929
YNL251C,172526,172517
YCL002C,110598,110596
YNR075W,781060,781061
YLR137W,418187,418055
YLR001C,151286,151286
YOL056W,224438,224438
YPL086C,384746,384746
YGR178C,851028,851028
YDL020C,415003,415003
YDR055W,564938,565022
YDR238C,937767,937635
YGR173W,845048,845050
YGL023C,450179,450179
YBR221C,664965,664965
YDR503C,1454862,1454862
YOL105C,114076,114068
YLR030W,204056,204042
YGR189C,876638,876601
YLR153C,445331,445331
YPR081C,702195,702195
YHR043C,192772,192772
YGL029W,440539,440539
YIL133C,98413,98413
YLR445W,1024918,1024917
YOR368W,1028243,1028243
YGR191W,882438,882474
YML028W,220898,220894
YOR120W,552190,552192
YNL215W,245416,245416
YML058W,159973,159973
YHR029C,167698,167698
YJL189W,76661,76661
YOR147W,608555,608555
YHR189W,484558,484542
YNL180C,299576,299576
YDR331W,1130805,1130804
YDR323C,1112308,1112273
YGL028C,440909,440936
YPL183C,199392,199394
YPR046W,657309,657309
YPR132W,795898,795952
YBR234C,685338,685338
YNL297C,71676,71688
YLR277C,697166,697166
YIL099W,179700,179848
YOR271C,830889,830878
YPR010C,577379,577379
YIL139C,88007,88001
YKL113C,224654,224667
YGL077C,362138,362136
YOR276W,841979,841812
YCL025C,76025,76025
YGR253C,998271,998271
YGL230C,63581,63581
YHL004W,100557,100557
YJR105W,624605,624605
YLR440C,1015453,1015453
YFL055W,18596,18596
YOL051W,238458,238469
YLR187W,528034,528034
YGL064C,381514,381514
YBR138C,513533,513533
YER028C,210711,210711
YOR326W,930620,930620
YGL051W,404346,404346
YOR252W,804398,804398
YLR098C,337545,337529
YDL095W,289624,289626
YOR212W,744372,744372
YIL169C,23131,23141
YBR246W,712813,712901
YNL113W,413427,413427
YIL013C,327966,327966
YKL048C,347053,347053
YDR069C,584577,584577
YDL186W,126414,126414
YJR096W,612224,612220
YDR021W,488096,488047
YOL007C,310895,310895
YPR075C,695656,695656
YDR244W,952570,952571
YML064C,144884,144884
YMR053C,380443,380443
YJL091C,261012,261012
YOR109W,528882,528882
YGL247W,37662,37647
YGR241C,974873,974810
YLR303W,733973,733973
YER063W,282532,282609
YOR059C,438947,438958
YML068W,138987,138987
YPL054W,456869,456868
YOR216C,747268,747268
YGR166W,832171,832171
YHR153C,401943,401940
YJL036W,380291,380282
YBR059C,356847,356841
YLR292C,719707,719707
YPR129W,793903,793872
YLR414C,953205,953205
YGR248W,986779,986779
YNR010W,644310,644310
YPL130W,304990,304985
YPL236C,101533,101533
YKL006C-A,430031,430134
YLR146C,432714,432714
YLL048C,41154,41154
YOR186W,683589,683589
YOR254C,804944,804944
YDR194C,845865,845875
YLR262C-A,669374,669320
YLR312W-A,760438,760438
YOR288C,852110,852110
YNL042W,549483,549475
YDR192C,843431,843431
YAL067W-A,2674,2674
YJL090C,262766,262768
YBR052C,338688,338688
YLR249W,640125,640124
YGR153W,796856,796856
YBR069C,376406,376406
YGR286C,1063655,1063655
YFL034C-B,62979,62979
YCR032W,186178,186181
YDR515W,1474889,1474889
YDR485C,1424620,1424620
YNR001C,629432,629430
YDR185C,831673,831673
YPL272C,26681,26528
YDL019C,417630,417635
YHR175W,453742,453742
YGL240W,49275,49274
YGR274C,1039792,1039792
YBR079C,395225,395225
YOR140W,589590,589518
YPR133W-A,797874,797874
YDR170C,796010,796010
YDL091C,293270,293267
YJL082W,283643,283633
YKL020C,398838,398836
YNL168C,317874,317873
YNL139C,360818,360818
YER016W,189519,189519
YNL163C,326713,326711
YBR122C,483740,483749
YPR112C,749112,749112
YDR458C,1379914,1379911
YDR168W,791994,791994
YIR009W,374819,374819
YNL022C,591195,591177
YBR181C,591590,591590
YKR022C,482140,482123
YPR091C,715890,715891
YPR183W,901721,901721
YKR008W,454104,454273
YNL160W,337796,337796
YHR206W,514928,514928
YIL162W,39193,39203
YKL168C,131087,131086
YNL232W,215871,215870
YMR088C,443405,443405
YJR005C-A,448408,448408
YJL203W,54407,54407
YMR159C,574486,574503
YPR149W,830794,830794
YDR272W,1009833,1009851
YPL129W,306125,306125
YKL212W,36681,36699
YNL158W,340509,340510
YGL202W,117673,117671
YMR287C,842334,842293
YPL169C,228763,228763
YOR112W,533757,533757
YER034W,222651,222655
YER117W,397665,397740
YPR008W,575140,575134
YDL037C,384688,384688
YPL186C,194557,194557
YPL068C,424137,424137
YOR111W,531483,531484
YGL078C,360114,360173
YOR311C,898824,898824
YDR256C,968097,968106
YGL103W,312042,312042
YKL143W,178289,178289
YDL230W,43686,43686
YAL009W,136706,136706
YJL044C,358093,358093
YMR030W-A,337536,337536
YBR095C,434324,434324
YNR012W,648964,648964
YBR106W,453433,453366
YBR169C,573920,573920
YNL095C,444792,444792
YCR042C,201150,201150
YMR178W,619433,619439
YPR184W,906719,906719
YMR108W,486308,486308
YLR107W,365594,365594
YPL262W,48931,48931
YGL027C,443620,443620
YKL033W,378953,378953
YKL185W,96414,96415
YFR022W,199132,199132
YFR053C,253508,253503
YMR270C,805313,805313
YGR277C,1045685,1045685
YHR195W,491785,491785
YAL019W,118292,118401
YPL232W,108233,108233
YBR296C,796494,796494
YBL019W,185964,186127
YER143W,457751,457751
YNL151C,347718,347548
YML070W,135338,135208
YOL082W,170034,170036
YDR379C-A,1233143,1233147
YJL029C,388338,388186
YNL037C,557764,557753
YJR112W-A,638329,638329
YMR127C,522212,522212
YNL186W,292025,292030
YML005W,261578,261578
YER139C,450441,450303
YNL011C,611689,611712
YOR380W,1053062,1053051
YOL104C,116411,116411
YHR086W-A,280325,280325
YDL150W,184671,184674
YLR355C,837798,837798
YLR165C,494395,494386
YFR031C-A,220330,220330
YML035C,206187,206195
YDR076W,599756,599756
YBL055C,115579,115578
YKR044W,523466,523466
YDR325W,1120246,1120246
YOR346W,984999,985006
YNL053W,531467,531467
YKL219W,15753,15753
YFL037W,57905,57909
YKL027W,388932,388932
YPL227C,120110,120086
YDR280W,1021681,1021681
YPR066W,682210,682210
YBR084W,413984,413984
YNL042W-B,547394,547347
YPL031C,492032,492032
YDL123W,241875,241828
YDR108W,673385,673503
YNL177C,303496,303496
YDR510W,1469850,1469850
YCL028W,71495,71495
YDL082W,309566,309566
YER050C,253872,253872
YPR095C,721039,721039
YMR131C,533134,533243
YMR028W,328691,328691
YGL258W-A,9483,9483
YGL075C,366638,366643
YFL004W,134572,134576
YKL174C,120299,120217
YMR261C,790129,790129
YDL139C,211255,211255
YDR443C,1345290,1345291
YLR088W,318095,318095
YOR227W,766628,766628
YHR147C,392516,392516
YOL020W,287945,287945
YJR137C,678905,678905
YJL123C,187900,187789
YPR122W,785880,785880
YOR357C,1009120,1009114
YBR282W,768752,768746
YJL138C,153255,153255
YJR126C,656247,656247
YLR373C,868531,868531
YJR130C,665016,665016
YMR117C,501118,501118
YDL238C,29012,29012
YPL240C,96477,96477
YHR079C,257962,257962
YDR162C,780163,780146
YGR049W,592070,592070
YLL033W,74300,74313
YDR032C,503848,503848
YLR407W,933920,933920
YLR257W,659803,659805
YAL056W,41909,41902
YLR036C,221414,221450
YPR057W,673457,673457
YGL200C,122640,122640
YDR500C,1450046,1450046
YNL094W,449349,449349
YKL073W,299100,299097
YIL157C,46722,46723
YJL193W,72707,72708
YAL051W,51741,51741
YPL246C,84306,84370
YNR059W,738590,738590
YDL224C,54462,54463
YGR203W,905915,905915
YMR205C,671767,671772
YOL119C,94663,94658
YJR095W,610689,610689
YIL117C,140529,140525
YBR176W,584831,584832
YGL053W,403704,403704
YLR018C,178655,178655
YHR056C,215039,215039
YBR148W,539691,539691
YOR329C,936517,936533
YDR310C,1080870,1080872
YER144C,457751,457751
YNL041C,549244,549214
YNL135C,371727,371726
YMR233W,739975,739997
YDR066C,581817,581817
YCR005C,120775,120775
YPL223C,128429,128429
YJR092W,603193,603292
YGL044C,416086,416086
YER109C,374950,374948
YLR052W,248190,248190
YKR004C,446642,446769
YLR406C-A,932122,932122
YPL235W,104765,104768
YOR242C,788714,788718
YBR237W,694514,694514
YDR173C,810392,810392
YPR124W,787740,787740
YBR097W,441302,441295
YNL252C,171296,171296
YNL059C,512616,512617
YIR012W,379775,379775
YJL063C,315777,315777
YJL115W,197128,197128
YLR449W,1032025,1032054
YJR133W,673801,673632
YDR120C,691305,691305
YIL102C-A,173071,173071
YGR285C,1061874,1061874
YLR403W,927911,927902
YDL176W,144335,144338
YBR058C,353517,353603
YMR158W,572751,572751
YOR353C,998237,998267
YJR005W,448370,448370
YDR070C,588192,588192
YER162C,500493,500615
YJL077C,294694,294694
YGR155W,800132,800132
YHR039C-A,187064,187163
YOL005C,315815,315815
YOR207C,729950,729954
YOR228C,766643,766831
YBL068W,93384,93384
YOR101W,516317,516317
YDR049W,555246,555247
YMR160W,577617,577470
YPL094C,369796,369796
YNL263C,146820,146820
YBR159W,559747,559905
YOL077W-A,185789,185777
YPR028W,624385,624355
YDR372C,1220888,1221000
YDL203C,95770,95770
YDR476C,1410335,1410335
YDR329C,1126282,1126303
YOR304W,888063,888063
YPR003C,561286,561286
YDR483W,1422520,1422520
YDR322C-A,1111782,1111767
YNL030W,577253,577253
YBR230W-A,680698,680774
YDR273W,1011448,1011448
YMR155W,570370,570345
YLR298C,724599,724744
YNL047C,539769,539769
YLR375W,872874,872882
YGL030W,439792,439790
YGR231C,952356,952356
YDL154W,180955,180955
YDL165W,164989,164989
YML014W,244160,244160
YLR237W,614353,614353
YER087W,332444,332444
YEL052W,58105,58105
YPL181W,205080,205094
YDR373W,1223514,1223514
YGL025C,448771,448771
YPL250C,74047,74047
YIL166C,30959,30959
YGL095C,328768,328922
YML065W,145058,145050
YML031W,216168,216168
YJL125C,185349,185349
YGR204C-A,909107,909107
YMR156C,570177,570177
YIR035C,421054,421054
YJL077W-B,294130,294130
YOL076W,189520,189579
YKL061W,326484,326484
YDR466W,1398101,1398101
YNL189W,286008,286008
YMR136W,542970,542970
YML093W,85899,85899
YIR028W,410358,410356
YJR057W,544753,544753
YHL026C,53178,53178
YBR203W,632174,632179
YOL027C,271835,271835
YBR149W,541110,541110
YJR045C,519483,519483
YPL152W,266217,266217
YER089C,335850,335844
YBR103W,449271,449274
YNL116W,409998,409998
YLR285C-A,708215,708215
YPL049C,462400,462401
YDL025C,405130,405130
YPR070W,687867,687867
YOR173W,658290,658289
YBR060C,360680,360675
YGL059W,393818,393946
YFL041W,51087,51106
YLR046C,238013,238013
YMR313C,899322,899259
YGR144W,781479,781479
YHR109W,332058,332070
YKL024C,392518,392518
YMR044W,356970,356962
YMR232W,738958,738958
YMR134W,538861,538861
YGL089C,344829,344829
YOR162C,639395,639395
YOR237W,783281,783277
YDR448W,1357622,1357625
YOR030W,388667,388667
YAR042W,196482,196482
YLL001W,150377,150377
YLR215C,570600,570600
YOR033C,392246,392345
YNL101W,437327,437327
YOL146W,49605,49605
YMR199W,664383,664383
YER187W,566844,566844
YML104C,58914,58914
YDR292C,1043038,1043038
YKL179C,110162,110155
YMR262W,794935,794926
YLR314C,762395,762393
YPL015C,525473,525473
YGR098C,682441,682312
YPR159C-A,860395,860393
YOR103C,516317,516317
YOR334W,946200,946200
YDR223W,913531,913531
YLR092W,326415,326415
YDL179W,139327,139327
YHR164C,424637,424612
YDR166C,786150,786150
YNL080C,476820,476836
YFL016C,104681,104682
YIL143C,80262,80262
YDR328C,1125220,1125220
YIL147C,69535,69527
YKL196C,74859,74859
YOR221C,756208,756208
YER118C,397845,397844
YDR027C,494632,494650
YMR038C,347370,347497
YJR148W,707005,707005
YMR184W,628881,628881
YIL070C,230227,230226
YMR230W-A,733541,733541
YBR168W,573722,573722
YER025W,207192,207192
YIL011W,334629,334629
YDR321W,1109969,1109968
YMR099C,463807,463807
YKR020W,478991,478982
YOR171C,651852,651852
YMR312W,899435,899435
YMR106C,478192,478225
YLR348C,826911,826913
YDR023W,490968,490968
YPL087W,384490,384490
YDR453C,1364991,1364991
YGR230W,952526,952526
YGR103W,697422,697326
YDR394W,1263110,1263110
YJR004C,442826,442827
YDR074W,596759,596759
YOR385W,1066297,1066283
YGR214W,921930,921903
YPL139C,289634,289648
YHR132W-A,370639,370639
YNR049C,712972,712972
YMR217W,703517,703492
YML095C,81182,81182
YFR055W,265281,265179
YML110C,49724,49724
YKR085C,598904,598904
YGL065C,379652,379652
YML055W,165311,165311
YBR182C-A,595316,595316
YOR093C,497410,497410
YMR213W,695093,695093
YMR120C,507287,507287
YKR006C,450411,450411
YLR288C,713350,713350
YLR222C,579277,579278
YOL086W-A,159624,159638
YLR238W,616253,616256
YPL166W,238047,238012
YPR141C,815564,815564
YDL200C,100344,100344
YEL020W-A,117578,117578
YIL152W,57355,57355
YOR129C,566760,566693
YDL102W,280344,280344
YOR047C,416200,416200
YCR016W,144695,144695
YGR132C,755439,755439
YKL104C,242961,242959
YLR048W,243568,243568
YJL043W,360963,360963
YGL120C,281551,281527
YHR163W,424637,424612
YKL140W,182541,182550
YMR086W,442258,442258
YCR020W-B,155492,155492
YDL206W,92573,92573
YDL174C,145788,145788
YNL222W,229734,229734
YHL044W,14566,14566
YLR037C,222381,222381
YKL057C,330835,330882
YJR120W,647407,647407
YNL293W,82565,82565
YOR328W,936735,936711
YPR163C,868543,868543
YOR322C,918479,918509
YKR078W,586687,586687
YOR284W,849391,849398
YNR066C,753808,753808
YAL055W,42721,42721
YMR030W,332146,332146
YLR425W,986850,986850
YCR035C,191641,191756
YNL325C,28744,28739
YOR117W,546410,546410
YHR031C,170739,170739
YGR016W,523059,523059
YNL052W,532500,532499
YKL127W,205395,205399
YER137C,441287,441287
YGR174W-A,846726,846719
YFL039C,53138,53108
YDR517W,1478488,1478489
YER111C,382472,382506
YMR080C,426361,426362
YJR136C,677314,677314
YLR274W,694111,694111
YLR182W,520393,520566
YER021W,198563,198567
YIL068C,232996,232996
YKL137W,186452,186452
YBR196C,612133,612102
YKL078W,291121,291120
YDR309C,1078695,1078695
YDL084W,306696,306696
YER074W-A,308138,308137
YGL073W,371372,371374
YDR246W-A,955383,955383
YMR098C,460795,460795
YDL108W,268733,268733
YLR281C,704110,704110
YJL174W,96175,96177
YBL044W,136376,136362
YJL085W,274864,274864
YER046W,243697,243707
YGL043W,418619,418628
YPL006W,548233,548238
YHR054C,213185,213185
YOR289W,854253,854253
YGL235W,55754,55754
YPL224C,126516,126381
YBR082C,406496,406496
YPR094W,721039,721039
YOR080W,477007,477012
YBR263W,737796,737795
YNL311C,49298,49298
YDR132C,718731,718731
YMR279C,824746,824746
YKL069W,307983,307983
YOR040W,408213,408213
YNL108C,418824,418824
YOL108C,111177,111176
YNR022C,669661,669661
YER154W,476229,476357
YDR085C,614248,614248
YNR032W,687289,687289
YKR068C,570190,570202
YGR197C,892497,892497
YPL127C,308615,308615
YNL331C,16020,16185
YOL149W,45815,45815
YIL077C,214939,214926
YNR024W,673155,673155
YJR060W,549990,549946
YGL079W,360114,360173
YPR106W,741459,741459
YDL222C,60947,60940
YLR071C,275147,275218
YML038C,202486,202486
YDR489W,1432042,1432042
YGR232W,954663,954663
YGL140C,241137,241137
YNL289W,88964,88807
YGR006W,506739,506739
YBL097W,43316,43316
YMR174C,609948,609948
YJR019C,467289,467291
YBR161W,562978,562978
YOR337W,956818,956874
YGL129C,267628,267628
YER029C,212419,212419
YDR080W,607191,607191
YOR352W,998237,998267
YJL143W,147737,147772
YGL146C,228583,228583
YIL114C,149148,149147
YLR117C,382276,382276
YIR024C,402771,402771
YFR015C,174193,174193
YDL119C,246649,246725
YML096W,81592,81587
YBR006W,248546,248559
YMR268C,802621,802621
YPR007C,569404,569394
YGR275W,1043861,1043862
YLR228C,599755,599755
YNL246W,186693,186693
YGR010W,512904,512903
YJR097W,613088,613088
YBR084C-A,413984,413984
YOL012C,303414,303414
YHL040C,18796,18796
YAL008W,137684,137682
YLR240W,620191,620198
YOR193W,711715,711722
YLR176C,507698,507698
YJL016W,407450,407450
YIR027C,406211,406211
YGR086C,649298,649299
YOL038C-A,254753,254753
YGL116W,291684,291682
YLR139C,421270,421308
YOR081C,476831,476830
YLL051C,37073,37071
YKL178C,112954,112954
YDR017C,479027,479027
YER126C,413140,413140
YBR077C,391626,391626
YPL023C,504225,504225
YDL161W,169237,169237
YPL005W,550464,550478
YKL070W,306705,306705
YHR047C,198609,198619
YLR081W,291905,291905
YDR130C,715676,715676
YDR142C,740455,740455
YOR157C,630882,630881
YDL017W,425893,425924
YOL162W,10725,10725
YFL010W-A,115198,115198
YDR457W,1379650,1379650
YDR191W,843609,843609
YKL032C,379963,379922
YBL092W,46604,46610
YER026C,207516,207516
YBR104W,450731,450731
YML011C,246754,246754
YJL079C,289716,289719
YEL053C,53883,53883
YDR090C,624674,624811
YMR052W,380408,380399
YOR307C,892717,892534
YDR367W,1213607,1213627
YDL148C,187910,187910
YDR182W,829208,829208
YBR041W,320481,320481
YML107C,55139,55139
YDL216C,68975,68975
YDR337W,1147200,1147200
YOR209C,736343,736180
YAR050W,208018,208021
YOL041C,251232,251228
YMR197C,658380,658333
YBR001C,238851,238851
YJL060W,324720,324720
YLL023C,97882,97882
YDL105W,273703,273703
YHR055C,214294,214271
YDR099W,654736,654740
YDR376W,1228290,1228290
YLR376C,872677,872677
YBL093C,44129,44129
YBR049C,334087,334087
YHR032W,175016,175016
YER101C,360468,360468
YJL139C,151537,151537
YDR387C,1248046,1247931
YMR308C,888903,888903
YDL178W,141235,141235
YML007W,255995,255995
YPL264C,43301,43277
YLR168C,499597,499606
YER066W,291026,291026
YIR015W,382401,382401
YGR038W,561545,561545
YPR139C,813018,813018
YDR169C-A,794503,794503
YLR413W,953352,953424
YLR325C,780960,780904
YKL099C,255731,255723
YBL079W,79795,79795
YLR039C,225324,225334
YNL039W,556796,556796
YNL159C,338207,338207
YKL065W-A,316409,316409
YOL130W,77272,77272
YIL014W,328181,328179
YAL058W,38968,38968
YIL156W,51308,51256
YLR271W,683676,683669
YDL114W,256492,256513
YEL019C,120308,120299
YPL123C,317428,317431
YCL054W,34139,34170
YLR163C,491638,491644
YBR228W,676247,676247
YNR034W,691554,691554
YMR077C,421335,421357
YDR541C,1519421,1519421
YEL034W,86306,86269
YER019W,194377,194377
YJR154W,726811,726811
YOR191W,697471,697476
YHR102W,319887,319887
YOR246C,795730,795730
YDR492W,1435937,1435937
YGR258C,1007659,1007659
YKL007W,430307,430266
YBR214W,653078,653078
YOL006C,313014,312880
YLR272C,683535,683535
YLR398C,915132,915132
YFL054C,20696,20696
YMR018W,311652,311817
YNL175C,307247,307247
YBR002C,241674,241674
YHR030C,168738,168814
YER138W-A,449587,449603
YKL012W,420118,420118
YHR096C,294742,294724
YHR187W,481997,481984
YLR345W,822186,822221
YJL133C-A,159434,159434
YIL065C,241323,241142
YDR050C,555565,555565
YJR127C,658910,658910
YGR223C,940776,940773
YOL029C,269897,269897
YGL157W,210095,210095
YLR329W,787368,787368
YOL018C,290568,290556
YOL031C,266266,266114
YLR397C,912317,912317
YMR011W,289846,289846
YBR235W,690344,690347
YEL027W,101505,101505
YIL134W,98413,98413
YGL067W,377208,377208
YBR241C,702493,702493
YLR015W,176873,176873
YDR305C,1072620,1072620
YDL055C,355404,355415
YDL007W,439341,439341
YIL150C,60803,60803
YOR063W,445978,445982
YIL040W,278219,278214
YOR086C,483034,483034
YOR356W,1009332,1009332
YNL216W,244403,244403
YGR240C-A,974675,974675
YHR023W,157585,157585
YOL080C,180356,180356
YKL025C,390203,390203
YDR231C,926152,926152
YPL126W,313035,313033
YOR188W,689348,689348
YJL106W,223291,223290
YGL105W,308733,308611
YPL053C,457064,457050
YHR140W,381236,381276
YER093C,343200,343200
YKR042W,520896,520889
YGL009C,476057,476057
YOR184W,680624,680624
YPL199C,171928,171919
YGR096W,677707,677708
YPL270W,32928,32928
YML054C,165567,165559
YCR092C,276539,276529
YDR221W,909643,909643
YDR175C,813000,813011
YAL027W,95534,95534
YKR007W,452095,452095
YLR308W,748845,748811
YER180C-A,550773,550773
YGR168C,833265,833274
YDR176W,816513,816513
YOR260W,815810,815810
YDL204W,95770,95770
YDL173W,149229,149229
YEL064C,29716,29716
YOR308C,894358,894232
YOL011W,307783,307606
YCL001W-A,113516,113516
YER011W,176098,176266
YHR205W,512059,512059
YMR102C,469696,469696
YCR093W,286493,286492
YOR281C,846218,846216
YGR220C,935986,935981
YNL290W,87425,87351
YOR355W,1006868,1006868
YDR062W,578347,578529
YCR017C,144545,144545
YMR186W,634628,634630
YLR219W,576552,576552
YBR185C,598967,598911
YOL024W,277547,277562
YHR105W,325368,325368
YPL209C,156474,156473
YAL048C,52588,52588
YDR487C,1428355,1428355
YBL033C,158430,158430
YNL305C,58783,58783
YLR380W,879478,879477
YML083C,99700,99699
YOR283W,848231,848232
YNL125C,390125,390125
YMR318C,910943,910920
YPR189W,917134,917149
YML123C,23990,23912
YNL191W,281543,281543
YKL107W,237054,237052
YBR269C,741943,741918
YCR051W,214773,214773
YKL049C,345948,345948
YBL071W-A,90495,90495
YOR340C,959069,959069
YNR063W,748772,748772
YBR039W,316678,316639
YDL193W,115965,115930
YBL087C,59707,59783
YGR113W,720150,720145
YBR083W,410718,410712
YGL236C,53839,53839
YOR031W,389425,389425
YMR065W,401310,401319
YAL010C,134066,134066
YLR410W,941098,941098
YER014W,184236,184236
YDR003W-A,454959,454959
YDR459C,1382069,1382070
YDR233C,929309,929319
YIR023W,402771,402771
YMR012W,295031,295041
YGL172W,182114,182114
YML094W,82981,82981
YNR004W,636545,636545
YIL142W,84843,84843
YEL025C,102232,102232
YLR096W,336243,336243
YOR294W,869163,869163
YDL098C,284438,284438
YEL009C,138789,138725
YBL078C,80366,80379
YHR175W-A,453742,453742
YIL087C,199586,199586
YGR209C,912910,912910
YJL053W,337191,337181
YDL160C-A,169046,169046
YMR299C,864337,864337
YDR264C,995891,995905
YNL146C-A,351275,351275
YGR237C,963206,963206
YGR090W,666075,666075
YMR116C,499355,499355
YLR436C,1007389,1007389
YIR017C,383375,383269
YBR043C,321855,321855
YHL017W,72062,72062
YMR026C,324216,324217
YDR034W-B,521731,521727
YLL021W,105355,105357
YIL146C,74244,74250
YLL055W,31763,31769
YDL166C,163415,163415
YFR036W,227420,227420
YGL066W,379872,379862
YOR386W,1068805,1068803
YIL043C,274061,274061
YKL188C,86072,86072
YMR194W,652026,652028
YNL206C,256655,256796
YAL016W,126829,126825
YNL182C,295975,295975
YDL225W,54225,54225
YOL026C,274008,274008
YFR030W,216388,216388
YDR266C,999904,999904
YGR109C,705339,705339
YIL052C,256074,256088
YML109W,54521,54530
YKL028W,387192,387192
YPR010C-A,582298,582298
YPL100W,363387,363382
YLR241W,622937,622937
YKR067W,570401,570401
YPL003W,553442,553324
YLR193C,539897,539901
YPL254W,70922,71041
YNL099C,438293,438293
YER128W,416786,416790
YLL035W,70654,70734
YKL096W-A,259716,259716
YMR162C,578724,578724
YFR041C,237204,237215
YDR313C,1089031,1089031
YNL202W,260473,260473
YGR089W,659843,659835
YFL017C,103843,103843
YOR273C,834254,834254
YGL106W,307291,307291
YDR415C,1296851,1297042
YDR194W-A,848585,848585
YJL001W,436108,436107
YLR017W,178655,178655
YOR025W,379727,379744
YGL113W,298186,298163
YPL097W,366555,366566
YFL021W,97459,97407
YLR116W,382385,382464
YPL184C,195856,195856
YIL002C,350478,350478
YGL084C,350579,350579
YDR088C,618306,618315
YPL040C,475951,475951
YCR097W,294352,294246
YOR008C,341073,341073
YBL069W,92149,92149
YBR112C,462696,462610
YPL119C,324297,324297
YLR248W,636209,636209
YDR252W,963787,963787
YHR190W,486241,486241
YDL169C,158046,158062
YKL175W,120425,120425
YDR235W,935203,935203
YPL117C,327773,327782
YMR023C,319366,319366
YGR084C,647109,647107
YER079W,319718,319718
YKL042W,359822,359822
YOR241W,788714,788718
YGR034W,556840,556827
YNL187W,289354,289354
YDR179C,818526,818526
YIL107C,163368,163369
YER040W,232225,232186
YOR011W,353880,353873
YCL017C,92625,92635
YPR022C,603814,603814
YJL206C,47689,47689
YPL071C,420023,420023
YER055C,264711,264711
YLR231C,605636,605636
YEL066W,27213,27213
YDR498C,1445825,1445825
YGL193C,141994,141994
YIL094C,186496,186490
YOR116C,539713,539713
YGR088W,656404,656404
YER060W-A,278200,278166
YDR247W,957727,957727
YML032C,212389,212406
YAL012W,131996,131997
YDR167W,790142,790142
YMR225C,720890,720890
YNL072W,491220,491220
YGR057C,604526,604526
YIL063C,242695,242714
YGL098W,318419,318426
YKL023W,394790,394790
YHR050W,209414,209414
YOL016C,294658,294658
YMR195W,654553,654553
YOL145C,49425,49425
YBR244W,708236,708236
YLR370C,861574,861574
YJR125C,654705,654705
YOR255W,808196,808039
YHR037W,183842,183842
YOR183W,679281,679325
YBR265W,739616,739594
YOL090W,150429,150429
YMR316W,905937,905811
YGL082W,357095,357095
YLL006W-A,136588,136588
YBR080C,398402,398403
YIL020C,314005,313855
YNR046W,708276,708276
YOR136W,581556,581556
YDR452W,1365169,1365165
YBR121C,481244,481244
YAL063C-A,22375,22376
YLR134W,412493,412488
YFL051C,30008,30008
YNL117W,408048,408048
YBR011C,257064,257082
YGR146C,784021,784021
YLL063C,14499,14499
YCL036W,60858,60858
YLR321C,776448,776448
YKL117W,221175,221208
YFR043C,239135,239135
YKL064W,320821,320802
YLR332W,792100,792100
YLR304C,735078,735078
YDR152W,766522,766522
YGR101W,694424,694424
YJR033C,492255,492255
YJR108W,629144,629144
YJL070C,307841,307839
YER070W,301829,301829
YFL056C,14881,14859
YGL153W,217277,217277
YHR184W,474433,474437
YKL214C,31095,31098
YPL121C,320957,320959
YNL245C,186340,186342
YJR073C,572329,572329
YCR024C,160677,160677
YJL116C,193499,193499
YNL219C,235795,235795
YML002W,266762,266762
YDR004W,456841,456840
YER014C-A,183733,183682
YML053C,169027,169029
YLR253W,644479,644479
YPR098C,728769,728758
YHR078W,258231,258231
YDR369C,1214875,1214893
YBL008W,212147,212147
YOR262W,818472,818472
YOL116W,101228,101228
YDR073W,593148,593148
YER018C,191831,191831
YDR352W,1182964,1182963
YNL078W,481142,480982
YOR119C,548542,548542
YDR514C,1471389,1471389
YGR143W,777929,777928
YNL240C,198308,198294
YOR264W,820457,820457
YML071C,129693,129679
YBR091C,426990,426990
YDL184C,130160,130169
YCR089W,272328,272315
YIR025W,404901,404901
YLR386W,896307,896361
YPR116W,759472,759472
YGL019W,459136,459136
YNL073W,490106,490106
YDR206W,864967,864967
YBR045C,328115,328115
YOR159C,633043,633043
YDR402C,1272163,1272163
YOL092W,145075,145073
YER008C,167711,167711
YMR306W,886424,886424
YBR145W,534958,534967
YML060W,153152,153152
YMR066W,404410,404410
YAL017W,124377,124375
YJL065C,314850,314849
YAL026C,95534,95534
YDR171W,807804,807804
YOR005C,334467,334467
YOL140W,60094,60091
YPL148C,272244,272244
YHR067W,232114,232114
YMR071C,410789,410639
YOL107W,113113,113113
YNR017W,663729,663729
YAL041W,65553,65553
YLR040C,228717,228713
YOR274W,839081,839081
YGL190C,145533,145549
YER056C-A,269276,269284
YDL143W,201695,201640
YIL079C,210938,210938
YCR106W,313387,313552
YLL028W,86694,86682
YKR101W,642684,642684
YEL057C,44949,44957
YLR059C,259474,259486
YGR082W,644727,644711
YDR407C,1283960,1283960
YGR118W,727906,727944
YOR347C,984807,984807
YIL119C,136610,136418
YBR111C,461204,461204
YAL024C,101423,101423
YMR122W-A,511876,511876
YJL214W,28544,28544
YPL022W,510300,510300
YER073W,305840,305840
YOL159C-A,15195,15203
YJR141W,696976,696976
YNL322C,33188,33188
YMR267W,802785,802785
YNL261W,156676,156676
YPL154C,259644,259635
YJR010C-A,457795,457795
YGL123W,278516,278540
YAL046C,56814,56831
YBR198C,616099,616099
YKL014C,411581,411581
YGR116W,724852,724852
YLR384C,888859,888841
YOR285W,850066,850066
YDR322W,1111782,1111767
YOR215C,746547,746533
YMR301C,867582,867582
YNR034W-A,693026,693026
YKL018C-A,403528,403528
YCR003W,119304,119304
YOR058C,433402,433402
YOR001W,329109,329109
YGL248W,36825,36825
YAL059W,37442,37442
YFL030W,78118,78123
YLL062C,16565,16560
YOL132W,72807,72807
YEL047C,65398,65398
YDL007C-A,436514,436514
YHR009C,123938,123938
YGR224W,944647,944647
YDR257C,969625,969625
YCR052W,216658,216658
YDR211W,887068,887068
YPL120W,324009,324058
YER107C,373290,373232
YDR326C,1120498,1120498
YHR079C-A,262230,262230
YCR021C,155853,155853
YNL330C,17945,17945
YOR202W,722784,722752
YJL107C,218818,218818
YMR112C,494041,493880
YGL215W,89556,89736
YBL047C,127799,127799
YOR062C,442712,442712
YNL223W,229102,229102
YNL016W,604619,604619
YBL016W,193670,193690
YMR110C,490184,490184
YGR149W,790541,790533
YCL044C,46894,46894
YER041W,234915,234915
YDR422C,1315176,1315178
YDL059C,343932,343933
YLR208W,560714,560770
YAR007C,156640,156640
YGL061C,388847,388847
YDR385W,1245846,1245846
YOR230W,772185,772185
YKR053C,534060,534060
YLL039C,63956,64024
YDL013W,430929,430929
YNL103W,429881,429812
YDL054C,359828,359830
YLR205C,552610,552610
YGL194C,140185,140185
YIL016W,321934,321934
YDL194W,114340,114341
YPR079W,700183,700183
YDR502C,1453059,1452937
YNR038W,697550,697665
YGL167C,187414,187345
YBR283C,768752,768746
YOR115C,538600,538600
YMR092C,451640,451649
YJL105W,226707,226707
YGL194C-A,139587,139587
YHR074W,248510,248534
YJL033W,386245,386176
YJR040W,510094,510094
YNL142W,359047,359047
YMR147W,559865,559865
YOR065W,448749,448750
YLR043C,231586,231586
YOR293W,868050,868050
YNL085W,469956,469956
YNL067W,500410,500410
YBR126C,488801,488801
YGR003W,502660,502660
YGR246C,982402,982402
YDR408C,1287982,1287987
YMR204C,669812,669827
YBR212W,650199,650199
YKR035W-A,508607,508607
YER059W,274009,274009
YGL133W,261496,261496
YCR044C,206877,206877
YPR178W,893691,893691
YOR076C,469321,469345
YDR058C,567508,567527
YKL120W,218574,218521
YDR291W,1043038,1043038
YOR302W,882754,882754
YDR110W,677910,677919
YIL078W,214696,214696
YCR053W,218355,218384
YOR224C,760630,760630
YDR388W,1251801,1251801
YPR073C,691665,691665
YPR191W,920658,920658
YBL095W,44146,44129
YLR426W,988137,988138
YNL190W,282925,282925
YKL211C,36508,36508
YDR034C-A,520534,520532
YDR512C,1470382,1470370
YOR363C,1019868,1019888
YBR288C,777886,777886
YJL002C,433114,433114
YKR075C,579647,579609
YKL068W-A,309840,309840
YPL046C,466562,466562
YOR303W,884154,884154
YHR177W,457919,457946
YLR324W,780960,780904
YDR214W,894077,894077
YMR265C,796510,796510
YBR117C,474180,474180
YLR021W,184164,184164
YHR003C,109969,109969
YIL120W,136254,136254
YGL048C,409979,409979
YGL012W,474411,474410
YNL201C,260338,260338
YGL209W,97088,97092
YJR002W,440788,440788
YER035W,223305,223306
YHL027W,53178,53253
YGL211W,93711,93804
YLR022C,184164,184017
YPL056C,453087,453087
YPR154W,835287,835292
YPL124W,317652,317655
YDR357C,1189112,1189112
YMR231W,736801,736800
YKR095W-A,626323,626323
YNL323W,33354,33370
YBL005W,220740,220745
YLR341W,808869,808838
YOL030W,269915,269915
YGL226W,73697,73716
YEL037C,81205,81205
YKR089C,605644,605644
YPL082C,398372,398372
YBR162W-A,565433,565433
YJR085C,585061,585071
YGR199W,899932,899932
YLR264C-A,673858,673895
YMR296C,859098,859098
YNL040W,554816,554816
YBR245C,707955,707955
YFR002W,152652,152652
YKL051W,342468,342468
YGL134W,257070,257072
YEL022W,115848,115854
YDL104C,273535,273535
YNL127W,387213,387213
YHR087W,281369,281369
YDR334W,1140558,1140560
YER010C,172620,172620
YJL062W,319876,319783
YER170W,527028,527027
YDR478W,1415304,1415304
YMR144W,554560,554465
YGR157W,805170,805170
YHR131C,364982,364982
YOL038W,256258,256258
YBL059C-A,110000,109982
YNL131W,379457,379631
YJR063W,555624,555656
YGL135W,255295,255289
YOR362C,1017786,1017786
YCL004W,110650,110808
YJR102C,619092,619092
YBR257W,729793,729793
YIL009W,341712,341715
YBR208C,636634,636651
YOR161C,636846,636846
YDL087C,300069,300069
YPL095C,368105,368112
YML029W,220119,220119
YDL215C,70487,70542
YPL036W,485638,485638
YPR145W,824514,824514
YGL121C,280498,280498
YAR028W,185721,185705
YLR354C,836136,836136
YLR399C,919165,919257
YOR072W-B,464566,464582
YJL084C,274691,274691
YNL106C,420791,420791
YDR461C-A,1385410,1385412
YMR297W,863565,863561
YJL136W-A,156161,156161
YGR140W,770421,770279
YDR508C,1466215,1466215
YOR151C,612881,612880
YPR042C,650039,650039
YOR179C,671665,671665
YCL059C,22297,22369
YMR269W,805168,805120
YDR219C,905320,905311
YPL159C,250728,250728
YNL321W,37410,37399
YKL206C,48890,48890
YGL093W,337596,337596
YKL198C,68204,68214
YDL090C,295009,295004
YJL163C,111640,111635
YBR272C,746249,746249
YDR480W,1418567,1418567
YAL023C,106184,106184
YBL103C,21709,21709
YGL031C,437424,437466
YFL053W,25130,25130
YOL040C,252948,252948
YBR030W,300045,300182
YDL185W,130160,130169
YMR153W,566053,566053
YLR148W,437525,437525
YOR349W,992954,992954
YGR131W,755439,755439
YGR059W,609066,609064
YGR145W,784021,784021
YLR319C,769083,769083
YDR425W,1321908,1321908
YGL183C,156553,156553
YNL220W,235795,235795
YOR097C,506848,506848
YJL087C,269788,269827
YEL061C,36215,36219
YBR230C,679498,679498
YKL010C,421370,421370
YIL030C,295898,296050
YDR538W,1511755,1511755
YOR342C,966651,966656
YBL020W,184171,184171
YPL193W,182719,182707
YKL095W,263111,263111
YHL020C,66170,66170
YPL267W,38810,38810
YGL254W,23200,23200
YGL110C,301282,301282
YPL042C,472899,472899
YJL109C,211928,211936
YIL045W,272981,272981
YPL028W,499423,499423
YPL249C-A,75485,75485
YIL136W,94848,94848
YCR066W,233115,233111
YMR150C,561784,561784
YJL048C,347248,347248
YOL033W,265112,265112
YCR024C-A,162584,162584
YFL001W,148394,148394
YBL063W,105350,105350
YER067W,292684,292684
YOR057W,433402,433402
YFR050C,248865,248865
YLR220W,578032,578028
YLR146W-A,434095,434095
YKR025W,488636,488679
YEL071W,18030,18030
YPL226W,125565,125554
YNL237W,206679,206679
YER174C,538247,538275
YPL101W,361608,361608
YDR472W,1404219,1404219
YBR038W,314944,314944
YJL209W,40008,40014
YDL192W,117071,117069
YPR105C,736974,736974
YGL162W,199168,199168
YPR100W,730251,730249
YOR384W,1063644,1063583
YLR060W,262786,262786
YDR473C,1404182,1404182
YIL003W,350034,350044
YBR296C-A,800143,800143
YER180C,549745,549745
YIL064W,242695,242714
YDL145C,194403,194403
YER061C,278277,278277
YKR094C,617769,617769
YCR031C,177300,177301
YLR094C,327560,327559
YHR013C,130637,130730
YOL154W,35432,35432
YOL164W-A,4338,4336
YHR082C,268099,268099
YDL229W,46011,46026
YDL219W,66121,66121
YCL005W-A,107574,107582
YDR001C,450236,450236
YLR234W,611738,611738
YDR150W,763921,763921
YGR278W,1048659,1048659
YBR156C,550933,550933
YHR045W,197366,197365
YNL138W-A,366755,366755
YDL131W,228835,228859
YGL076C,364168,364145
YMR229C,725812,725812
YOR310C,896628,896629
YMR019W,315030,315030
YFL003C,134572,134572
YCL058C,23618,23618
YDL201W,100495,100495
YBL043W,137548,137548
YBR165W,569671,569671
YLL018C-A,108659,108659
YMR142C,550047,550068
YLR455W,1054825,1054823
YDR411C,1293265,1293381
YKR015C,466951,466935
YFR012W-A,169239,169233
YGR079W,642010,642020
YDL006W,440848,440848
YPL090C,377103,377103
YGR225W,946955,946955
YKL063C,320821,320802
YNL247W,185380,185380
YPL151C,266048,266045
YLR392C,904701,904700
YDL061C,340434,340434
YGR053C,595028,595028
YBR201W,624330,624330
YKL181W,108746,108746
YMR285C,839978,839978
YPL038W,481199,481199
YPL083C,396534,396492
YPL065W,428770,428770
YPL219W,138396,138395
YLR196W,545749,545776
YBR093C,429467,429467
YLR014C,171897,171936
YPL158C,252058,252058
YHL009C,83750,83750
YGL126W,272377,272436
YPR107C,741300,741289
YDR530C,1496566,1496566
YOL025W,276897,276897
YHR154W,406271,406271
YHR007C,119730,119730
YDR520C,1480934,1480934
YDR293C,1045419,1045419
YMR277W,822589,822590
YHR101C,314652,314652
YGL257C,12343,12343
YDR105C,665181,665345
YCL039W,54982,54982
YJR052W,533758,533749
YBL046W,133995,133995
YJL156C,126601,126731
YNL244C,186967,186967
YDR477W,1414331,1414331
YPL027W,500375,500403
YDR079C-A,603431,603445
YDR249C,958595,958595
YBL056W,115579,115591
YGR169C-A,836102,836083
YML072C,124530,124530
YBR167C,571414,571414
YNL124W,394370,394370
YHR171W,447626,447626
YLR286C,708215,708215
YPL089C,379010,379010
YDL209C,85963,85963
YDR183W,830540,830532
YGR244C,977932,977932
YOL048C,240090,240090
YLR181C,516621,516544
YGL192W,144100,144100
YPR147C,825454,825454
YLR032W,208502,208502
YAL049C,51741,51741
YHR068W,233460,233460
YHR035W,180282,180282
YNL036W,560587,560579
YBR154C,548281,548259
YDR359C,1191749,1191749
YIR005W,365484,365484
YPR176C,890880,890878
YCL037C,57194,57197
YDR501W,1453134,1453134
YFL022C,93299,93299
YML059C,153152,153152
YML081W,108712,108706
YLR278C,699890,699890
YJL052C-A,337884,337884
YHR169W,443490,443485
YBR072W,382874,382874
YDR513W,1471571,1471571
YDL208W,88121,88010
YIL153W,56378,56378
YGR097W,682312,682312
YKR079C,586687,586687
YNL032W,575433,575433
YDL223C,57232,57223
YPR069C,684550,684550
YJL013C,409461,409461
YLR342W-A,816067,816067
YDL133W,223780,223754
YGL038C,425031,425031
YJR066W,566891,566891
YAL061W,34886,34886
YJL028W,391598,391598
YNL067W-B,499513,499532
YIR030C,412078,412079
YGR014W,520998,520909
YNR065C,750316,750316
YFL041W-A,48946,48946
YCR019W,153982,154146
YDL188C,123661,123660
YGR076C,636877,636877
YLR316C,765172,765143
YDR511W,1470563,1470563
YOL137W,67422,67422
YIL140W,88007,88001
YOR383C,1060348,1060348
YMR176W,615968,615973
YBR258C,729620,729620
YPL174C,220040,220040
YOR035C,397646,397646
YDR259C,974540,974443
YNL277W-A,116882,116882
YOR155C,626481,626482
YGL187C,149493,149491
YJL005W,431464,431290
YPR119W,773494,773486
YMR093W,455597,455594
YLR099C,339679,339679
YGR061C,611907,611910
YOR327C,930620,930620
YBL011W,206071,206072
YNR014W,653156,653156
YDL106C,270139,270139
YLR371W,867000,867000
YPL207W,162368,162368
YNR029C,677011,677005
YKR061W,559081,559081
YDR208W,870609,870607
YGL100W,314363,314363
YDR246W,955045,955045
YDR156W,770093,769988
YLR415C,954247,954247
YJL047C-A,348653,348653
YFR032C,222115,222115
YBR037C,310462,310592
YJL062W-A,317263,317263
YCR094W,288268,288268
YKR074W,579828,579828
YPL060W,435746,435741
YKL218C,17236,17237
YER027C,208973,208980
YHR174W,452795,452795
YNL115C,409998,409998
YOR049C,422470,422470
YDR423C,1317885,1317885
YOL063C,207436,207436
YJL025W,395735,395735
YMR179W,622267,622256
YPR029C,624194,624194
YKR009C,454440,454440
YGR036C,558233,558243
YER038C,226859,226855
YGL241W,48635,48634
YDR434W,1333035,1332867
YHR073W,245654,245654
YML099C,74224,74224
YOR270C,827841,828022
YDL053C,361579,361583
YPL229W,118013,117859
YOR074C,466630,466630
YER184C,555900,556049
YGR161C,808293,808304
YKR098C,632894,632850
YKR030W,501294,501281
YNL301C,63474,63474
YGR066C,621006,621006
YMR291W,854550,854550
YLR387C,896307,896361
YDR124W,701513,701508
YGR035C,556995,556995
YNL250W,179477,179473
YHR199C-A,498474,498476
YGL203C,112369,112369
YER115C,394129,394129
YGR031W,547826,547725
YLR135W,415589,415589
YML097C,78326,78313
YMR130W,533134,533010
YPL110C,340955,340955
YPR036W-A,646455,646473
YOR134W,580078,580078
YKR003W,446771,446769
YML017W,239081,239077
YBR162C,562809,562809
YER052C,256239,256202
YOR211C,738834,738834
YML041C,194734,194734
YCL026C-B,73324,73324
YLL036C,66746,66746
YPR159W,860069,860069
YGL255W,22109,22109
YCR009C,130712,130712
YLR147C,434095,434095
YGL058W,394784,394785
YKL222C,3233,3233
YBL031W,162837,162837
YJL146W,144872,144872
YMR161W,578506,578506
YLL029W,83725,83725
YKL082C,280852,280852
YNL048W,539884,539886
YML087C,94268,94251
YOL070C,196922,196920
YGR041W,579259,579259
YCR098C,296837,296839
YJR121W,649440,649502
YJR017C,466220,466220
YLR056W,255021,255021
YLR457C,1055632,1055632
YPR187W,911914,911942
YGR075C,636068,636068
YML001W,267922,267922
YCR037C,194265,194263
YGR249W,989391,989390
YDR523C,1485650,1485664
YDL227C,46171,46170
YGR211W,916840,916840
YGL188C-A,148823,148823
YLR067C,267858,267878
YGR188C,871948,871948
YDR490C,1431866,1431867
YLL024C,95390,95402
YPL146C,276001,276001
YLR091W,323401,323401
YOR208W,736343,736345
YPL072W,420023,420023
YDR103W,661168,661225
YDR304C,1071713,1071898
YNL146W,352294,352294
YDR484W,1424890,1424890
YLR074C,281839,281840
YJR022W,470280,470282
YMR244C-A,758464,758464
YPR114W,754262,754255
YOR305W,889869,889869
YKR049C,526750,526862
YJL051W,342335,342335
YKR034W,507683,507683
YGL225W,78096,78096
YGR121C,731392,731392
YLR320W,776265,776435
YML058W-A,159122,159139
YPL165C,238047,238012
YER175W-A,540871,540730
YFL045C,43484,43484
YHL010C,81731,81731
YFR023W,201715,201676
YMR113W,496392,496392
YPR072W,691908,691851
YLR456W,1055864,1055863
YOR061W,442836,442858
YDL051W,364817,364817
YDR075W,598189,598189
YML131W,11546,11495
YBR254C,723599,723581
YJR104C,622455,622548
YOL138C,61379,61379
YHR208W,518924,518959
YFL036W,62979,62979
YER145C,460363,460363
YGL096W,326162,326162
YDL003W,446522,446405
YLR007W,165496,165496
YGR019W,526653,526653
YPL237W,101533,101533
YPL176C,215937,215936
YCL051W,37673,37618
YDL088C,298292,298292
YML056C,162011,162011
YPL078C,407677,407783
YCR002C,117232,117229
YML124C,21955,21938
YOR247W,798389,798389
YGR124W,741833,741831
YNL212W,249939,249980
YMR288W,848485,848485
YJL046W,353919,353924
YLR421C,964843,964843
YJL121C,190388,190387
YNL097C,441195,441179
YBR294W,791717,791718
YJL076W,298922,298922
YOR332W,944368,944368
YIL075C,217711,217711
YGL068W,375839,375839
YBL022C,177825,177826
YJL127C,182205,182205
YLR102C,342858,342858
YKR026C,488509,488509
YMR037C,344135,344134
YOR361C,1015193,1015374
YMR175W-A,611482,611482
YBR186W,602363,602394
YER088C,333122,333122
YER069W,298164,298164
YHR138C,377194,377206
YDR097C,640091,640115
YOL152W,42790,42790
YER110C,378637,378637
YPL239W,100352,100352
YJR074W,573948,573948
YBR044C,324312,324315
YER176W,545208,545208
YLR120C,386134,386134
YEL013W,130771,130771
YOR359W,1013116,1013117
YML007C-A,253235,253236
YDR493W,1436647,1436647
YDL089W,298292,298292
YNL054W,529873,529878
YBL084C,66947,66947
YDR186C,832819,832819
YIL112W,154901,154901
YDR400W,1272163,1272163
YLR437C,1011428,1011426
YMR024W,323109,323109
YLR218C,573446,573446
YKL023C-A,393053,393053
YEL018W,122330,122492
YMR124W,517377,517377
YER001W,155954,155980
YDR315C,1092761,1092762
YGL037C,427093,427079
YNL161W,334989,334989
YLR154C,447852,447852
YLR104W,347100,347102
YPR166C,876160,876159
YEL040W,79590,79590
YOL047C,241575,241578
YBR177C,584688,584780
YIL135C,94848,94848
YDR284C,1030506,1030506
YDL167C,160767,160762
YBL013W,203216,203216
YOR003W,332941,332941
YLR422W,971800,971843
YOR107W,522617,522617
YLR118C,384527,384527
YDR065W,581817,581817
YLL004W,142951,142951
YDR040C,535067,535067
YBL021C,181590,181589
YBL039W-B,143736,143736
YBR219C,662435,662435
YPR019W,599728,599728
YIL159W,46050,46040
YJR076C,575109,575109
YEL002C,148584,148584
YMR146C,557317,557287
YHR113W,338045,338045
YMR104C,473510,473510
YLR109W,369457,369328
YNR019W,667231,667234
YIL048W,264920,265080
YNR056C,731636,731636
YHL047C,8240,8240
YDL220C,62267,62267
YKL138C-A,184405,184405
YDR140W,734887,734904
YML106W,57460,57460
YLR312C,757565,757565
YOR064C,445978,445982
YLR152C,442696,442696
YHL038C,23496,23424
YNL279W,112843,112843
YGR054W,598745,598745
YDL110C,264472,264472
YJL108C,217788,217788
YPL271W,30481,30481
YKL163W,145465,145465
YPR024W,612827,612828
YPR065W,681255,681255
YJL068C,312962,312962
YOR156C,628205,628205
YKL207W,49051,49051
YDR265W,1000102,1000103
YBR042C,320297,320292
YCL035C,60649,60649
YPR111W,749267,749267
YGR111W,717140,717140
YFL050C,33065,33065
YIL005W,347821,347853
YIL014C-A,325094,325096
YCR071C,239980,239995
YLL027W,88230,88234
YMR289W,849964,849964
YDR096W,640188,640213
YGR135W,762272,762272
YPL128C,306159,306159
YBR195C,610505,610505
YOR177C,665588,665578
YOL065C,204708,204708
YOR330C,939405,939405
YPR158W,844082,844082
YPL002C,553318,553273
YAR035C-A,192309,192309
YHR149C,394402,394402
YNL082W,476090,476107
YKR041W,518943,518941
YNL210W,251714,251702
YKR018C,473661,473661
YPR164W,875192,875192
YBR193C,608860,608855
YGR080W,643226,643226
YOR144C,602647,602642
YHR019C,141705,141705
YHR117W,344340,344340
YGR212W,918578,918578
YOR037W,402814,402790
YDR198C,852434,852434
YLR227C,590513,590359
YLR310C,751933,752073
YOL097W-A,136642,136662
YHR018C,139764,139764
YLR244C,625173,625173
YOL078W,185141,185141
YDR525W-A,1491080,1491080
YHR198C,496094,496288
YIL006W,345178,345208
YKR091W,612262,612235
YMR280C,827054,827062
YDR436W,1337057,1337063
YDR160W,778902,778902
YBR085W,417173,417174
YDR414C,1295392,1295392
YBL101C,24826,24826
YHR162W,423582,423582
YJR080C,580234,580234
YLL018C,109786,109780
YJR042W,516277,516277
YGR264C,1019436,1019436
YIL015W,324213,324213
YML112W,46174,46174
YDR297W,1057800,1057790
YKL071W,305888,305830
YOL096C,138041,138046
YHL019C,67611,67611
YDR044W,547877,547877
YIL106W,167435,167608
YOR344C,976974,976974
YJL194W,70975,70980
YBR194W,610651,610659
YLR438W,1013942,1013942
YDL138W,215711,215711
YBR018C,274396,274396
YBR261C,734607,734607
YNL283C,105071,105072
YOL163W,10183,10183
YHR136C,374535,374536
YOR297C,874680,874680
YJR091C,594852,594852
YER062C,279648,279644
YFL046W,43511,43519
YER169W,525955,525955
YPL269W,35109,35109
YKL050C,342884,342886
YNL277W,118851,118859
YGR266W,1024957,1024957
YIR002C,357213,357203
YBR183W,597132,597137
YGL258W,12086,12086
YMR158C-A,573099,573099
YDR184C,830347,830477
YER044C-A,238393,238393
YGL163C,193737,193737
YJR065C,557704,557704
YPL059W,445196,445192
YMR171C,603659,603659
YDR123C,698523,698523
YGR142W,773849,773849
YGL032C,436408,436404
YCR020C-A,154706,154719
YER158C,488784,488776
YHL023C,58972,59057
YNL302C,61751,61751
YNR041C,700591,700591
YGR172C,842730,842730
YOR336W,954020,954025
YDR245W,954066,954065
YPR013C,584534,584544
YMR128W,527659,527791
YNL129W,382322,382323
YOL127W,81312,81311
YMR264W,796629,796629
YMR140W,549186,549192
YIR011C,377245,377245
YMR118C,502173,502173
YDL135C,218596,218596
YGL001C,495378,495378
YDL211C,79075,79088
YBR285W,774292,774292
YDR197W,852434,852434
YDR368W,1215015,1215015
YKL173W,125679,125679
YGL050W,406851,406851
YBL058W,112877,112880
YLR265C,674292,674274
YHR038W,184918,184782
YJR100C,616288,616290
YBR290W,783570,783571
YNR043W,703182,703220
YDR255C,966273,966259
YLL014W,121675,121686
YLR357W,844208,844208
YDR079W,603431,603445
YBR033W,304713,304723
YDL124W,241171,241171
YBR175W,583391,583391
YHR090C,283609,283614
YBR009C,255164,255164
YHR108W,330145,330145
YGL169W,187529,187529
YPL168W,232613,232613
YPL257W,63940,63940
YNL100W,438442,438448
YNL006W,621189,621186
YJR030C,483894,483894
YLR333C,795371,795371
YPL113C,335953,335953
YHR024C,157585,157403
YHR104W,324507,324507
YMR115W,499355,499355
YJR067C,566891,566891
YML043C,190037,190031
YDR228C,921887,921887
YKR081C,591494,591498
YOR182C,678046,678046
YJR088C,586413,586413
YOL159C,17323,17323
YDR527W,1492498,1492498
YMR109W,490276,490276
YOR142W,594185,594185
YJL094C,251653,251650
YOL060C,213717,213719
YFL027C,80431,80431
YDR026C,492458,492458
YPL214C,148443,148443
YEL039C,79590,79735
YHR119W,349375,349380
YGL251C,27491,27491
YDR018C,482642,482642
YMR185W,631978,631978
YBR081C,401165,401194
YDR087C,617340,617338
YNL197C,267451,267445
YER120W,401959,401981
YPL161C,244168,244163
YNR023W,672196,672182
YOR187W,685455,685455
YMR070W,410789,410767
YDL005C,440848,440848
YDR348C,1170113,1170113
YJR048W,526794,526794
YBR020W,280518,280518
YNL157W,341003,340998
YBR259W,732631,732629
YOL084W,165367,165366
YHR100C,313801,313807
YLR114C,374817,374817
YPL108W,349047,349047
YJR145C,701989,701989
YMR139W,547413,547413
YKR038C,511999,511997
YPR078C,697123,697119
YDR288W,1038190,1038190
YHR103W,323092,323113
YCR026C,163996,163996
YHR040W,189176,189176
YOL055C,224438,224438
YKL180W,110162,110155
YML067C,138987,138987
YJL140W,151650,151594
YDL195W,111117,111117
YMR237W,745994,745994
YHR089C,282455,282455
YNR011C,644122,644138
YJL093C,254597,254696
YPL222W,132368,132368
YOR316C-A,907672,907681
YMR219W,712219,712219
YIL113W,151183,151183
YLR002C,154235,154235
YPR201W,941191,941191
YIL021W,314014,314014
YEL017C-A,122620,122619
YER057C,270698,270698
YCR057C,220343,220343
YOL129W,78245,78356
YJL092W,261021,261012
YPL179W,210029,210029
YNL254C,167811,167811
YER123W,406798,406798
YMR087W,443405,443405
YBR264C,737796,737795
YKR043C,520723,520719
YDR437W,1337830,1337832
YPL016W,525070,525137
YOL120C,93260,93287
YGL071W,374178,374178
YPR074C,692702,692702
YIL057C,247874,247874
YER049W,253689,253689
YLL006W,137935,137953
YNL104C,424892,424892
YMR182W-A,625856,625856
YDR148C,753438,753438
YIL129C,105894,106058
YOL115W,103318,103318
YDR311W,1087027,1087001
YKL065C,316409,316409
YBR024W,290546,290546
YPL050C,460553,460553
YLR011W,169846,169848
YMR266W,801489,801490
YFL044C,44471,44471
YOR126C,559985,559985
YER119C,399439,399439
YJR151C,712155,712312
YML115C,40174,40174
YDL213C,77216,77256
YJL111W,209761,209784
YMR119W,507287,507287
YOR017W,363929,363929
YBL041W,141974,141974
YIL039W,279902,279899
YOR022C,373741,373741
YDR410C,1292349,1292349
YKL088W,277223,277223
YOR317W,911723,911688
YBR102C,445009,445009
YIL073C,222905,222905
YLR284C,706073,706073
YGL222C,80505,80515
YHR182W,470575,470568
YPR035W,643518,643518
YHR192W,487763,487768
YPR137W,804254,804254
YER155C,476161,476161
YIL026C,304370,304370
YGL250W,32802,32802
YDL156W,176389,176389
YAR031W,187848,187848
YPL045W,469927,469929
YKL037W,369804,369804
YPR071W,688852,688852
YDR092W,630711,630711
YHR010W,127630,127694
YJL172W,99658,99706
YGL047W,412249,412261
YNL121C,398449,398450
YHR083W,273754,273610
YKR031C,501091,501091
YLR263W,673144,673144
YDR287W,1037207,1037207
YCL064C,15790,15790
YJR152W,721239,721240
YIL023C,309407,309407
YDR125C,701353,701353
YKR005C,448485,448485
YLR095C,329538,329538
YKR057W,552485,552485
YJL186W,82095,82095
YGR028W,543342,543373
YLR247C,628517,628508
YPL208W,159717,159717
YDR374W-A,1225326,1225326
YNL112W,416404,416404
YDL160C,170231,170250
YDL132W,226941,226940
YPL242C,90412,90412
YHR094C,290754,290754
YOR339C,958138,958138
YGR170W,840850,840835
YBR225W,673628,673487
YEL035C,84957,85034
YDR494W,1438137,1438165
YBR114W,469621,469734
YNR039C,697550,697550
YAL039C,68708,68706
YPL029W,497684,497684
YLR053C,248190,248190
YML023C,226884,226884
YHL029C,45865,45905
YDR364C,1202649,1202649
YDR121W,694185,694185
YKR065C,565176,565158
YGL208W,98626,98626
YMR183C,626634,626643
YIR026C,404710,404710
YML085C,97735,97737
YBR249C,716776,716776
YGR254W,1002324,1002449
YDR363W,1200753,1200753
YLL040C,54115,54244
YER103W,366613,366613
YIL101C,175348,175334
YEL032W,89956,89956
YKL058W,330651,330651
YER147C,462894,462906
YJL151C,136364,136362
YBR057C,352032,352032
YGR004W,504644,504483
YDL136W,218480,218480
YDR145W,748653,748653
YNL282W,108620,108631
YMR274C,814413,814416
YOL158C,19283,19284
YGR221C,937102,937126
YNL090W,457546,457402
YER060W,276388,276388
YDR190C,840540,840530
YPL211W,154209,154231
YBR217W,658703,658703
YOR217W,752188,752188
YAR035W,192309,192309
YDL022W,413151,413151
YER113C,387712,387712
YDR267C,1002332,1002210
YHR016C,136687,136687
YNL280C,108967,108968
YNL064C,505756,505756
YJL159W,122011,122076
YCR100C,301232,301352
YBR286W,776286,776286
YFL020C,99239,99239
YGR289C,1073961,1073962
YEL042W,75406,75377
YGR032W,553991,554007
YER086W,330336,330334
YGR156W,801877,801863
YPR167C,876874,876874
YEL048C,64630,64630
YDL116W,253746,253759
YGR104C,697422,697326
YDL080C,310491,310490
YIR016W,383515,383515
YNL141W,360641,360641
YER009W,172620,172620
YPL013C,528813,528813
YNL164C,325227,325227
YOR148C,608555,608555
YDR236C,935203,935080
YKR069W,573374,573386
YLR089C,318095,318095
YHL032C,36385,36385
YMR201C,665690,665764
YOR141C,589979,589998
YLR078C,285679,285620
YGL173C,175454,175455
YPL033C,487461,487458
YJL104W,227999,228015
YOR094W,503577,503577
YMR091C,450051,450051
YLR216C,572017,572017
YJR015W,464448,464436
YPR103W,733253,733279
YGL004C,490721,490721
YMR194C-B,652367,652367
YKL003C,436958,436958
YER007C-A,166106,166105
YIL044C,272798,272798
YJR118C,643450,643450
YMR166C,593200,593200
YKR054C,535506,535506
YMR187C,634698,634698
YLR251W,642340,642339
YHR129C,362851,362851
YDR341C,1151584,1151584
YPR182W,900488,900488
YOR036W,401340,401340
YNL278W,116657,116657
YOR098C,507800,507800
YKR013W,465016,465016
YPL190C,185144,185144
YPL221W,135643,135643
YGR127W,748015,748015
YDR505C,1456309,1456309
YEL006W,145797,145797
YML100W,73992,74060
YBR128C,492821,492821
YLR197W,547775,547774
YML046W,183559,183556
YBR019C,276350,276350
YLR254C,644289,644289
YEL072W,14781,14781
YPR006C,567252,567263
YOR278W,843842,843842
YFR046C,243049,243049
YBR280C,762558,762558
YMR009W,284577,284584
YKL176C,115508,115506
YBR252W,723192,723193
YPL043W,472063,472029
YLR270W,682468,682468
YHR148W,394402,394402
YER175C,539264,539255
YGL125W,274242,274242
YEL005C,145797,145809
YCL048W,43537,43515
YBL004W,235165,235163
YJR109C,629444,629454
YBR184W,599131,599131
YPR033C,637216,637216
YGR035W-A,557789,557789
YMR157C,571292,571301
YEL012W,132759,132759
YLR229C,604084,604067
YGR134W,761367,761367
YBL042C,138215,138215
YBL088C,50962,50962
YHR051W,210226,210226
YGR091W,667935,667935
YPL037C,481441,481441
YDL033C,392437,392501
YDR365C,1204419,1204419
YKL067W,315446,315446
YBL039C,143736,143886
YMR167W,597134,597134
YDL189W,123661,123660
YDL129W,231993,231991
YJL049W,347476,347476
YBR278W,761089,761089
YPL131W,304116,304104
YBR040W,317806,317787
YMR076C,416023,416023
YDR438W,1339393,1339403
YLR119W,386319,386318
YJL141C,147737,147772
YBR143C,530776,530776
YLR390W-A,904701,904700
YDL076C,320477,320477
YNR035C,693026,693026
YPL111W,340955,340955
YDR205W,861498,861499
YPR190C,917063,916910
YER078W-A,318743,318743
YAL011W,134277,134277
YCL048W-A,41690,41690
YLR166C,495450,495450
YIL126W,122137,122137
YDR106W,667842,667842
YNL262W,155080,155080
YKR072C,576299,576299
YGL245W,41211,41211
YDR155C,768423,768423
YFL008W,123117,123117
YJR009C,453526,453566
YDR534C,1503306,1503306
YAL025C,99998,100011
YBR205W,634975,635108
YNL065W,505492,505576
YAL064C-A,13440,13440
YIL108W,163138,162986
YEL011W,135204,135204
YOL097C,136502,136502
YGR099W,689948,689949
YGR040W,576707,576707
YMR298W,864479,864337
YDR146C,748515,748413
YNL295W,78641,78641
YDR213W,892617,892777
YHR063C,223988,223988
YJL034W,383546,383546
YOR020W-A,372194,372195
YMR242W-A,754361,754361
YGL112C,298019,298019
YAR008W,159856,159858
YBR070C,379125,379125
YPL196W,175995,175995
YHL021C,64469,64469
YPR199C,937980,937980
YHR028C,164974,164974
YML118W,33865,33865
YLR369W,861574,861574
YPL201C,169717,169711
YHL003C,100378,100378
YJR012C,459629,459629
YBR242W,705403,705403
YKL210W,42385,42385
YKL172W,127165,127165
YAR020C,176773,176773
YLL025W,95390,95402
YLR352W,833604,833606
YDL030W,399217,399268
YMR272W-B,811171,811171
YAL014C,128045,128041
YOL147C,47822,47822
YDL214C,74420,74420
YMR132C,534699,534699
YMR173W,610027,610174
YOR266W,822385,822203
YOR020C,370363,370373
YNL172W,316130,316130
YDR114C,681908,681907
YCL047C,43537,43515
YPR170W-B,883829,883829
YDL081C,309595,309595
YNL076W,485284,485284
YGL168W,187696,187696
YOR293C-A,868050,868050
YKR096W,630558,630392
YER188C-A,569526,569526
YMR315W,903946,903938
YNL091W,456291,456116
YJR098C,613088,612937
YBR229C,676247,676247
YJL071W,308020,308024
YGL229C,64306,64306
YGR271C-A,1037624,1037624
YHR110W,333100,333100
YGR165W,830246,830233
YLR093C,326185,326185
YPL259C,51100,51027
YML024W,226852,226713
YAL031C,84694,84694
YHR080C,262840,262840
YNL133C,373962,373962
YNL287W,94935,94935
YOR286W,850983,850983
YIL130W,105890,105890
YEL029C,96501,96494
YDR424C,1319366,1319366
YKL106C-A,237227,237227
YIL098C,179700,179689
YPL149W,272244,272244
YLR260W,668063,668043
YIL053W,256074,256088
YPL017C,518711,518711
YDR454C,1366168,1366168
YHR077C,252396,252409
YGR251W,996660,996649
YPR082C,704129,704127
YAL033W,83375,83375
YDR316W,1095218,1095218
YOR198C,718423,718479
YHR115C,339996,339996
YNL275W,121166,121155
YNL087W,466054,466054
YDR131C,716614,716614
YGL155W,215369,215532
YNL148C,349763,349763
YKL018W,405212,405212
YGL119W,286054,285919
YLL052C,35828,35828
YGL220W,82856,82856
YNL098C,439518,439529
YMR273C,811171,811171
YGL212W,92284,92284
YDR172W,810578,810575
YMR033W,339473,339473
YPL064C,428603,428603
YPL084W,396725,396725
YER048C,246901,246901
YGL056C,396022,396022
YER179W,549506,549498
YJL014W,409252,409252
YNL238W,204924,204924
YMR062C,394925,394925
YNL243W,190931,190917
YOL049W,240252,240252
YGR048W,590917,590917
YPL011C,533490,533490
YCR060W,224863,224863
YER183C,553198,553198
YNL068C,495546,495578
YDR460W,1384826,1384826
YER078C,316717,316717
YBR202W,628538,628545
YOL098C,132473,132475
YDL137W,217156,217156
YLR285W,708375,708389
YMR247W-A,769417,769330
YOL019W-A,288665,288664
YGL244W,43316,43316
YER075C,308311,308311
YAL005C,139393,139261
YMR215W,698566,698565
YDR045C,547721,547721
YFR005C,154244,154244
YEL041W,77659,77847
YPL066W,427679,427679
YLR438C-A,1013710,1013710
YIL042C,274937,274919
YLR290C,716951,716951
YLR054C,248620,248620
YPL030W,495309,495262
YPL133C,299793,299793
YOL101C,126894,126894
YMR148W,560951,560951
YDR229W,926152,926152
YGL184C,154549,154711
YNL199C,264759,264759
YHR143W,386749,386749
YHL014C,76078,76078
YNL084C,469956,470030
YNL144C,352727,352727
YGR002C,498254,498236
YGR037C,559575,559575
YNL241C,196192,196192
YDR330W,1129612,1129612
YDR393W,1261349,1261349
YJR094W-A,608913,609083
YJR053W,535727,535727
YBR200W,622665,622665
YOL062C,210524,210525
YJR101W,619095,619095
YPR104C,733253,733279
YPR027C,620368,620368
YIR013C,380104,380104
YMR206W,676798,676798
YGR245C,979532,979532
YLR328W,786230,786196
YLR299W,728100,728251
YIL034C,289109,289109
YKL109W,234161,234161
YPL150W,271119,271119
YNL156C,341003,340998
YPR015C,590036,590049
YHR185C,474705,474705
YOR019W,370363,370373
YFL052W,29553,29553
YNL009W,616070,616070
YNL096C,443281,443281
YPL012W,533490,533490
YJL011C,414130,414237
YFL049W,38777,38777
YPL265W,43277,43277
YAL038W,73435,73435
YPR067W,682944,682944
YBL086C,61229,61229
YOR152C,617379,617379
YNL256W,167258,167259
YLR221C,578220,578220
YGR195W,889653,889641
YBL071C-B,89419,89419
YOR160W,636846,636846
YHR062C,222770,222770
YGR027C,534015,534015
YDR107C,668815,668817
YER082C,324123,324123
YBR207W,636634,636651
YCR088W,266913,266913
YDR141C,734706,734706
YLR223C,581998,581998
YGR012W,514332,514331
YER053C,258594,258594
YCR087C-A,263906,263906
YDL043C,375515,375515
YHL001W,105199,105199
YPR143W,819222,819221
YDR056C,564827,564827
YDR524C-B,1489202,1489202
YJL031C,386245,386176
YLR190W,537007,536999
YKL148C,169090,169091
YML074C,119984,119984
YFL009W,118566,118566
YOR056C,430240,430280
YLR337C,802505,802505
YCR068W,238691,238691
YCR105W,310172,310169
YLR363C,852528,852528
YML048W,179825,179828
YAL018C,118561,118561
YOR021C,372597,372597
YKL046C,350991,350991
YIL155C,51463,51463
YDL049C,365055,365055
YPR058W,674851,674851
YOR316C,906165,906107
YOL088C,153724,153724
YOR163W,643453,643453
YLR213C,566554,566554
YOL117W,99433,99433
YCL029C,68419,68419
YBR016W,270792,270789
YLR353W,836314,836314
YHR188C,481828,481828
YJL126W,185585,185585
YKR036C,508607,508607
YKR055W,549313,549322
YNL029C,577097,577097
YHR204W,508809,508809
YFR004W,154464,154464
YER007W,166176,166176
YLR276C,694886,694886
YJR032W,492464,492464
YPL189C-A,188100,188100
YJL181W,87628,87628
YIL001W,355514,355477
YJR149W,708306,708298
YPL119C-A,324009,324058
YNR069C,761161,761161
YKR060W,557361,557361
YLR396C,910139,910139
YDL120W,246530,246530
YPR096C,724939,724939
YJR036C,500605,500601
YCR028C,170640,170635
YER129W,420988,420867
YLR268W,680857,680857
YNL010W,614372,614372
YDR399W,1270838,1270838
YOR341W,966264,966219
YNL008C,616070,616070
YER032W,217958,217958
YJR050W,529617,529615
YLR313C,760732,760732
YCR099C,300877,300927
YNL309W,54108,54182
YNL020C,595478,595478
YML063W,147398,147398
YKL040C,360761,360761
YMR193W,651014,650848
YGR227W,949179,949179
YOR008C-A,342940,342940
YNL181W,299576,299576
YPR144C,819736,819754
YER071C,301829,301979
YPR160W,864004,864004
YNR061C,742532,742532
YNL225C,222672,222669
YLR207W,559509,559517
YPL106C,349955,349955
YLR141W,424741,424734
YDR529C,1495961,1495961
YOR351C,995100,995103
YBL014C,198942,198942
YGR078C,639743,639748
YOR052C,426553,426557
YKL079W,288728,288726
YBR089C-A,426100,426100
YBL051C,122551,122551
YNL286W,96077,96077
YBR182C,593261,593261
YDL072C,329836,329836
YBR003W,244454,244454
YHR210C,520484,520484
YHR015W,136779,136770
YDR083W,613324,613323
YNL045W,544968,544969
YPR037C,646455,646455
YBR028C,294271,294271
YLR031W,204704,204704
YOR100C,513200,513200
YJL134W,159592,159604
YDR507C,1462210,1462210
YMR198W,661717,661724
YHR005C,113477,113418
YIR018W,385351,385387
YPL203W,167649,167649
YGR167W,833265,833274
YOR259C,812223,812223
YBL099W,38956,38956
YAR023C,179366,179366
YOR250C,800955,800955
YGR146C-A,785155,785155
YER081W,324311,324312
YOL125W,85199,85199
YML101C,69738,69703
YHR123W,356176,356162
YLR068W,271543,271668
YLR042C,229879,229879
YKL154W,162368,162369
YCL011C,102034,102034
YOL003C,321783,321783
YBR164C,567820,567820
YKL146W,173890,173890
YOR377W,1048123,1047937
YOL022C,280091,280091
YIL047C,264873,264873
YMR192W,649429,649448
YIL051C,257672,257672
YBR050C,337252,337252
YBL040C,141974,141974
YMR240C,749957,749957
YKL155C,159390,159390
YLR138W,421363,421517
YDR335W,1144899,1144841
YEL017W,124817,124821
YMR172W,608220,608220
YGL176C,171274,171274
YJL058C,326105,326107
YOL004W,321622,321564
YER072W,303260,303260
YFR011C,166518,166515
YBR291C,783570,783571
YHL039W,23667,23667
YPR016C,592035,592035
YNL001W,628589,628589
YDR470C,1399575,1399520
YKL208W,47986,47986
YOR165W,647097,647097
YGL142C,236169,236172
YGL227W,72801,72811
YPL273W,26172,26172
YOL069W,200483,200487
YEL056W,48388,48388
YGR056W,604526,604526
YLR361C,847046,847022
YJL041W,368538,368538
YOR006C,337614,337614
YJL117W,193677,193677
YCL016C,94576,94578
YGL180W,162739,162787
YIL154C,53977,53979
YDR019C,484014,484080
YER182W,553414,553419
YKR062W,560791,560792
YDL202W,99294,99290
YAL007C,137579,137458
YJL102W,233952,233950
YOL155C,28505,28518
YNL025C,584017,584018
YFL040W,52952,52931
YOR376W-A,1045425,1045425
YJL185C,82095,82095
YIR018C-A,385543,385543
YCR076C,249181,249176
YLR448W,1030094,1030090
YHL006C,98029,98029
YGR033C,553991,554007
YHR191C,486241,486241
YCR015C,141157,141161
YJL216C,24085,24085
YML111W,49894,49894
YPR171W,885551,885535
YJR142W,698314,698314
YDR262W,994144,994155
YDR496C,1441428,1441432
YNL155W,343478,343478
YGR015C,520824,520824
YAL054C,42907,42907
YNL007C,618356,618508
YKL130C,195241,195241
YGR261C,1014213,1014201
YER161C,499082,499082
YGR229C,949179,949179
YIL050W,259920,259950
YOL109W,110700,110712
YOR073W,466760,466760
YDR397C,1266121,1266122
YAL015C,126990,126990
YFR048W,248123,248123
YMR063W,397712,397712
YOL014W,300243,300243
YFL028C,79168,79356
YFR033C,224262,224262
YMR069W,408810,408810
YER140W,453415,453415
YGL017W,461421,461421
YDL142C,201531,201531
YBR073W,386056,386056
YDR216W,899048,899078
YPL019C,514523,514515
YGL170C,184212,184166
YLL050C,39666,39628
YIL096C,181913,181978
YOR069W,455909,455965
YDL056W,355404,355415
YHR106W,326827,326827
YLR412C-A,950179,950279
YJR084W,585237,585237
YNL004W,624787,624787
YPR156C,837689,837682
YGL092W,341846,341946
YLR305C,738128,738128
YBL034C,153677,153677
YLR383W,888704,888601
YGL221C,81340,81340
YBR119W,480430,480423
YHR158C,413482,413482
YIL033C,290308,290319
YCR046C,209900,209907
YBR129C,494122,494122
YHR091C,284873,284873
YDR430C,1325529,1325529
YDR528W,1495961,1495961
YPL231W,114361,114361
YER043C,235651,235651
YOR032W-A,392345,392345
YJR115W,640675,640675
YML036W,206497,206497
YIL056W,251907,251907
YPL076W,411491,411430
YCR008W,130510,130509
YDR163W,781972,782139
YPR083W,706685,706685
YPR133C,795898,795952
YDR180W,825813,825813
YOR320C,913539,913539
YOL113W,106429,106310
YLR342W,815761,815761
YPR020W,600339,600395
YIL091C,190915,190942
YPL115C,331806,331806
YDL233W,38255,38254
YER105C,367785,367785
YIR014W,381717,381717
YLR367W,857272,857272
YBR053C,339587,339588
YLR362W,852177,852177
YIL049W,260910,260911
YDR386W,1248157,1248157
YDR174W,813000,813011
YKL125W,210204,210223
YLR013W,171831,171831
YMR149W,562005,561987
YOR066W,451559,451560
YJL074C,299154,299154
YLR418C,956734,956734
YJL162C,113622,113622
YBR094W,434324,434324
YHR039C,184782,184662
YFL007W,129922,129894
YOR372C,1034554,1034556
YKL086W,278850,278843
YDR389W,1254705,1254705
YLR432W,1004237,1004237
YLR423C,971632,971632
YKL052C,339730,339730
YNL137C,368538,368607
YCR090C,272328,272315
YNR070W,769376,769376
YBL007C,212614,212614
YNR002C,633045,633045
YNL214W,246488,246488
YIL062C,243930,243940
YGL127C,270184,270301
YNL248C,181117,181195
YBR180W,591498,591496
YJL047C,349371,349371
YBR170C,576228,576243
YIL156W-B,48127,48126
YOL039W,254753,254878
YBR273C,748007,747987
YGL006W,489524,489524
YPR198W,935673,935673
YNR057C,733235,733235
YMR236W,743716,743716
YER132C,424996,424996
YLL005C,138022,137953
YJL097W,246236,246236
YGR106C,698949,698949
YNL062C,508683,508683
YNL299W,68591,68591
YDR043C,542651,542651
YHR057C,218114,218106
YER054C,262003,262011
YPL234C,104765,104768
YNL314W,45364,45364
YLR162W-A,490497,490497
YGL253W,25638,25638
YKL195W,77162,77162
YKL009W,426987,426987
YML116W,39968,39968
YJL168C,102043,102043
YPR148C,826804,826804
YGL130W,267628,267628
YIL109C,157226,157226
YBR136W,513016,513016
YJL137C,154851,154848
YOR365C,1023445,1023444
YER024W,204955,204954
YDR109C,673385,673306
YGR158C,805170,805170
YDR119W,690643,690643
YMR056C,387275,387254
YLR055C,251196,251325
YBR297W,802177,802177
YFR010W,166727,166727
YLR201C,549350,549350
YLR003C,156863,156863
YGR152C,794630,794632
YBR061C,364561,364561
YMR208W,685943,685943
YGR208W,912910,912910
YFR052W,253275,253275
YJR144W,701816,701808
YHR049W,207365,207365
YLR340W,806943,806944
YDL141W,205398,205398
YJL042W,365645,365510
YMR256C,778727,778726
YLR185W,523429,523312
YNL173C,308784,308906
YGL207W,102145,102168
YOL093W,143775,143775
YHL025W,55995,55995
YMR164C,586866,586866
YOR044W,413604,413605
YIL036W,287507,287507
YAL043C,58704,58719
YNL012W,611689,611712
YEL038W,81205,81205
YER098W,357802,357801
YKR090W,611229,611229
YKL132C,193309,193309
YNL207W,256856,256858
YHR048W,206452,206452
YPL143W,282975,282931
YMR315W-A,904293,904296
YBR157C,553469,553469
YBR107C,453818,453818
YMR133W,537659,537522
YLR151C,441380,441380
YBR076W,391237,391343
YOR172W,656650,656842
YLR443W,1024113,1023985
YLL045C,47768,47768
YGL145W,232504,232504
YJL192C,72537,72537
YIL089W,196249,196249
YAL036C,74759,74759
YJR151W-A,717533,717533
YFR027W,208506,208520
YBL067C,93619,93619
YER104W,367677,367677
YCR065W,231295,231333
YIL149C,62991,62991
YFR038W,232094,232094
YPL241C,95298,95298
YBR048W,334087,334087
YPR174C,887918,887880
YMR138W,545699,545699
YGR179C,853551,853551
YPR135W,802005,801965
YGR247W,985682,985682
YNL208W,255179,255179
YKL144C,175806,175652
YOR075W,469321,469345
YLR267W,679924,679924
YNL329C,19600,19598
YMR101C,468421,468421
YML062C,147398,147529
YHR066W,230911,230911
YDR338C,1147200,1147200
YML003W,264335,264382
YDR135C,722854,722854
YBL102W,25036,25036
YLR307W,746480,746480
YNL130C-A,381257,381257
YBR215W,655351,655351
YFL018C,101640,101640
YGR001C,497156,496981
YKL204W,55689,55689
YGR263C,1017973,1017965
YBR135W,505439,505439
YKL135C,186452,186452
YPR032W,637412,637410
YMR154C,566053,566053
YMR181C,623451,623451
YLR195C,541839,541933
YNR006W,638941,639014
YBR132C,499419,499419
YGR204W,908796,908796
YFR037C,227420,227301
YGL007C-A,482842,482838
YOL111C,108226,108272
YKR102W,649941,649941
YKL074C,294631,294631
YDL240W,26121,26121
YKL105C,238934,238875
YDR153C,766522,766522
YBR130C,495470,495470
YBR196C-A,614094,614093
YNR016C,654624,654496
YDR179W-A,820918,820918
YDL197C,104643,104643
YER121W,402705,402705
YDR276C,1013260,1013199
YMR083W,436063,436063
YFL024C,87534,87543
YJL204C,50643,50640
YGL206C,102273,102273
YPR128C,791077,791077
YLR287C,710858,710858
YIL093C,187851,187843
YOR027W,382997,382997
YDR447C,1354718,1354623
YBL098W,40690,40690
YHR098C,299006,298914
YGR150C,790323,790323
YNL259C,157561,157561
YHR179W,463859,463859
YOL151W,44721,44721
YJR119C,644357,644357
YBR147W,537471,537468
YIL074C,220994,220994
YNL255C,167024,166992
YHR014W,132878,132878
YLR006C,161603,161769
YHR207C,514753,514753
YHR060W,221274,221273
YHL030W,45660,45645
YGL148W,227537,227537
YGR279C,1048659,1048659
YHR157W,413649,413661
YER166W,517553,517580
YBL105C,14154,14133
YKR021W,482140,482123
YMR216C,698594,698595
YGR194C,885932,886019
YJL148W,141307,141306
YGL197W,129536,129508
YKL121W,216854,216854
YNL061W,512616,512617
YCR054C,218169,218081
YDL170W,158046,158062
YER045C,239962,239962
YOR070C,455909,455909
YOL094C,141584,141584
YKL062W,325377,325377
YOR038C,402597,402597
YLR174W,505768,505768
YNL169C,316130,316130
YLR289W,716951,716951
YEL007W,143995,143995
YNL027W,581673,581673
YLR245C,626509,626588
YDR427W,1323523,1323549
YDR254W,966430,966435
YBL027W,169554,169554
YDR374C,1223514,1223514
YLL038C,65839,65839
YBL009W,209409,209409
YOL013C,301389,301389
YMR068W,407680,407680
YMR258C,782646,782636
YFR049W,249087,249090
YMR189W,640711,640711
YNL044W,545998,545998
YCL033C,62676,62676
YJL153C,134239,134251
YDR111C,677903,677889
YLR010C,167095,167095
YGR110W,714989,714989
YER053C-A,261014,260997
YBR189W,605607,605612
YDR086C,616834,616834
YJR122W,651391,651249
YKR063C,560627,560627
YER152C,472570,472562
YDL121C,244856,244856
YPL069C,422621,422621
YGL010W,476302,476302
YNL294C,78470,78470
YGR271W,1037816,1037815
YOR145C,605243,605243
YAR015W,170350,170350
YMR145C,554560,554560
YLR336C,799646,799590
YER125W,413074,413074
YBR276C,757591,757633
YDL024C,408469,408469
YPR017C,593271,593423
YFL010C,114924,114924
YLR442C,1019320,1019320
YBR250W,720594,720594
YPL200W,171928,171919
YDR463W,1388499,1388499
YOL103W,125951,125951
YJL217W,23845,23844
YDR404C,1276444,1276444
YDL146W,194213,194213
YMR025W,324216,324217
YAR033W,188880,188880
YNL122C,397944,397915
YNL083W,473153,473143
YJL027C,391810,391777
YJL066C,313953,313953
YGR256W,1006421,1006421
YPR023C,608710,608710
YNR047W,711383,711386
YPL118W,327783,327782
YMR223W,718450,718449
YNL298W,71460,71460
YDR046C,548719,548712
YEL023C,108364,108364
YOL064C,206088,206095
YOR085W,483248,483248
YDL021W,415042,415042
YIR032C,414926,415045
YGL216W,87267,87267
YDR253C,963942,963937
YER130C,420988,420867
YDR519W,1480997,1480997
YIL097W,182096,182099
YLR409C,934459,934459
YMR121C,509735,509735
YGR125W,745497,745499
YER172C,529401,529402
YCR028C-A,172779,172779
YML086C,95670,95669
YIR021W-A,398747,398747
YPL167C,232436,232436
YDR014W-A,478531,478531
YPR165W,876160,876159
YDR312W,1089031,1089031
YBR267W,741078,741078
YDL075W,323112,323125
YKL164C,141441,141441
YKL087C,277022,277022
YMR036C,341665,341674
YHR128W,363053,363053
YIL132C,99812,99784
YGL205W,110456,110456
YLR233C,607118,607118
YMR227C,722392,722402
YMR221C,713913,713912
YHR176W,455686,455686
YIR038C,423618,423618
YDR031W,504071,504071
YMR125W,520622,520605
YPR188C,911914,911942
YOR150W,612652,612652
YOL066C,202732,202732
YGL137W,252982,252985
YKL039W,364501,364351
YPL141C,283144,283301
YJL112W,207540,207540
YLR211C,563356,563356
YJR055W,539297,539347
YOL121C,91899,91880
YDR444W,1352335,1352313
YKL194C,77162,77162
YIL002W-A,350660,350669
YMR250W,772822,772822
YIL145C,76345,76345
YDR349C,1172313,1172313
YCR107W,314962,314961
YPR051W,665621,665642
YDR217C,899433,899420
YDL210W,85963,85963
YFR014C,172279,172279
YBR172C,579012,578941
YER173W,538454,538454
YGR136W,763499,763499
YFR016C,177008,177014
YOL001W,326237,326238
YPL195W,179012,179010
YER015W,186944,186944
YPL055C,453830,453830
YIL008W,342974,342864
YJL176C,91776,91892
YKL205W,53435,53435
YLR364W,854305,854305
YDR420W,1311766,1311766
YJR090C,590717,590717
YDR300C,1061368,1061371
YLR149C,437687,437687
YNL192W,279913,279913
YBR287W,777886,777886
YLL012W,127381,127249
YAL028W,94659,94659
YLR150W,441589,441589
YBL080C,72934,72934
YNL138W,368538,368607
YBR118W,479145,479145
YKL091C,269721,269723
YML128C,15032,14992
YDL085W,304809,304809
YLL011W,129028,129028
YKL170W,131255,131255
YER023W,201914,201914
YKL189W,86072,86072
YDL073W,329548,329573
YKL053C-A,339016,339016
YBL049W,127196,127196
YKL116C,221175,221208
YJL038C,375058,375058
YAR019C,172129,172129
YBR236C,690177,690174
YHR197W,496340,496340
YOR164C,643281,643290
YDR169C,792011,792011
YGR186W,870085,870090
YBL038W,146909,146919
YGR243W,977932,977932
YCL056C,26829,26817
YBR211C,646033,646033
YDL118W,247781,247781
YGR159C,806224,806212
YDL181W,135522,135522
YBR243C,705403,705403
YNR060W,742360,742361
YCL031C,64497,64497
YDL199C,101308,101308
YBR220C,662897,662897
YCR007C,125964,125964
YKR077W,584745,584725
YJL088W,269927,269927
YMR263W,795560,795560
YLR441C,1017930,1017933
YHR052W,212157,212157
YJR003C,440988,440988
YPL163C,241737,241737
YML105C,57677,57663
YPL070W,422999,422999
YDR275W,1013260,1013199
YGL179C,163405,163405
YNL213C,246316,246316
YKL119C,218521,218521
YGL045W,415910,415910
YIL116W,144231,144231
YOL148C,45620,45620
YIL165C,33785,33785
YPL210C,154209,154231
YJL190C,74782,74782
YDL044C,373954,373954
YER093C-A,347876,347878
YBR279W,762795,762773
YDL042C,376741,376741
YHL034C,32984,32984
YER153C,473986,473986
YEL049W,64048,64048
YKL108W,235887,235887
YNL218W,240324,240324
YPL093W,373232,373232
YOR251C,802529,802529
YDR210W,871440,871440
YMR034C,339473,339473
YJL212C,33665,33665
YLR128W,399673,399673
YOL087C,154968,154968
YDL060W,344144,344144
YDR281C,1021928,1021928
YDL018C,422482,422482
YDL064W,338154,338154
YNL183C,293016,293016
YOR234C,778383,778383
YHR027C,161518,161518
YBR210W,646301,646301
YOL077C,185789,185777
YMR039C,348550,348550
YKR039W,516913,516913
YMR235C,741280,741277
YHL022C,62986,62986
YPL171C,226070,226070
YJL130C,165542,165548
YIL072W,228447,228409
YPR145C-A,824631,824631
YGL224C,77901,77901
YNL071W,493175,493175
YML121W,28026,28026
YNL003C,624787,624787
YLR079W,287796,287796
YNL269W,138004,138091
YHR139C,378317,378317
YNL217W,241319,241329
YER141W,455201,455201
YBL052C,119351,119352
YJR046W,523867,523867
YDR318W,1105156,1105156
YIR033W,419575,419575
YNR051C,716430,716430
YLR191W,538561,538560
YJL173C,96175,96177
YKR051W,532229,532228
YPR088C,711390,711390
YMR001C-A,271287,271288
YMR042W,353460,353442
YLR180W,516662,516714
YLL022C,98919,98909
YCL052C,33969,33969
YDR320C,1105965,1105965
YBR196C-B,614478,614478
YPL258C,53478,53478
YOR175C,659569,659571
YNL132W,378484,378484
YDL048C,366761,366722
YDR319C,1104982,1104859
YKL101W,253495,253496
YNL070W,493753,493685
YNL119W,402730,402753
YJL179W,89272,89311
YOR130C,569842,569855
YDR298C,1058072,1058072
YHR076W,252396,252409
YPL228W,120277,120283
YOR194C,711526,711526
YNL049C,535216,535216
YKL094W,264319,264319
YBL024W,174754,174721
YOR091W,494617,494600
YDR308C,1077975,1077893
YNL035C,568254,568215
YLR072W,281038,281040
YGR117C,724852,724852
YBR015C,267634,267634
YMR129W,531978,532066
YDR226W,917237,917236
YML082W,103819,103834
YCR050C,213441,213450
YJL080C,285523,285523
YKL191W,82637,82637
YJR054W,537828,537838
YAR018C,170350,170350
YPR002W,560042,560042
YPL180W,207850,207850
YOL032W,266266,266266
YKL006W,432875,432876
YFR026C,205661,205661
YPL125W,316505,316505
YAL030W,87858,87858
YOL095C,139251,139251
YPR063C,677563,677548
YKL110C,228842,228837
YGR177C,848595,848666
YOR324C,923117,923117
YML088W,94268,94251
YMR143W,552921,552922
YGR052W,594895,594913
YPR052C,665431,665431
YER095W,351319,351319
YNL200C,263528,263698
YPL018W,518711,518711
YCL010C,103627,103631
YKR099W,638353,638295
YMR276W,819958,819958
YGR162W,827080,827080
YGR094W,675630,675630
YHR058C,219040,219040
YHR203C,504303,504292
YEL020C,118618,118679
YPL248C,79619,79616
YDL057W,352401,352401
YML117W,37956,37956
YDR432W,1330115,1330115
YKL203C,55955,55951
YML042W,194734,194734
YOL061W,213749,213746
YMR096W,459418,459402
YPL051W,460775,460775
YPL104W,357863,357870
YGR201C,902548,902548
YLR082C,292100,292105
YOL123W,89687,89687
YPL103C,357649,357640
YCR095C,288065,288067
YDR200C,854109,854199
YJL081C,283643,283633
YKL124W,212469,212512
YMR200W,665833,665833
YOR189W,690143,690143
YNL123W,397780,397780
YOR123C,553185,553185
YDR068W,584753,584753
YOR267C,822385,822367
YMR239C,748106,748106
YGL237C,52542,52542
YLL026W,91491,91485
YJL127C-B,181216,181219
YCL049C,39686,39701
YLR315W,765338,765338
YER159C,491486,491492
YHR211W,528805,528806
YDL045W-A,372726,372726
YPR140W,815564,815564
YKL134C,188988,188991
YNL257C,160646,160642
YDR518W,1480260,1480145
YDR227W,921887,921887
YNL209W,254095,254095
YDR468C,1397900,1397900
YAL044W-A,57901,57901
YOR323C,921538,921538
YJL012C,411253,411253
YNL079C,478453,478453
YNL015W,605835,605835
YIR036C,421950,421950
YOR014W,360193,360193
YOR045W,414217,414217
YGL166W,192017,192001
YKL186C,92622,92622
YGR273C,1038761,1038748
YBR085C-A,418571,418571
YOL023W,280253,280268
YNR055C,728257,728262
YKL060C,326414,326414
YNR044W,705874,705874
YDR363W-A,1202649,1202649
YCR083W,260124,260127
YIL007C,342857,342857
YBR153W,548281,548259
YNL165W,325227,325227
YAL037C-A,73435,73435
YPL001W,555823,555823
YMR060C,391453,391453
YGR092W,670104,670105
YKL059C,327929,327929
YJL131C,164172,164082
YLR027C,196696,196867
YLL007C,134049,134169
YLL031C,77087,77087
YJL171C,99405,99405
YGL115W,293007,293010
YFR034C,225041,225041
YBR087W,424814,424814
YKL209C,42155,42155
YEL054C,52451,52448
YJR123W,652794,652794
YJR014W,462462,462462
YNL204C,258459,258459
YLR106C,348865,348865
YPL010W,535727,535866
YPL156C,255726,255719
YGL178W,170563,170566
YPL162C,243113,243110
YFL011W,113982,113982
YBL104C,18177,18177
YBR131W,499419,499419
YLR087C,306678,306680
YFL029C,77937,77937
YJL144W,146849,146849
YOL017W,294822,294762
YBR274W,751331,751331
YGL226C-A,72625,72620
YGL210W,94649,94649
YIL041W,277565,277565
YOR131C,572038,572038
YOL013W-A,301389,301389
YMR281W,833380,833380
YOL045W,246855,246871
YGR284C,1060480,1060480
YER051W,256399,256400
YPL245W,87050,87050
YGL124C,274608,274626
YGR174C,845668,845672
YGR205W,910229,910229
YGL159W,204084,204084
YPL096W,368105,368112
YFL005W,131185,131185
YMR059W,391645,391645
YHR193C,487591,487591
YGL104C,308611,308611
YJR008W,453579,453698
YGL234W,58884,58884
YKR052C,532229,532228
YDL066W,336312,336313
YKL015W,411626,411627
YBR260C,732447,732447
YHR107C,326635,326635
YKR023W,485116,485019
YMR105W-A,478192,478225
YNR033W,690119,690120
YHL042W,16480,16480
YDL159W,174193,174193
YLR330W,789870,789872
YLR063W,265626,265626
YDL093W,292341,292507
YDL052C,362564,362656
YNL024C,586987,587094
YCR010C,132194,132194
YBR231C,682058,682234
YDR270W,1008979,1008979
YKL055C,335207,335207
YDL067C,333933,333932
YMR209C,685767,685767
YHR122W,354548,354548
YOL135C,69410,69410
YGR154C,796607,796607
YBR201C-A,624157,624157
YKL084W,281040,281032
YPR005C,565488,565474
YLR351C,829309,829313
YER090W,339492,339482
YOL142W,56253,56260
YMR310C,895744,895744
YPL164C,238983,238983
YGL117W,289339,289348
YOR113W,536791,536794
YBR086C,420020,420020
YNL031C,575433,575433
YDR082W,612111,612113
YPL140C,287232,287359
YIL161W,40160,40160
YGL213C,90057,90057
YOR373W,1039412,1039412
YLR070C,273992,274131
YFR007W,160526,160511
YPR101W,731285,731285
YOR204W,725077,725077
YJR056C,541731,541716
YDL133C-A,221528,221538
YDL012C,430929,430929
YOR249C,798555,798555
YCL014W,101318,101326
YJL096W,246997,246997
YMR175W,611451,611451
YNL058C,515674,515732
YDL177C,141062,141216
YOR023C,376002,375980
YGL138C,248493,248493
YNL005C,621189,621186
YER177W,546513,546513
YJL061W,322284,322359
YMR170C,601266,601269
YER013W,182321,182321
YGL063W,385066,385066
YPR180W,897007,897014
YOR219C,751989,751989
YDR497C,1443666,1443682
YGR252W,998331,998331
YGR122W,735459,735459
YHR007C-A,122519,122524
YGR217W,930779,930794
YFR019W,191379,191369
YBR021W,283515,283515
YDR003W,454992,454992
YGL016W,465119,465119
YDL109C,265278,265278
YPL134C,298433,298433
YOR138C,584307,584307
YLR360W,847569,847582
YDL198C,103489,103616
YOR315W,906236,906236
YDR122W,698061,698061
YPL216W,147398,147398
YER074W,307392,307392
YHL013C,77286,77287
YAL032C,83260,83263
YDL130W-A,229614,229614
YNL128W,383564,383564
YCR075C,247855,247855
YCL057C-A,23921,23940
YMR163C,584306,584306
YNL196C,270215,270373
YBL008W-A,209642,209642
YHR146W,392093,392093
YKL201C,63766,63766
YMR085W,438817,438864
YOR034C-A,397344,397344
YGR085C,648245,648275
YDR100W,655528,655528
YLR385C,893081,893081
YOR321W,918285,918304
YPR138C,810908,810908
YOR205C,725449,725337
YNL300W,66217,66209
YJL059W,326337,326289
YPL191C,183511,183498
YDR126W,704445,704445
YGL228W,69391,69391
YKL098W,257852,257852
YML076C,112217,112217
YGR240C,970587,970587
YDL168W,160767,160762
YGR128C,747797,747797
YPL215W,148623,148555
YOL054W,229830,229830
YMR220W,713913,713912
YHR124W,358359,358359
YHR086W,279819,279819
YJL057C,328097,328097
YDR260C,976372,976372
YGL015C,465119,465119
YPL107W,349955,349955
YDR421W,1315176,1315178
YIR034C,419575,419633
YDR532C,1499235,1499373
YKR017C,471411,471411
YER030W,214066,214066
YEL033W,86685,86685
YGR202C,903512,903495
YOR180C,674270,674270
YLR259C,663150,663150
YNL023C,588099,588099
YLL002W,147575,147575
YLR419W,962814,962814
YLR026C,195335,195327
YLR431C,1000081,1000081
YBR098W,443694,443694
YHR160C,419222,419198
YMR035W,341880,341876
YOL091W,147117,147116
YOR206W,729662,729648
YNR068C,759922,759928
YAL020C,113622,113621
YPR121W,780205,780205
YDL130W,230668,230668
YBR255W,726687,726675
YGR141W,771985,772164
YFL048C,38777,38777
YOR185C,681462,681462
YJL003W,433114,433288
YNL317W,42104,42104
YBR200W-A,623052,623052
YPR157W,842716,842723
YPR030W,631200,631200
YNL069C,493753,493747
YPL034W,487274,487399
YMR253C,775997,775997
YLR424W,975646,975646
YLR301W,731635,731749
YDR177W,817618,817618
YDL111C,263221,263221
YDR451C,1360911,1360911
YOR232W,775444,775445
YKL138C,185232,185232
YHR081W,268272,268359
YBR281C,764957,764957
YKL005C,432979,432964
YLR173W,504580,504583
YKL156W,159390,159390
YPL122C,319194,319194
YFR025C,203665,203667
YLR283W,706083,706234
YBR191W,607305,607311
YDR539W,1513586,1513586
YDR005C,456700,456581
YNL315C,43214,43214
YOR083W,480402,480402
YER058W,272235,272235
YNL147W,351402,351402
YKR037C,510845,510845
YIL127C,116788,116788
YDR524W-C,1489410,1489410
YIL104C,170001,170006
YKR011C,461585,461584
YNL194C,272630,272630
YIL138C,88910,88910
YKR083C,596243,596243
YJR106W,627206,627206
YHR134W,372689,372708
YBL066C,96548,96548
YHR183W,472499,472491
YDL077C,316829,316829
YGR267C,1024957,1024957
YLR273C,688973,688977
YGL151W,221115,221115
YOR192C,698823,698823
YIL164C,34063,34172
YNL328C,22448,22448
YDR303C,1068561,1068556
YDR064W,580454,580453
YNR048W,712972,712972
YLR108C,366525,366608
YBR197C,615136,615122
YJL183W,85365,85391
YLR064W,266387,266387
YKL215C,26699,26699
YDR030C,501805,501805
YBL074C,86784,86784
YML079W,110827,110827
YGL246C,37468,37468
YNL145W,352727,352727
YLR401C,922334,922334
YJR140C,690572,690573
YCR084C,259947,259883
YGL022W,454676,454827
YNL154C,343478,343478
YOR298W,876962,876962
YGL020C,457163,457166
YDR314C,1090258,1090098
YPL092W,375198,375198
YOR154W,626744,626749
YGL164C,191992,191822
YPR120C,773872,773872
YLR024C,187607,187607
YBR034C,304713,304723
YIL083C,203472,203472
YHR172W,451072,451072
YDR232W,929309,929319
YOR291W,865726,865725
YFL012W,111125,111125
YER186C,561428,561427
YER106W,373290,373232
YDR118W,688159,688135
YOL139C,60248,60247
YBL026W,171220,171217
YNL236W,210016,210040
YBR239C,698231,698239
YPR009W,577379,577379
YDL092W,293270,293267
YDL236W,33500,33500
YIL110W,157226,157226
YDR261C,977384,977486
YBR063C,366974,366974
YCR047C,210463,210616
YHL015W-A,74837,74833
YBR247C,712813,712901
YPR018W,596431,596434
YAR003W,156316,156316
YDL099W,284438,284438
YGR129W,751247,751235
YER142C,455025,455033
YGL062W,388847,388695
YOR360C,1013185,1013194
YBR295W,796700,796700
YJL050W,345728,345714
YOR369C,1028013,1028018
YMR304W,878914,878914
YKL038W,369343,369343
YNL318C,38683,38690
YMR021C,316887,316888
YJR131W,669507,669507
YDR428C,1323351,1323339
YOR295W,870142,870152
YOR256C,808196,808196
YHR020W,146087,146079
YJL132W,164172,164082
YGR281W,1057394,1057394
YDR406W,1283960,1283960
YGR207C,910650,910640
YLR389C,899389,899394
YNL292W,84173,84173
YER003C,157620,157626
YGL252C,25638,25638
YPR118W,769077,769077
YHR004C,111459,111459
YGL002W,495378,495378
YJR138W,689563,689563
YBR010W,256949,256972
YCR095W-A,289873,289873
YKL216W,26517,26517
YOR229W,770058,770059
YBL057C,112701,112701
YBR125C,487152,487152
YIL134C-A,96424,96424
YJL208C,40008,40014
YNL081C,475944,475939
YDL155W,178135,178135
YPL217C,139511,139511
YMR100W,468421,468421
YLR179C,513970,513970
YKL145W,175818,175818
YPL032C,488472,488450
YLL009C,131074,131102
YMR188C,636216,636216
YMR020W,317060,317060
YMR177W,618235,618251
YEL026W,102355,102410
YIL067C,235729,235729
YKR088C,604408,604408
YJL133W,161664,161664
YPL057C,451814,452006
YHR021W-A,149590,149590
YDL237W,32017,32016
YMR230W,733267,733267
YHR141C,381816,381816
YGL003C,492371,492371
YLL058W,25346,25337
YKL004W,436958,436958
YDR533C,1501326,1501326
YHR137W,377376,377365
YFR012W,168531,168523
YGR017W,524705,524705
YOL141W,58585,58444
YJR094C,604541,604529
YDR358W,1191929,1191806
YOL008W,311188,311188
YAL064W,21752,21752
YJL037W,377386,377387
YKL016C,407393,407378
YBR166C,569671,569671
YPL061W,434281,434281
YNL193W,276186,276043
YDL112W,263418,263418
YIR010W,377245,377245
YDR461W,1385410,1385412
YLR446W,1026841,1026841
YPL213W,151312,151315
YNL118C,402547,402556
YKL160W,153838,153838
YPL007C,541926,541926
YPL132W,302679,302679
YPR115W,758396,758396
YDL036C,387392,387380
YLR406C,930921,930921
YFR042W,239135,239135
YHL011C,80566,80566
YJR010W,458155,458155
YPL112C,337327,337327
YCR081W,258617,258617
YLL034C,70462,70462
YNR007C,638941,638924
YMR004W,275710,275710
YJL023C,397300,397300
YGR282C,1057597,1057586
YML078W,111673,111673
YMR078C,422399,422399
YLR214W,570815,570850
YNR031C,680671,680671
YDL191W,118708,118708
YLR029C,201756,201756
YGR147C,785948,785957
YOR374W,1041586,1041457
YPR084W,708546,708546
YPL194W,181380,181378
YGL081W,358313,358312
YDR479C,1415102,1415108
YPL218W,139511,139511
YOR245C,793992,793992
YNL306W,58819,58820
YBR284W,773777,773777
YMR212C,690508,690508
YJL045W,357941,357854
YNL264C,145513,145513
YDR346C,1166880,1166880
YDR084C,613324,613194
YLR390W,903576,903576
YML037C,204324,204466
YPR181C,897219,897219
YGR095C,675630,675630
YGL060W,392231,392221
YLR297W,724715,724744
YBL059W,111414,111414
YKL092C,265917,265917
YDR412W,1295571,1295571
YNL167C,319232,319238
YJL030W,388421,388404
YDR429C,1324443,1324443
YLR085C,300643,300493
YGR181W,858733,858733
YER185W,560376,560376
YLR125W,393903,393903
YMR126C,520772,520772
YPR102C,731048,731048
YHL043W,15395,15395
YDR320C-A,1108290,1108301
YOR222W,759190,759190
YBR158W,558430,558428
YNL272C,126696,126702
YNL162W-A,330833,330823
YCR024C-B,162584,162584
YDR212W,889070,889070
YPL255W,69023,69036
YLR382C,881867,881868
YML004C,261578,261578
YPR202W,943896,943896
YCR086W,264078,264078
YER157W,487366,487331
YKL190W,83758,83758
YCL030C,65841,65842
YNL021W,595646,595646
YDR042C,540483,540502
YNL304W,61596,61596
YJR059W,548358,548521
YLR115W,380740,380740
YER031C,213870,213870
YPL041C,474931,474931
YBL032W,161577,161433
YJR124C,652794,652794
YKL187C,89135,89148
YOR253W,805116,805117
YDR104C,661168,661225
YML077W,112384,112384
YML127W,19059,18998
YER080W,321879,321879
YHL007C,95075,95075
YLR023C,185517,185467
YJR013W,461564,461564
YLR453C,1041788,1041788
YLR097C,336222,336222
YDR054C,561047,561047
YDR020C,485823,485820
YPR134W,798984,798984
YJR068W,568825,568825
YHR194W,490640,490640
YBL028C,167388,167388
YOR389W,1076464,1076454
YKL096W,261870,261870
YHR034C,176953,176953
YLR372W,868531,868531
YMR094W,457346,457346
YPR040W,648489,648492
YLR100W,343019,343023
YNL166C,322134,322134
YHR012W,130649,130730
YIL060W,246867,246879
YGR081C,643104,643104
YLR346C,822232,822232
YIL158W,47004,47004
YBR056W,349329,349329
YIL144W,80262,80262
YJR103W,622455,622548
YBL076C,81001,81001
YFR057W,269445,269445
YMR300C,865562,865576
YGL006W-A,485518,485518
YEL016C,124567,124571
YGR270W,1031526,1031526
YAR027W,184614,184614
YOL081W,180529,180529
YBL035C,151480,151480
YKR093W,617769,617769
YER017C,189310,189325
YKL029C,382678,382679
YOR313C,901874,901916
YMR040W,350842,350842
YFR006W,157743,157743
YJL054W,335882,335886
YML016C,239272,239279
YLR210W,563607,563607
YLR378C,875629,875628
YDR098C,644186,644186
YMR214W,696638,696639
YLR142W,426819,426819
YMR041C,350814,350827
YPL175W,220221,220220
YMR054W,386059,386059
YJR047C,524846,524846
YLR133W,410158,410158
YFL013C,107626,107626
YBL050W,126263,126088
YDR381C-A,1238167,1238238
YER171W,529576,529578
YPR185W,909786,909793
YFR031C,216633,216643
YDR234W,933258,933258
YKL075C,292690,292690
YCL050C,37806,37806
YMR049C,368094,368094
YLR084C,296476,296475
YJL118W,192457,192457
YNL310C,51800,51800
YMR255W,778727,778726
YKL157W,158443,158467
YOR046C,414383,414383
YLR178C,513185,513185
YGR233C,954522,954522
YDR362C,1196570,1196570
YHR025W,160621,160507
YMR196W,658506,658506
YGR060W,611728,611728
YML051W,172979,172979
YLR266C,675618,675682
YDR465C,1393194,1393192
YDR371W,1220985,1221000
YHR116W,342349,342349
YOR236W,781648,781648
YDR137W,730455,730455
YAL013W,130659,130484
YJR153W,723836,723836
YHR085W,277865,277864
YGL232W,63088,63088
YJR049C,526713,526713
YGL021W,457163,457166
YPR045C,654983,654980
YOR004W,334467,334467
YMR027W,327274,327274
YBR253W,723760,723763
YOR108W,524904,524903
YLR347C,823621,823621
YJL072C,305136,305136
YGR008C,507959,507959
YMR295C,858060,858060
YDR240C,943622,943622
YEL067C,26154,26149
YEL021W,116899,116899
YDL065C,336312,336313
YLR009W,167203,167203
YLR309C,749078,749079
YGL026C,446277,446414
YLR083C,293843,293854
YPR108W-A,744493,744494
YBL001C,237114,237120
YER044C,237453,237465
YLR344W,820224,820221
YBR173C,581551,581675
YOR290C,855166,855166
YHR159W,419334,419338
YJR082C,581610,581610
YER077C,314362,314378
YLR038C,224528,224528
YNL152W,347718,347548
YJL020C,398781,398777
YHR064C,225413,225413
YOR079C,473357,473373
YKL126W,207869,207869
YDR481C,1418392,1418392
YGL128C,269086,269078
YOR149C,609457,609457
YDR307W,1077780,1077780
YPL187W,194222,194188
YGL040C,419342,419342
YDL175C,144335,144338
YHR070W,236640,236640
YDR339C,1149773,1149858
YLR069C,271543,271668
YHR121W,353345,353345
YDR258C,971720,971720
YML073C,123110,123110
YGR206W,910791,910792
YDR378C,1229247,1229247
YPL230W,116496,116496
YPL266W,40214,40227
YJL073W,305136,305136
YMR008C,280202,280213
YPL157W,255917,255917
YBR256C,727313,727313
YKR058W,554635,554635
YNL077W,483067,483067
YDR282C,1023229,1023215
YMR048W,368094,368094
YGL108C,303395,303395
YIL085C,200348,200336
YIL128W,116925,116927
YKR029C,497485,497485
YBR270C,742816,742816
YLR189C,530642,530642
YLR239C,616076,616256
YDL231C,38722,38723
YPL177C,213011,213011
YHR072W,241369,241369
YCL009C,104465,104465
YFR009W,164789,164770
YKR056W,551479,551479
YHL015W,76078,76078
YBR071W,381287,381289
YPL024W,504429,504429
YOR104W,518499,518499
YPR054W,667508,667544
YJR113C,638165,638174
YCR079W,254367,254367
YNL097C-B,440581,440581
YGL097W,323275,323268
YML098W,77957,77957
YGR047C,586362,586362
YDL027C,403694,403694
YPR048W,661166,661120
YIR007W,372944,372944
YMR105C,475757,475759
YKR100C,638785,638785
YDR403W,1276175,1276175
YDR531W,1499502,1499502
YDR395W,1266321,1266321
YOR272W,834254,834254
YMR016C,303049,303047
YOR051C,424647,424647
YGR120C,729963,729962
YPR200C,939243,939243
YMR022W,319199,319199
YER091C,339613,339616
YLR144C,429576,429584
YLL049W,41396,41396
YDL232W,38916,38916
YBL106C,10772,10772
YOL059W,218654,218654
YML108W,55317,55340
YFR021W,196338,196338
YOR239W,786905,786904
YML015C,241780,241780
YHR178W,461728,461733
YBL003C,235165,235163
YCL040W,52519,52518
YLR224W,587756,587756
YHR021C,147702,147687
YOL042W,251232,251228
YLR287C-A,712310,712361
YMR226C,721590,721626
YDR353W,1184425,1184426
YGL181W,159219,159215
YPR196W,933008,933008
YNL227C,220670,220659
YDL045C,372575,372575
YGR024C,531697,531778
YGL233W,61870,61868
YDR522C,1483762,1483751
YML100W-A,70687,70685
YCL005W,108831,108831
YOR028C,383439,383439
YGR044C,582799,582799
YAL034C,80736,80736
YDR380W,1236156,1236156
YNR015W,654671,654726
YAL021C,110661,110677
YBR096W,436695,436695
YNR052C,719286,719286
YKL045W,355167,355195
YGR087C,651273,651290
YML009C,251133,251106
YGR062C,616349,616349
YML018C,234581,234581
YDL159W-A,172301,172301
YMR210W,688837,688835
YDR143C,741945,741777
YGL055W,400445,400445
YPR169W,880115,880115
YLL008W,134049,134169
YIL090W,195401,195414
YOR095C,503448,503439
YGL161C,199124,198999
YBR139W,517151,517149
YMR211W,690573,690573
YDL180W,137651,137656
YBL064C,100378,100378
YHL012W,80395,80395
YOR367W,1026637,1026637
YJR079W,581261,581261
YLR454W,1051937,1051937
YBL061C,105167,105123
YHR144C,387706,387706
YKL017C,405212,405212
YFR013W,172501,172509
YPL192C,182719,182707
YLR377C,873825,873818
YOR382W,1060110,1060110
YJL035C,380118,380118
YGL035C,431345,431337
YOR106W,520148,520004
YLR343W,817741,817741
YLR204W,552811,552811
YPR168W,878711,878724
YEL065W,29716,29716
YML034W,212389,212406
YMR251W,773969,774004
YML010W,251133,251106
YDR516C,1475017,1475017
YIL118W,140529,140700
YKL021C,397358,397358
YAL047C,54953,54975
YHR156C,411295,411295
YHR011W,129243,129252
YDL226C,50807,50801
YBR233W,684745,684755
YIL148W,69535,69527
YDL031W,397246,397246
YIL084C,202317,202317
YIL088C,197914,197914
YOR268C,825448,825448
YGL054C,400571,400571
YJR135W-A,677314,677314
YKL165C,137791,137791
YPL058C,445561,445561
YOR078W,473357,473373
YMR055C,386059,386059
YPR117W,767488,767488
YNL038W,557956,557956
YKL072W,302066,302056
YGL175C,173345,173345
YDR101C,655528,655528
YDR117C,683805,683805
YER022W,201062,201069
YER037W,226859,226855
YJL154C,131024,131024
YJL178C,89111,89105
YKR046C,524003,524157
YLL015W,121098,121081
YLR451W,1038857,1038857
YMR010W,286454,286440
YOL073C,193791,193791
YLR430W,1000279,1000279
YOR118W,548709,548709
YGR236C,962550,962554
YOL015W,298844,298844
YDR382W,1240011,1239980
YKL162C,147448,147482
YMR123W,514069,514069
YKL129C,196203,196343
YOR319W,913539,913539
YHR069C,233460,233460
YFL047W,42585,42585
YGR126W,746530,746530
YAL035W,79502,79502
YML130C,11313,11313
YOR378W,1051141,1051139
YKL034W,374196,374183
YER076C,312432,312433
YML075C,115495,115577
YCL012C,101137,101137
YOR244W,793992,793992
YPL137C,292643,292660
YLR143W,429711,429734
YHR120W,352571,352469
YBR092C,427603,427735
YMR015C,300731,300731
YLL042C,52006,52060
YJR155W,728363,728330
YPL263C,44573,44573
YPL091W,377103,377103
YIL137C,89959,89959
YDL144C,198670,198670
YPL067C,425084,425084
YAR002W,153942,153942
YPL145C,278361,278361
YMR272C,809489,809489
YDR033W,509439,509439
YLR459W,1058523,1058523
YOL053W,231258,231258
YOR071C,459231,459231
YCR048W,213838,213838
YDR115W,682699,682699
YOL044W,248376,248376
YDR418W,1302260,1302260
YBL006C,216355,216355
YGL139W,248493,248493
YJR058C,544753,544601
YNR040W,700596,700607
YPR152C,831788,831782
YCR012W,139175,139174
YOR381W,1057853,1057840
YDR296W,1056004,1056004
YBR108W,457903,457903
YML026C,222744,222736
YNL233W,214619,214619
YPR021C,600678,600678
YBL091C-A,46657,46657
YCR030C,173702,173702
YMR005W,277314,277314
YDR540C,1516769,1516778
YKL128C,200746,200746
YKL192C,80060,80060
YJL149W,139501,139485
YHL002W,104082,104107
YPR036W,645406,645443
YDR181C,825813,825813
YML119W,31791,31676
YBL029W,167180,167180
YBR255C-A,726500,726500
YBR222C,666705,666705
YDR370C,1217800,1217800
YDR351W,1181488,1181488
YGR250C,991101,991101
YDR204W,859365,859359
YBL091C,47354,47354
YDR243C,948426,948426
YDL063C,338032,338032
YCL055W,29059,29059
YHR143W-A,387706,387706
YKL141W,180329,180329
YGR074W,636393,636389
YCL063W,18598,18598
YLR243W,625173,625173
YDL122W,245041,245041
YFL034C-A,64250,64250
YBR014C,266579,266579
YPL138C,291307,291307
YBR233W-A,685520,685520
YLL061W,19829,19828
YMR095C,457346,457346
YJR139C,689301,689325
YDL241W,21320,21323
YLR435W,1007191,1007191
YLL032C,73985,73985
YFR028C,208317,208317
YGR030C,545545,545545
YKR103W,656726,656726
YOL052C,232258,232258
YLR099W-A,341609,341609
YBR160W,560992,560992
YMR271C,806735,806735
YBL015W,195722,195703
YGR255C,1002554,1002554
YKL026C,389228,389228
YMR058W,390868,390868
YHR059W,220586,220607
YER006W,164380,164308
YGR130C,751247,751235
YDR390C,1254894,1254894
YDR218C,903740,903740
YKL022C,394617,394580
YIL122W,131781,131781
YIL125W,125897,125897
YDR392W,1259876,1259876
YHR046C,197132,197132
YKL217W,24157,24140
YMR218C,703311,703312
YKL100C,253398,253398
YOR048C,418460,418460
YBR188C,603471,603471
YLR417W,956734,956734
YGR257C,1006163,1006163
YJR086W,586413,586413
YIR042C,435150,435150
YDR093W,636264,636263
YLR452C,1039020,1039020
YKR045C,523284,523394
YDL205C,92573,92573
YLR028C,199403,199402
YLL053C,35480,35480
YBR110W,460418,460418
YHR170W,445481,445481
YPR093C,719311,719309
YER087C-B,332444,332444
YGR222W,940941,940941
YBL002W,237114,237120
YMR319C,912707,912707
YIR037W,423796,423618
YGR083C,644727,644711
YMR224C,718450,718449
YNL086W,466886,466886
YGR100W,693260,693260
YKL033W-A,375250,375250
YOR306C,889860,889860
YJL083W,280649,280649
YDR462W,1386681,1386681
YPR151C,831064,831064
YCL045C,44610,44610
YJR069C,568641,568641
YNL326C,27157,27157
YOL131W,73360,73360
YHR202W,504303,504292
YIL038C,279902,279899
YLR012C,170025,170044
YDR384C,1241012,1241012
YDR456W,1369425,1369423
YIL115C,144231,144231
YOR292C,865551,865561
YNL088W,462195,462195
YBR150C,541110,541110
YIL061C,244707,244707
YHL035C,27820,27820
YPL096C-A,366396,366396
YLR131C,404534,404534
YGR123C,736582,736583
YGR210C,913502,913502
YDR007W,462706,462701
YIL037C,283126,283126
YPR113W,752991,752997
YJL052W,339358,339359
YGR283C,1058898,1058898
YKL159C,153650,153650
YML019W,234775,234775
YCR023C,158262,158262
YLR033W,210513,210513
YJL160C,117813,117802
YLR381W,881867,881868
YNL249C,179270,179270
YPL098C,364240,364240
YGL070C,374178,374178
YOR161C-C,639172,639172
YKL011C,420118,420118
YGR161W-C,810686,810851
YDR398W,1269589,1269589
YCR059C,223249,223239
YKL090W,273425,273425
YNL271C,129433,129414
YGL141W,241137,241137
YKL035W,371484,371484
YJR043C,516271,516271
YIR006C,365289,365286
YJR041C,510094,510094
YPL244C,86867,86824
YAL034W-A,80736,80736
YHR075C,248319,248372
YHR022C-A,151225,151254
YML120C,28026,28026
YLR323C,778093,778093
YDR332W,1133182,1133182
YLL054C,32252,32279
YNR030W,680671,680671
YHR199C,497507,497507
YPL048W,465749,465751
YPR194C,924206,924365
YHR216W,556062,556055
YHR071W,237678,237680
YLR295C,721797,721797
YBL045C,133786,133801
YDR536W,1509772,1509773
YPL014W,528986,528986
YDR035W,523151,523151
YPL253C,70909,70909
YOR287C,850834,850834
YNL050C,534103,534090
YJL180C,87501,87501
YGR171C,840667,840667
YBL023C,174754,174854
YPR097W,728835,728835
YIL046W-A,268498,268374
YOR153W,624398,624398
YGR020C,526783,526875
YNL074C,486624,486624
YGL186C,150936,150936
YMR307W,888903,888903
YOR210W,738834,738834
YKR064W,565176,565158
YJR034W,497139,497139
YOR370C,1029090,1029078
YLR242C,622937,622937
YGL136C,252982,252982
YDR060W,573746,573746
YBL081W,72934,73121
YOL019W,290746,290746
YCR014C,139175,139174
YDR449C,1357622,1357606
YIL102C,174565,174565
YHR022C,149590,149590
YER064C,282532,282532
YPR173C,886533,886539
YBR213W,651367,651367
YPL088W,383017,383017
YDR324C,1114310,1114310
YIL029C,300817,300817
YOR143C,601263,601263
YBR005W,246652,246650
YGR065C,618072,618072
YFR029W,212961,212962
YGR196C,889653,889641
YJR089W,590717,590717
YAR002C-A,153942,153942
YFR035C,226121,226115
YCL057W,27134,26970
YML114C,42092,42092
YOR195W,715659,715659
YNL110C,417662,417662
YJL103C,228778,228778
YER122C,402805,402805
YOR214C,745617,745604
YJL101C,234157,234165
YNL270C,135913,135913
YGL080W,359240,359234
YJL166W,106941,106941
YAL037W,74759,74759
YKL019W,403528,403528
YLR447C,1026646,1026646
YNL273W,126696,126702
YDL182W,134857,134866
YHR152W,402133,402161
YDL101C,280148,280148
YKR084C,597055,597062
YDL002C,446778,446783
YPR049C,660989,660989
YJL008C,419821,419821
YGR009C,509006,509006
YCL034W,62857,62857
YDR409W,1292353,1292353
YDL100C,281977,282129
YNL188W,287604,287604
YLL056C,27249,27249
YDR013W,473871,473875
YDR041W,540653,540653
YOR096W,506848,506848
YPR025C,613230,613230
YNL178W,303496,303496
YNL066W,503033,503036
YOR060C,440283,440252
YHR209W,520246,520246
YJL196C,67719,67811
YNR067C,755575,755573
YOR213C,744137,744137
YPR026W,618962,618962
YOR381W-A,1058594,1058588
YDR263C,994144,994307
YMR309C,892610,892610
YOR298C-A,876962,876962
YGL099W,316529,316529
YDL015C,425716,425721
YGL185C,153033,153060
YPR089W,716057,716057
YDR439W,1341005,1341005
YLR044C,232249,232251
YLR103C,343994,343994
YKR087C,603011,603011
YER114C,390179,390178
YCR011C,133605,133605
YGL231C,62929,62929
YMR152W,564158,564165
YOR265W,820977,820985
YDR441C,1344353,1344381
YPL274W,24860,24860
YDL157C,174034,174024
YJL010C,417408,417408
YDR435C,1332867,1332867
YNL308C,53951,53951
YMR168C,596893,596893
YOR168W,651852,651852
YNR003C,634197,634329
YIL018W,318083,318082
YDR128W,713131,713135
YDR037W,527237,527237
YNL195C,271395,271395
YGL243W,44524,44549
YCR034W,191849,191848
YHR168W,441893,441893
YMR246W,761962,761989
YDL029W,400804,400804
YLR262C,668043,668043
YJR143C,698141,698141
YJL089W,268763,268778
YOL010W,309076,309088
YPR034W,641254,641254
YJL165C,106941,106941
YBL085W,66947,66947
YDR464W,1393374,1393374
YMR107W,483639,483638
YBL025W,171820,171826
YHR072W-A,241948,242086
YNL224C,224732,224739
YKL139W,184631,184632
YDL171C,148982,148982
YHR084W,276640,276528
YGR218W,935986,935981
YJR001W,438756,438756
YPL153C,261469,261461
YGL101W,313007,313007
YDR139C,733380,733369
YKR095W,625710,625710
YOL086C,159445,159445
YGL174W,175564,175564
YLR050C,245579,245581
YHR017W,139933,139933
YOR137C,581729,581766
YER096W,353312,353312
YLR326W,783124,783124
YKL089W,275041,275040
YER068W,294984,294984
YJL218W,22718,22723
YDR283C,1024926,1024917
YBR007C,248546,248559
YCL001W-B,114018,114018
YGR119C,728015,728015
YLR136C,415589,415589
YOR231W,774246,774242
YJR135C,675876,675876
YMR114C,496223,496198
YHL024W,59194,59194
YLR170C,500290,500290
YPL170W,228945,228951
YDR469W,1399692,1399692
YHR001W,107472,107472
YAL029C,87678,87679
YFL034W,68866,68866
YPL052W,459784,459789
YDR354W,1185861,1185864
YDR495C,1437904,1437904
YDR237W,937578,937578
YDR127W,709276,709276
YOR132W,574911,574911
YOR110W,530398,530398
YEL058W,44949,44957
YOR176W,663633,663627
YJL184W,83787,83783
YOR279C,843693,843693
YBR146W,536326,536276
YKL056C,334254,334254
YLR433C,1004098,1004098
YDR294C,1050477,1050477
YHR142W,384559,384559
YPL099C,363544,363545
YER094C,348584,348584
YBR058C-A,356246,356246
YDR306C,1073652,1073652
YHR065C,227324,227325
YMR314W,902589,902586
YDR381W,1238167,1238238
YPL021W,511616,511616
YDL035C,389080,389080
YHR097C,297249,297249
YJL161W,117959,117959
YJL155C,129227,129227
YCR077C,250001,250002
YEL004W,148390,148390
YNL288W,91530,91530
YOR280C,844920,844957
YDR225W,916124,916124
YMR286W,842334,842293
YNL162W,332301,332306
YCR073W-A,248090,248090
YPL085W,393748,393748
YGR063C,617374,617410
YNL316C,41889,41893
YGL087C,346196,346193
YOL057W,223005,223005
YLR246W,628203,628194
YKL008C,427263,427263
YHL018W,70066,70066
YDR182W-A,829376,829376
YNR008W,642620,642619
YLR110C,369493,369493
YLR172C,501143,501143
YLR127C,395570,395570
YGL191W,145472,145472
YGR260W,1014213,1014201
YPL233W,106899,106899
YOR067C,451559,451560
YKL081W,284696,284596
YKL114C,223304,223309
YGL018C,458934,458934
YHL028W,50685,50678
YLR450W,1035754,1035754
YGR072W,635621,635662
YGL144C,232414,232443
YDL070W,333097,333097
YLR256W,651213,651091
YJL170C,101164,101164
YOR304C-A,888202,888202
YGR268C,1025851,1025868
YMR191W,646837,646839
YBR163W,567516,567516
YBR238C,695074,695074
YOL075C,189520,189371
YHR150W,399238,399079
YBR187W,603647,603647
YML054C-A,167690,167690
YOL166W-A,654,654
YDR138W,732863,732863
YPR062W,677777,677780
YIL010W,335682,335682
YOR220W,756208,756208
YKL013C,417381,417381
YLR388W,898934,898934
YNL055C,517789,517789
YPL109C,345336,345286
YHR151C,399011,399079
YPR186C,909592,909592
YGR187C,870085,870090
YER056C,266441,266467
YJR007W,452075,452075
YCR101C,302480,302480
YJR093C,603017,603017
YLR350W,829507,829507
YMR002W,272822,272820
YCR072C,240803,240803
YBR062C,365867,365867
YJL205C,50075,50090
YDR113C,680361,680360
YER136W,441287,441287
YIL111W,155834,155813
YKL193C,78658,78658
YML069W,137190,137190
YGR213C,918578,918578
YFL042C,45567,45562
YJL197W,67553,67539
YER116C,395287,395287
YPR056W,672325,672316
YCR027C,167181,167181
YAL040C,65553,65553
YMR090W,450051,450051
YNL267W,144274,144263
YOR127W,564342,564342
YDR299W,1061368,1061371
YER163C,503111,503111
YLR225C,587520,587520
YNL149C,349270,349270
YJL019W,404879,404879
YER156C,483145,483125
YJR006W,450789,450792
YML092C,85899,85899
YFR039C,231920,231901
YOL089C,150255,150265
YLR020C,181621,181609
YDR057W,567783,567783
YIL017C,318182,318184
YHR041C,188973,188973
YMR079W,426462,426462
YDL140C,205140,205140
YJL099W,241749,241749
YLL043W,52203,52206
YGR031C-A,546758,546759
YOR178C,667444,667439
YIR008C,372944,372944
YOR338W,957995,957996
YHR111W,334407,334497
YOR077W,472734,472734
YBR199W,620379,620388
YDR164C,781944,781944
YDR161W,780508,780508
YJL167W,106229,106232
YKR080W,591494,591498
YDR302W,1068561,1068556
YBR088C,424877,424834
YMR234W,741437,741438
YER042W,235651,235651
YJR064W,557704,557704
YBR072C-A,382874,382874
YCR096C,293039,293064
YFL023W,93514,93514
YHR200W,500034,500034
YPL004C,550464,550478
YKR050W,530635,530635
YER012W,178545,178551
YBR120C,480430,480423
YLR335W,799747,799590
YMR251W-A,775254,775254
YBR105C,450731,450731
YKL103C,245940,245940
YMR190C,640711,640711
YNL291C,84173,84173
YKR082W,596453,596451
YIL124W,127208,127208
YDR499W,1450119,1450119
YJR147W,705537,705645
YGL195W,139587,139587
YHR165C,429511,429673
YER092W,343489,343489
YOR312C,900233,900233
YDR067C,582780,582780
YBR078W,394909,394925
YMR029C,328506,328506
YDR189W,840540,840530
YCL043C,48548,48548
YJL110C,209939,209939
YPL268W,37927,37927
YGL154C,215189,215189
YPR043W,654983,654980
YAL063C,23829,23830
YNL231C,215871,215870
YPL172C,224152,224154
YJL157C,123651,123651
YBL089W,51246,51246
YDR506C,1459642,1459642
YML022W,229583,229583
YNL092W,452025,452026
YIL027C,303596,303595
YER039C-A,229294,229298
YLR327C,782939,782946
YGR043C,580316,580316
YNL075W,486624,486624
YGR029W,544218,544218
YGR105W,698949,698949
YNR028W,677185,677174
YOL133W,70978,71066
YDR158W,771559,771559
YDR224C,914193,914193
YDL115C,253918,253926
YHR133C,370441,370441
YBL054W,119351,119352
YDL001W,449339,449327
YCL027W,73495,73491
YJL095W,251847,251848
YMR031C,332146,332146
YLR194C,540811,540811
YCL021W-A,84050,84050
YJL069C,310891,310891
YOR158W,633221,633222
YDR091C,626352,626343
YBR289W,782356,782356
YBR275C,751153,751151
YCR033W,190257,190257
YCR061W,227789,227789
YNL093W,450845,450845
YBL082C,69758,69757
YOR226C,761398,761399
YOR034C,394639,394639
YGR235C,961143,961146
YMR084W,437420,437420
YFR003C,152652,152652
YMR003W,273721,273720
YCL001W,112519,112519
YOR124C,554832,554832
YGL083W,355519,355519
YER036C,223319,223319
YPL256C,64812,64809
YBL029C-A,164497,164504
YLR306W,744984,744984
YLR080W,289261,289261
YPL075W,415486,415486
YPL249C,76525,76525
YPL260W,51165,51180
YEL062W,36215,36219
YPL144W,281051,281051
YMR013C,294922,294988
YPR060C,674638,674638
YNL014W,609426,609426
YNL312W,49298,49298
YPL160W,250412,250410
YDL239C,26468,26452
YDR347W,1170303,1170303
YDR488C,1428974,1428974
YMR278W,824746,824746
YIL123W,129852,129852
YMR203W,669812,669827
YMR075W,416142,416147
YBR171W,579012,579024
YLR186W,524515,524471
YNR045W,707684,707684
YOL164W,8269,8269
YJL124C,186925,186925
YGR133W,757660,757660
YER151C,469717,469717
YBR017C,270713,270789
YPR085C,708361,708352
YOR348C,986967,986967
YGL131C,261496,261496
YIR003W,362968,362968
YNL239W,201952,201952
YPL173W,224152,224154
YOR166C,646923,646921
YDR165W,786340,786342
YLR047C,239366,239366
YBR090C,426297,426273
YIR031C,412965,412965
YIL022W,312738,312738
YHR132C,368330,368335
YLR183C,520393,520393
YDL040C,378751,378728
YPR004C,563922,563922
YNR018W,665118,665118
YNR026C,672981,672981
YML027W,222744,222736
YAL044C,57901,57901
YFR040W,237391,237391
YFR018C,182936,182936
YLR291C,718156,718156
YML052W,171441,171319
YKL122C,212313,212313
YBR151W,546134,546134
YMR294W,858060,858060
YOR114W,538600,538600
YCL038C,54802,54802
YLR361C-A,849295,849295
YLR175W,507698,507698
YER100W,360468,360468
YNL102W,434540,434540
YDL008W,433994,434000
YNL056W,517998,517998
YML049C,174057,174048
YBR047W,332394,332554
YLR264W,673486,673522
YFR045W,243049,243049
YAL060W,36332,36332
YOR009W,345935,345935
YGR026W,534015,533919
YCR004C,119495,119495
YJL210W,37698,37698
YJR039W,507329,507322
YOR371C,1031415,1031395
YEL015W,128478,128478
YOR190W,691966,691966
YBR155W,550933,550933
YHR088W,282455,282455
YBL060W,110106,109982
YOR043W,412439,412438
YLR395C,909483,909483
YHR196W,493616,493637
YPR011C,582786,582786
YIL103W,173071,173071
YDL103C,275049,275062
YHR161C,420329,420329
YGR180C,855059,855069
YDL218W,67451,67390
YHL016C,72062,72062
YER004W,160506,160506
YMR317W,910749,910768
YGL090W,344658,344505
YGL005C,489524,489524
YGR108W,705118,705118
YFL026W,84103,84103
YBR262C,735513,735513
YBR271W,746249,746249
YHR135C,372497,372497
YLR192C,538454,538454
YER048W-A,251398,251382
YIR019C,389584,389593
YNL211C,249799,249799
YJL177W,91776,91777
YPR055W,670882,670882
YLR177W,512923,512918
YOR012W,357316,357330
YOR243C,789974,789974
YEL063C,31360,31506
YGL011C,474411,474410
YNR064C,749146,749146
YER005W,162421,162415
YGR175C,846726,846719
YBR067C,371913,371913
YCL032W,64731,64731
YMR006C,277389,277389
YDR286C,1035232,1035232
YLR293C,720616,720616
YDL217C,67947,67948
YGL189C,148067,148079
YCR045C,208164,208172
YJL147C,141508,141473
YNL274C,120968,120968
YGR288W,1071785,1071785
YML125C,20734,20734
YKL221W,7678,7727
YLR199C,547586,547608
YGL196W,131246,131246
YAL003W,143277,143315
YPR172W,886533,886539
YDR446W,1354718,1354623
YLR212C,564778,564778
YGL014W,468810,468794
YOR125C,558958,558958
YAL001C,147460,147460
YPR162C,866732,866738
YMR222C,715673,715672
YJR112W,637591,637591
YKL161C,149156,149156
YMR111C,492239,492239
YMR097C,459336,459336
YEL073C,7258,7269
YBR240C,700519,700519
YPL039W,480329,480329
YJL098W,245338,245351
YJL006C,423173,423163
YBL018C,185964,185964
YDR361C,1195105,1195105
YKL183C-A,98474,98470
YKL133C,191463,191463
YPL178W,212931,212993
YLR090W,322237,322236
YKL197C,70468,70468
YIL131C,100667,100663
YOL110W,110045,110040
YAL053W,48229,48229
YJR111C,635740,635740
YBR227C,673475,673475
YOR299W,880686,880686
YKL085W,280501,280501
YMR228W,725812,725812
YJR117W,643546,643546
YKR019C,476139,476139
YJR061W,553357,553357
YIR021W,398514,398514
YDR028C,497654,497655
YKL001C,438642,438800
YKL112W,228927,228927
YEL043W,73324,73324
YNR058W,735782,735782
YDR248C,957727,957727
YKL002W,438642,438642
YPR108W,743922,743922
YDR242W,948426,948426
YJR134C,673558,673632
YER002W,157620,157626
YOR018W,367002,367002
YNL313C,45161,45161
YOL068C,200172,200172
YFL002C,145038,145038
YCR063W,228707,228723
YPR125W,789555,789546
YMR043W,355093,355093
YKL150W,167634,167622
YMR303C,873194,873194
YMR074C,412875,412875
YGL057C,394784,394785
YFR032C-A,223122,223135
YLR206W,556575,556575
YBR152W,547164,547164
YDR301W,1067464,1067463
YDR047W,552974,552974
YLL046C,46689,46689
YML057W,162056,162055
YJL213W,33510,33453
YPL063W,431515,431504
YBR248C,714735,714735
YBR029C,296283,296283
YKR028W,497485,497485
YML102W,69738,69703
YOR233W,778383,778262
YHR033W,176783,176783
YMR017W,308627,308627
YLR318W,769248,769248
YDR077W,602163,602163
YBR101C,443694,443694
YPL183W-A,199569,199569
YML081C-A,103974,103973
YCR069W,240207,240207
YLR045C,234831,234831
YOL100W,132663,132663
YAL067C,7137,7137
YPR068C,682944,682944
YDL183C,130670,130669
YDR279W,1020518,1020518
YNL268W,140514,140514
YJL055W,334076,334067
YDL083C,306697,306778
YJR150C,708909,708907
YFR001W,149735,149735
YDL127W,236074,235925
YJL164C,109825,109840
YNL063W,508683,508683
YER167W,520946,520946
YIR029W,411848,411848
YER150W,468955,468955
YPL147W,275788,275777
YMR207C,677012,677012
YLR188W,530579,530579
YGR287C,1067017,1067017
YLR113W,373159,373159
YBR036C,308924,308924
YOL126C,81477,81477
YBL107C,9799,9798
YLR132C,407197,407078
YKL096C-B,259105,259105
YOL028C,270722,270565
YML066C,140456,140456
YNL153C,345452,345449
YNL320W,38683,38690
YIL004C,347821,347853
YMR247C,763370,763370
YDL235C,33249,33249
YDL004W,443790,443790
YFR047C,244113,244113
YDR277C,1014355,1014353
YKL182W,106846,106846
YGR185C,866171,866171
YOL043C,248376,248376
YHR092C,286974,286974
YNL176C,304878,304878
YEL055C,48377,48377
YLR105C,347100,346927
YLR356W,841070,841070
YPR127W,791241,791236
YBR023C,284230,284236
YLR066W,267858,267878
YLR004C,157821,157821
YHR099W,314168,314002
YBL010C,205970,205970
YJL004C,431291,431290
YNR037C,695039,695039
YNL258C,158003,157928
YGR068C,625324,625411
YGR215W,922649,922658
YDR081C,607335,607335
YFR017C,182249,182249
YKR066C,565975,565959
YBL075C,84562,84562
YMR081C,429987,429987
YGR093W,672031,672031
YMR001C,268818,268820
YNR027W,676162,676162
YFL033C,68866,68866
YLR019W,181621,181609
YLL010C,129028,129028
YDL190C,118724,118724
YDL117W,251282,251282
YMR073C,411928,411929
YMR242C,753068,753069
YEL031W,93940,93940
YKR076W,583348,583348
YOR197W,718423,718479
YJR129C,663632,663632
YIL071C,228447,228409
YJL078C,290936,291110
YDL113C,256492,256513
YGR071C,631231,631215
YKL184W,98132,98132
YDR116C,682540,682532
YMR244W,758269,758268
YJR051W,531499,531499
YML047C,180103,180103
YBR268W,741650,741643
YDR336W,1146098,1146098
YJR035W,500694,500694
YIL160C,40281,40281
YDL097C,285383,285366
YOL072W,196530,196530
YOL058W,220516,220516
YGL036W,431297,431295
YNL134C,372325,372486
YCR073C,242479,242477
YOL034W,263440,263440
YHR002W,109969,109969
YGR163W,828694,828555
YPL212C,151312,151315
YDR078C,602163,602163
YGR070W,631202,631202
YDR504C,1456295,1456294
YLR368W,859335,859335
YDL234C,34296,34299
YNL242W,196192,196052
YDR016C,478275,478299
YEL001C,150301,150301
YBR142W,530678,530702
YDR251W,963184,963184
YHR001W-A,108428,108428
YDR071C,588733,588733
YKL149C,167428,167428
YEL050C,59582,59582
YLR203C,550519,550519
YOR026W,381015,381015
YFR051C,250155,250155
YJL024C,395735,395735
YPL077C,408923,409075
YPL206C,162633,162633
YNR021W,669810,669817
YMR293C,855369,855369
YPL247C,82587,82587
YNR013C,648964,648964
YGL013C,468996,468995
YLR427W,990493,990493
YDL207W,89899,89845
YMR089C,445450,445450
YLR121C,388586,388586
YCR020C,153982,153982
YHR044C,194015,194015
YGR216C,922499,922499
YAL062W,32913,32913
YLR051C,246319,246279
YER133W,434198,434198
YJL158C,122249,122249
YMR290C,849802,849799
YER019C-A,194172,194172
YDR207C,864783,864788
YGL041C-B,418619,418628
YLR016C,176796,176711
YOR016C,360226,360224
YGR046W,586362,586362
YJL136C,156320,156320
YGR067C,622290,622290
YDR201W,856977,856977
YLR034C,210294,210294
YML080W,110274,110274
YJR044C,518533,518531
YDL058W,351214,351214
YLR408C,933896,933895
YGL122C,278724,278740
YJR075W,575109,575109
YMR302C,870086,870067
YOR090C,490837,490837
YNL284C,103020,103032
YIL069C,231367,231369
YOL102C,125951,125951
YEL024W,107876,107904
YBR035C,306148,306148
YMR311C,896932,896932
YDL014W,428501,428501
YLR300W,730630,730648
YIL024C,308690,308690
YPL198W,174835,174774
YPL020C,512215,512207
YHR050W-A,209591,209592
YDR416W,1301087,1301084
YML103C,62544,62544
YFL031W,76589,76589
YOL114C,103318,103318
YDR475C,1407476,1407476
YGL111W,301554,301454
YMR275C,815547,815547
YBR218C,658536,658536
YJR132W,672932,672932
YJR024C,470243,470243
YNL026W,583704,583704
YJL207C,41207,41207
YKL041W,360961,360951
YLR035C,212240,212246
YDR144C,744250,744250
YHR118C,344214,344214
YNL130C,379418,379418
YDL212W,79257,79257
YDR052C,558339,558331
YDR285W,1035250,1035250
YLR086W,306847,306847
YLR005W,161781,161781
YKL080W,286322,286322
YDR350C,1176066,1176066
YKR070W,574684,574828
YHR112C,334268,334326
YBR025C,290546,290546
YMR067C,404395,404395
YKR086W,603209,603209
YLR429W,992900,992900
YBR115C,469565,469565
YLR275W,695024,695024
YBR066C,370013,370013
YOR122C,552190,552192
YGR169C,834505,834504
YMR047C,363265,363265
YJR070C,569441,569404
YDR119W-A,691545,691545
YLR359W,845805,845805
YPL009C,535505,535505
YLR164W,494395,494386
YKR010C,458809,458809
YPR153W,834306,834306
YDR440W,1344230,1344230
YDR129C,713131,713135
YLR412W,949212,949211
YJL200C,56274,56286
YML008C,251827,251825
YOL112W,108226,108272
YML126C,18830,18830
YNR054C,723286,723269
YDL069C,333097,333097
YER178W,548174,548174
YNL253W,171421,171421
YBL036C,150268,150268
YOR092W,497224,497133
YML050W,174261,174266
YBR140C,517411,517376
YLR126C,394661,394662
YOL128C,78245,78245
YHR042W,192772,192772
YLR363W-A,853819,853971
YPL026C,500375,500403
YHR126C,359794,359794
YDR383C,1239980,1239980
YMR165C,589900,589893
YGR238C,965963,965980
YCL042W,50941,50941
YOR375C,1041586,1041651
YNL327W,27157,27157
YDR379W,1233321,1233316
YBR192W,608959,608965
YLR008C,165241,165241
YPL277C,15484,15484
YDR011W,470631,470594
YML020W,233221,233224
YEL036C,83021,83021
YBL017C,186734,186748
YPR179C,893691,893691
YER085C,327629,327629
YGR192C,882652,882652
YKL068W,313262,313262
YLR209C,560714,560770
YPL225W,126549,126549
YFR024C-A,201901,201901
YGR023W,531093,531093
YMR202W,668210,668210
YPR110C,745657,745531
YLR226W,590513,590515
YGL039W,425162,425202
YER047C,243697,243707
YDR063W,579279,579280
YDR377W,1229247,1229247
YJR072C,570943,570947
YLR130C,402665,402646
YDL125C,238857,238857
YNL051W,533859,533859
YOL136C,67172,67172
YKR016W,471411,471411
YOR358W,1011078,1011092
YJR107W,628278,628293
YKR059W,556258,556258
YGR184C,859844,859844
YOL002C,323383,323383
YML006C,255995,255995
YOR354C,1001104,1001130
YPR131C,793670,793670
YMR284W,840151,840151
YHR026W,161715,161715
YPL243W,90412,90412
YKL142W,179403,179403
YBR008C,252457,252457
YHR061C,221274,221273
YER065C,285199,285173
YNL107W,420999,420999
YMR259C,784556,784556
YDL107W,270139,270139
YDL164C,164823,164824
YCR091W,276539,276529
YGR198W,897247,897247
YDR151C,763921,763921
YKL106W,239083,239096
YNL260C,156598,156496
YBR111W-A,462696,462695
YOL052C-A,231258,231258
YBR204C,631955,631954
YKL047W,351165,351165
YER083C,326083,326236
YBR109C,457738,457738
YKR048C,525322,525322
YDR375C,1225142,1225142
YER020W,196663,196649
YLR411W,948091,948136
YNL111C,416662,416662
YMR135C,538671,538671
YOR238W,784718,784704
YOR296W,874179,874179
YGR121W-A,733705,733705
YMR252C,775158,775159
YDR025W,492458,492458
YJR099W,616425,616425
YBR298C,802623,802623
YOL124C,85219,85219
YKL093W,265905,265905
YDL028C,400804,400804
YLL019C,105620,105735
YLR393W,907880,907880
YFL025C,84103,84103
YPL008W,542103,542088
YDR295C,1052492,1052492
YCL008C,105530,105528
YPR155C,835498,835498
YDR471W,1402682,1402682
YGL150C,220981,220986
YMR182C,624527,624528
YDR014W,476365,476365
YOR301W,882583,882582
YNR032C-A,687083,687076
YGL256W,16549,16548
YBR141C,526885,526874
YIR004W,364693,364693
YJL100W,239116,239116
YGL049C,406637,406632
YFL017W-A,104014,104014
YDL128W,234104,234080
YBL037W,150446,150446
YOL009C,308916,308916
YGR058W,607413,607413
YLR025W,195335,195327
YBL030C,162837,162837
YGR077C,637576,637576
YBR123C,484773,484776
YDR486C,1427400,1427210
YKL054C,336358,336358
YKR071C,574641,574641
YGL160W,202485,202485
YER134C,436974,436974
YOR032C,389860,389859
YDR072C,589767,589770
YER127W,415667,415667
YEL060C,39909,39911
YBR074W,389404,389404
YDR159W,775766,775763
YLL060C,21125,21125
YBR293W,788691,788691
YJR062C,553143,553143
YER165W,512201,512201
YPL047W,466562,466562
YGL107C,304332,304332
YPL081W,406280,406280
YDL134C,219628,219628
YOL036W,259398,259406
YMR260C,789155,789141
YBR065C,368222,368212
YHR036W,181949,181932
YGL238W,52542,52542
YLR405W,930921,930921
YJL026W,393803,393804
YPL202C,167933,167935
YNL046W,542999,542992
YBR216C,655351,655351
YGR138C,763769,763769
YJL122W,190388,190387
YNL126W,389835,389835
YBR127C,491024,491032
YPL152W-A,264736,264736
YDR188W,838253,838271
YHR201C,499819,499803
YPL155C,257188,257188
YJL145W,146071,146071
YDR268W,1005280,1005281
YBR133C,501581,501581
YCR036W,194456,194456
YNR050C,714076,714076
YGL158W,208620,208620
YJL198W,63533,63523
YGL147C,227598,227663
YER039C,228415,228415
YOL144W,54565,54565
YER149C,466150,466150
YGL143C,234746,234741
YGL171W,184212,184166
YMR061W,394925,394925
YKR002W,445065,445065
YKL171W,130459,130461
YOR258W,812412,812412
YOL083W,166922,166922
YGR112W,718607,718607
YJL129C,173627,173627
YMR257C,779436,779441
YJL128C,178026,178026
YDR222W,911486,911486
YFL014W,107804,107813
YBR054W,344373,344366
YCL058W-A,24083,24083
YOR087W,489754,489761
YGL114W,295652,295652
YOR196C,715474,715474
YGR234W,961398,961371
YML021C,229583,229583
YIL076W,217535,217535
YOL143C,54565,54565
YJR025C,470929,470929
YBR022W,284468,284469
YMR283C,835341,835341
YGR239C,969048,969048
YJL039C,368340,368344
YDR036C,523151,523151
YLR420W,965017,965017
YAL022C,108744,108933
YJL187C,76661,76661
YDL078C,315209,315209
YJL201W,56429,56442
YNL002C,626107,626107
YAL042W,62688,62559
YPL188W,192876,192858
YMR238W,747730,747732
YGR276C,1043674,1043647
YPL204W,165957,165957
YDL086W,302211,302211
YNR053C,720999,720999
YHR114W,340185,340182
YOR128C,564342,564342
YEL051W,59233,59233
YML129C,14383,14383
YML091C,87140,87140
YMR282C,833194,833194
YDR178W,818773,818773
YKL151C,164757,164736
YKL077W,292877,292877
YMR014W,300578,300448
YNL307C,56192,56167
YNL229C,218979,218979
YDR239C,940957,941095
YHR167W,440352,440402
YNL221C,230963,230965
YER148W,466289,466296
YPR086W,711390,711390
YBR179C,586587,586577
YCR018C,148137,147997
YPR061C,675816,675804
YHR005C-A,115511,115511
YLR057W,258004,258004
YMR241W,752993,752993
YLR258W,663150,663150
YGR193C,884361,884348
YML061C,148907,148907
YJL056C,330339,330160
YHL036W,28020,28020
YKR014C,465110,465110
YEL046C,67516,67516
YCL024W,82288,82318
YCR043C,206034,205997
YNL185C,292025,292030
YIL105C,167633,167608
YKR001C,440375,440375
YLR061W,264091,264101
YGL201C,117673,117671
YML012W,246911,246911
YGR055W,601348,601181
YDR405W,1278653,1278653
YDR059C,569164,569164
YLL041C,52952,52952
YKL183W,99798,99798
YGR200C,899932,899932
YLR404W,929556,929556
YFR044C,240021,240041
YNL281W,109125,109125
YDR391C,1257241,1257241
YER131W,424508,424512
YBR221W-A,666723,666714
YDR524C,1487330,1487335
YOR223W,760889,760904
YNR009W,643496,643496
YOR201C,720342,720339
YPL252C,73291,73291
YGR183C,858625,858733
YHR127W,361893,361894
YLL013C,121882,121882
YLR058C,257747,257747
YOR099W,513036,513036
YGL041W-A,419342,419342
YLR307C-A,746831,746831
YPR193C,922904,922904
YPR192W,922736,922741
YGL223C,78925,78925
YML113W,44871,44871
YLR075W,283765,283765
YLR145W,432869,432869
YOR007C,338888,338888
YJR110W,635908,635908
YNL230C,217133,217214
YGR013W,516689,516690
YIL035C,287687,287680
YDL010W,433288,433288
YOL067C,202047,202047
YOR350C,992775,992775
YMR243C,754743,754743
YOR054C,427677,427669
YDR002W,453813,453813
YOR335C,946200,946200
YDL046W,371976,371997
YOR275C,838917,838917
YJR031C,486524,486524
YLR065C,266249,266240
YEL003W,148738,148738
YPL105C,352662,352662
YDL074C,323903,323955
YOR257W,811512,811517
YAR029W,186621,186620
YIR022W,399384,399385
YOR011W-A,355820,355820
YOR174W,659780,659780
YIR001C,355719,355911
YBR251W,722393,722401
YBR026C,292687,292686
YLR200W,549530,549530
YLR073C,280884,280884
YKL152C,163441,163441
YLR077W,285844,285844
YBR055C,344532,344457
YPL074W,418075,418075
YIL121W,134112,133984
YGL242C,44524,44549
YFR008W,161221,161221
YJL191W,74782,74782
YLR129W,402575,402570
YDR147W,753178,753178
YGL198W,124379,124379
YIL009C-A,335528,335528
YMR032W,337536,337536
YDR089W,624855,624855
YJR011C,458592,458589
YDR051C,557036,557036
YDR345C,1162840,1162840
