orf_name,gene,chr,cat,start,stop,strand,classification,length,TSS,PAS,manually_curated,promoter_start,promoter_end,gene_body_start,gene_body_end
YAL067W-A,YAL067W-A,1,gene,2480,2707,+,Uncharacterized,227,2480,,,2180.0,2480.0,2480.0,2980.0
YAL065C,YAL065C,1,gene,11565,11951,-,Uncharacterized,386,11951,,,11951.0,12251.0,11451.0,11951.0
YAL064W-B,YAL064W-B,1,gene,12046,12426,+,Uncharacterized,380,12046,,,11746.0,12046.0,12046.0,12546.0
YAL064C-A,YAL064C-A,1,gene,13363,13743,-,Uncharacterized,380,13743,,,13743.0,14043.0,13243.0,13743.0
YAL064W,YAL064W,1,gene,21566,21850,+,Verified,284,21566,,,21266.0,21566.0,21566.0,22066.0
YAL063C-A,YAL063C-A,1,gene,22395,22685,-,Uncharacterized,290,22685,,,22685.0,22985.0,22185.0,22685.0
YAL044W-A,YAL044W-A,1,gene,57518,57850,+,Uncharacterized,332,57518,57962.0,False,57218.0,57518.0,57518.0,58018.0
YAL037C-A,YAL037C-A,1,gene,73426,73518,-,Uncharacterized,92,73518,,,73518.0,73818.0,73018.0,73518.0
YAL037W,YAL037W,1,gene,74020,74823,+,Uncharacterized,803,74020,,,73720.0,74020.0,74020.0,74520.0
YAL018C,YAL018C,1,gene,118564,119541,-,Uncharacterized,977,119541,,,119541.0,119841.0,119041.0,119541.0
YAR023C,YAR023C,1,gene,179281,179820,-,Uncharacterized,539,179820,,,179820.0,180120.0,179320.0,179820.0
YAR028W,YAR028W,1,gene,184892,185596,+,Uncharacterized,704,184837,185795.0,False,184537.0,184837.0,184837.0,185337.0
YAR029W,YAR029W,1,gene,186321,186545,+,Uncharacterized,224,186321,,,186021.0,186321.0,186321.0,186821.0
YAR035C-A,YAR035C-A,1,gene,192337,192417,-,Uncharacterized,80,192417,,,192417.0,192717.0,191917.0,192417.0
YAR064W,YAR064W,1,gene,220198,220497,+,Uncharacterized,299,220198,,,219898.0,220198.0,220198.0,220698.0
YAR066W,YAR066W,1,gene,221049,221660,+,Uncharacterized,611,220974,,False,220674.0,220974.0,220974.0,221474.0
YAR068W,YAR068W,1,gene,222406,222891,+,Uncharacterized,485,222406,,,222106.0,222406.0,222406.0,222906.0
YAR071W,PHO11,1,gene,225460,226863,+,Verified,1403,225421,226914.0,False,225121.0,225421.0,225421.0,225921.0
YBL113C,YBL113C,2,gene,280,2658,-,Uncharacterized,2378,2658,,,2658.0,2958.0,2158.0,2658.0
YBL112C,YBL112C,2,gene,2582,2899,-,Uncharacterized,317,2899,,,2899.0,3199.0,2399.0,2899.0
YBL111C,YBL111C,2,gene,2907,5009,-,Uncharacterized,2102,5009,,,5009.0,5309.0,4509.0,5009.0
YBL108C-A,PAU9,2,gene,7605,7733,-,Verified,128,7733,,,7733.0,8033.0,7233.0,7733.0
YBL107C,YBL107C,2,gene,9961,10551,-,Uncharacterized,590,10552,9819.0,False,10552.0,10852.0,10052.0,10552.0
YBL104C,YBL104C,2,gene,18177,21293,-,Uncharacterized,3116,21299,18095.0,False,21299.0,21599.0,20799.0,21299.0
YBL100W-C,YBL100W-C,2,gene,28427,28546,+,Uncharacterized,119,28427,,,28127.0,28427.0,28427.0,28927.0
YBL095W,YBL095W,2,gene,43277,44089,+,Uncharacterized,812,43277,,,42977.0,43277.0,43277.0,43777.0
YBL086C,YBL086C,2,gene,61202,62602,-,Uncharacterized,1400,62727,61156.0,False,62727.0,63027.0,62227.0,62727.0
YBL081W,YBL081W,2,gene,71866,72972,+,Uncharacterized,1106,71553,73031.0,False,71253.0,71553.0,71553.0,72053.0
YBL071C-B,YBL071C-B,2,gene,89458,89556,-,Uncharacterized,98,89556,,,89556.0,89856.0,89056.0,89556.0
YBL059W,YBL059W,2,gene,110594,111244,+,Uncharacterized,650,110675,111317.0,False,110375.0,110675.0,110675.0,111175.0
YBL055C,YBL055C,2,gene,115573,116829,-,Verified,1256,116816,115480.0,False,116816.0,117116.0,116316.0,116816.0
YBL044W,YBL044W,2,gene,135998,136366,+,Uncharacterized,368,135998,,,135698.0,135998.0,135998.0,136498.0
YBL039W-B,YBL039W-B,2,gene,143393,143572,+,Uncharacterized,179,143109,143701.0,False,142809.0,143109.0,143109.0,143609.0
YBL036C,YBL036C,2,gene,150447,151220,-,Verified,773,151270,150302.0,False,151270.0,151570.0,150770.0,151270.0
YBL029C-A,YBL029C-A,2,gene,164488,164772,-,Uncharacterized,284,164890,164410.0,False,164890.0,165190.0,164390.0,164890.0
YBL029W,YBL029W,2,gene,166134,167264,+,Uncharacterized,1130,166134,,,165834.0,166134.0,166134.0,166634.0
YBL028C,YBL028C,2,gene,167518,167838,-,Verified,320,167861,167434.0,False,167861.0,168161.0,167361.0,167861.0
YBL010C,YBL010C,2,gene,206107,206949,-,Uncharacterized,842,206944,205965.0,False,206944.0,207244.0,206444.0,206944.0
YBL008W-A,YBL008W-A,2,gene,209409,209648,+,Uncharacterized,239,209409,,,209109.0,209409.0,209409.0,209909.0
YBL003C,HTA2,2,gene,235394,235792,-,Verified,398,235828,235222.0,False,235828.0,236128.0,235328.0,235828.0
YBL002W,HTB2,2,gene,236492,236887,+,Verified,395,236470,237080.0,False,236170.0,236470.0,236470.0,236970.0
YBR013C,YBR013C,2,gene,265492,265881,-,Uncharacterized,389,266024,265341.0,False,266024.0,266324.0,265524.0,266024.0
YBR016W,YBR016W,2,gene,270247,270633,+,Verified,386,270199,270837.0,False,269899.0,270199.0,270199.0,270699.0
YBR028C,YBR028C,2,gene,294425,296002,-,Uncharacterized,1577,296103,294250.0,False,296103.0,296403.0,295603.0,296103.0
YBR053C,YBR053C,2,gene,339675,340751,-,Uncharacterized,1076,340764,339542.0,False,340764.0,341064.0,340264.0,340764.0
YBR056W,YBR056W,2,gene,347879,349384,+,Uncharacterized,1505,347755,349429.0,False,347455.0,347755.0,347755.0,348255.0
YBR062C,YBR062C,2,gene,365976,366600,-,Uncharacterized,624,366632,365879.0,False,366632.0,366932.0,366132.0,366632.0
YBR063C,YBR063C,2,gene,366970,368184,-,Uncharacterized,1214,368184,,,368184.0,368484.0,367684.0,368184.0
YBR071W,YBR071W,2,gene,380411,381046,+,Uncharacterized,635,380340,381322.0,False,380040.0,380340.0,380340.0,380840.0
YBR072C-A,YBR072C-A,2,gene,382860,383021,-,Uncharacterized,161,383021,,,383021.0,383321.0,382521.0,383021.0
YBR074W,YBR074W,2,gene,386286,389216,+,Uncharacterized,2930,386282,389332.0,False,385982.0,386282.0,386282.0,386782.0
YBR085C-A,YBR085C-A,2,gene,418907,419164,-,Uncharacterized,257,419194,418549.0,False,419194.0,419494.0,418694.0,419194.0
YBR090C,YBR090C,2,gene,426333,427058,-,Uncharacterized,725,427058,,,427058.0,427358.0,426558.0,427058.0
YBR096W,YBR096W,2,gene,436021,436713,+,Uncharacterized,692,435940,436782.0,False,435640.0,435940.0,435940.0,436440.0
YBR137W,YBR137W,2,gene,513044,513583,+,Verified,539,512953,513681.0,False,512653.0,512953.0,512953.0,513453.0
YBR138C,YBR138C,2,gene,513762,515336,-,Uncharacterized,1574,515406,513614.0,False,515406.0,515706.0,514906.0,515406.0
YBR139W,YBR139W,2,gene,515664,517190,+,Verified,1526,515660,517224.0,False,515360.0,515660.0,515660.0,516160.0
YBR141C,YBR141C,2,gene,527025,528038,-,Uncharacterized,1013,528059,526865.0,False,528059.0,528359.0,527559.0,528059.0
YBR182C-A,YBR182C-A,2,gene,595361,595555,-,Uncharacterized,194,595555,,,595555.0,595855.0,595055.0,595555.0
YBR184W,YBR184W,2,gene,597363,598934,+,Uncharacterized,1571,597364,599078.0,False,597064.0,597364.0,597364.0,597864.0
YBR187W,GDT1,2,gene,602634,603476,+,Uncharacterized,842,602551,603615.0,False,602251.0,602551.0,602551.0,603051.0
YBR196C-A,YBR196C-A,2,gene,614024,614173,-,Uncharacterized,149,614173,,,614173.0,614473.0,613673.0,614173.0
YBR196C-B,YBR196C-B,2,gene,614526,614630,-,Uncharacterized,104,614630,,,614630.0,614930.0,614130.0,614630.0
YBR197C,YBR197C,2,gene,615203,615856,-,Uncharacterized,653,615880,,False,615880.0,616180.0,615380.0,615880.0
YBR200W-A,YBR200W-A,2,gene,622983,623147,+,Uncharacterized,164,622983,,,622683.0,622983.0,622983.0,623483.0
YBR201C-A,YBR201C-A,2,gene,624493,624696,-,Uncharacterized,203,624843,624246.0,False,624843.0,625143.0,624343.0,624843.0
YBR204C,YBR204C,2,gene,632254,633381,-,Verified,1127,633444,631994.0,False,633444.0,633744.0,632944.0,633444.0
YBR219C,YBR219C,2,gene,662499,663303,-,Uncharacterized,804,663303,,,663303.0,663603.0,662803.0,663303.0
YBR220C,YBR220C,2,gene,662995,664677,-,Uncharacterized,1682,664745,662857.0,False,664745.0,665045.0,664245.0,664745.0
YBR221W-A,YBR221W-A,2,gene,666538,666642,+,Uncharacterized,104,666538,,,666238.0,666538.0,666538.0,667038.0
YBR225W,YBR225W,2,gene,670627,673329,+,Uncharacterized,2702,670493,673586.0,False,670193.0,670493.0,670493.0,670993.0
YBR230W-A,YBR230W-A,2,gene,680362,680562,+,Uncharacterized,200,680299,680708.0,False,679999.0,680299.0,680299.0,680799.0
YBR235W,YBR235W,2,gene,686901,690263,+,Uncharacterized,3362,686821,690361.0,False,686521.0,686821.0,686821.0,687321.0
YBR238C,YBR238C,2,gene,695107,697302,-,Verified,2195,697303,695094.0,False,697303.0,697603.0,696803.0,697303.0
YBR241C,YBR241C,2,gene,702589,704055,-,Uncharacterized,1466,704283,702523.0,False,704283.0,704583.0,703783.0,704283.0
YBR242W,YBR242W,2,gene,704670,705386,+,Uncharacterized,716,704503,705454.0,False,704203.0,704503.0,704503.0,705003.0
YBR255C-A,YBR255C-A,2,gene,726618,727074,-,Uncharacterized,456,727099,726508.0,False,727099.0,727399.0,726599.0,727099.0
YBR259W,YBR259W,2,gene,730387,732453,+,Uncharacterized,2066,730339,732589.0,False,730039.0,730339.0,730339.0,730839.0
YBR271W,YBR271W,2,gene,744852,746111,+,Uncharacterized,1259,744836,746278.0,False,744536.0,744836.0,744836.0,745336.0
YBR284W,YBR284W,2,gene,771239,773632,+,Uncharacterized,2393,771228,773801.0,False,770928.0,771228.0,771228.0,771728.0
YBR285W,YBR285W,2,gene,773922,774356,+,Uncharacterized,434,773740,,False,773440.0,773740.0,773740.0,774240.0
YBR287W,YBR287W,2,gene,776571,777854,+,Uncharacterized,1283,776539,777969.0,False,776239.0,776539.0,776539.0,777039.0
YBR296C-A,YBR296C-A,2,gene,800123,800242,-,Uncharacterized,119,800194,,False,800194.0,800494.0,799694.0,800194.0
YBR298C-A,YBR298C-A,2,gene,805035,805256,-,Uncharacterized,221,805451,,False,805451.0,805751.0,804951.0,805451.0
YBR302C,COS2,2,gene,810340,811479,-,Verified,1139,811487,810284.0,False,811487.0,811787.0,810987.0,811487.0
YCL073C,YCL073C,3,gene,6479,8326,-,Uncharacterized,1847,8326,,,8326.0,8626.0,7826.0,8326.0
YCL068C,YCL068C,3,gene,11503,12285,-,Uncharacterized,782,12285,,,12285.0,12585.0,11785.0,12285.0
YCL067C,HMLALPHA2,3,gene,12386,13018,-,Verified%7Csilenced_gene,632,12888,12298.0,False,12888.0,13188.0,12388.0,12888.0
YCL066W,HMLALPHA1,3,gene,13282,13809,+,Verified%7Csilenced_gene,527,13282,,,12982.0,13282.0,13282.0,13782.0
YCL057C-A,YCL057C-A,3,gene,24032,24325,-,Uncharacterized,293,24353,23905.0,False,24353.0,24653.0,23853.0,24353.0
YCL056C,YCL056C,3,gene,26925,27359,-,Uncharacterized,434,27391,26898.0,False,27391.0,27691.0,26891.0,27391.0
YCL049C,YCL049C,3,gene,39786,40724,-,Uncharacterized,938,40780,39604.0,False,40780.0,41080.0,40280.0,40780.0
YCL048W-A,YCL048W-A,3,gene,41488,41727,+,Uncharacterized,239,41488,,,41188.0,41488.0,41488.0,41988.0
YCL047C,YCL047C,3,gene,43661,44437,-,Uncharacterized,776,44458,43575.0,False,44458.0,44758.0,43958.0,44458.0
YCL042W,YCL042W,3,gene,50584,50943,+,Uncharacterized,359,50406,,False,50106.0,50406.0,50406.0,50906.0
YCL021W-A,YCL021W-A,3,gene,83620,83997,+,Uncharacterized,377,83620,,,83320.0,83620.0,83620.0,84120.0
YCL012C,YCL012C,3,gene,101317,101788,-,Verified,471,101823,101200.0,False,101823.0,102123.0,101323.0,101823.0
YCL002C,YCL002C,3,gene,110808,111675,-,Uncharacterized,867,111703,110547.0,False,111703.0,112003.0,111203.0,111703.0
YCL001W-A,YCL001W-A,3,gene,113080,113541,+,Uncharacterized,461,113080,,,112780.0,113080.0,113080.0,113580.0
YCL001W-B,YCL001W-B,3,gene,113770,114024,+,Uncharacterized,254,113770,,,113470.0,113770.0,113770.0,114270.0
YCR007C,YCR007C,3,gene,126011,126730,-,Uncharacterized,719,126730,,,126730.0,127030.0,126230.0,126730.0
YCR015C,YCR015C,3,gene,141217,142170,-,Uncharacterized,953,142195,141136.0,False,142195.0,142495.0,141695.0,142195.0
YCR016W,YCR016W,3,gene,143634,144506,+,Uncharacterized,872,143609,144663.0,False,143309.0,143609.0,143609.0,144109.0
YCR023C,YCR023C,3,gene,158538,160373,-,Verified,1835,160464,158298.0,False,160464.0,160764.0,159964.0,160464.0
YCR024C-B,YCR024C-B,3,gene,162599,162865,-,Uncharacterized,266,162865,,,162865.0,163165.0,162365.0,162865.0
YCR039C,MATALPHA2,3,gene,199546,200178,-,Verified,632,200051,199465.0,False,200051.0,200351.0,199551.0,200051.0
YCR040W,MATALPHA1,3,gene,200442,200969,+,Verified,527,200442,,,200142.0,200442.0,200442.0,200942.0
YCR043C,YCR043C,3,gene,206261,206644,-,Uncharacterized,383,206669,206096.0,False,206669.0,206969.0,206169.0,206669.0
YCR050C,YCR050C,3,gene,213464,213772,-,Uncharacterized,308,213772,,,213772.0,214072.0,213272.0,213772.0
YCR051W,YCR051W,3,gene,214071,214739,+,Uncharacterized,668,214048,214872.0,False,213748.0,214048.0,214048.0,214548.0
YCR061W,YCR061W,3,gene,225563,227458,+,Uncharacterized,1895,225506,227818.0,False,225206.0,225506.0,225506.0,226006.0
YCR075W-A,YCR075W-A,3,gene,248975,249202,+,Uncharacterized,227,248982,249295.0,False,248682.0,248982.0,248982.0,249482.0
YCR076C,YCR076C,3,gene,249293,250045,-,Uncharacterized,752,250047,249189.0,False,250047.0,250347.0,249547.0,250047.0
YCR087C-A,YCR087C-A,3,gene,264006,264467,-,Uncharacterized,461,264504,263944.0,False,264504.0,264804.0,264004.0,264504.0
YCR090C,YCR090C,3,gene,272315,272863,-,Uncharacterized,548,272892,272249.0,False,272892.0,273192.0,272392.0,272892.0
YCR095W-A,YCR095W-A,3,gene,289639,289797,+,Uncharacterized,158,289502,,False,289202.0,289502.0,289502.0,290002.0
YCR099C,YCR099C,3,gene,300832,301299,-,Uncharacterized,467,301299,,,301299.0,301599.0,300799.0,301299.0
YCR100C,YCR100C,3,gene,301271,302221,-,Uncharacterized,950,302221,,,302221.0,302521.0,301721.0,302221.0
YCR101C,YCR101C,3,gene,302482,303030,-,Uncharacterized,548,303035,,False,303035.0,303335.0,302535.0,303035.0
YCR102C,YCR102C,3,gene,304361,305467,-,Uncharacterized,1106,305538,304097.0,False,305538.0,305838.0,305038.0,305538.0
YCR108C,YCR108C,3,gene,315997,316188,-,Uncharacterized,191,316188,,,316188.0,316488.0,315688.0,316188.0
YDL247W,MPH2,4,gene,5985,7814,+,Verified,1829,5985,,,5685.0,5985.0,5985.0,6485.0
YDL246C,SOR2,4,gene,8683,9756,-,Uncharacterized,1073,9756,,,9756.0,10056.0,9256.0,9756.0
YDL245C,HXT15,4,gene,11657,13360,-,Verified,1703,13360,,,13360.0,13660.0,12860.0,13360.0
YDL244W,THI13,4,gene,16204,17226,+,Verified,1022,15941,,False,15641.0,15941.0,15941.0,16441.0
YDL241W,YDL241W,4,gene,20635,21006,+,Uncharacterized,371,20554,21256.0,False,20254.0,20554.0,20554.0,21054.0
YDL237W,AIM6,4,gene,30657,31829,+,Verified,1172,30626,32013.0,False,30326.0,30626.0,30626.0,31126.0
YDL233W,YDL233W,4,gene,36797,38173,+,Uncharacterized,1376,36775,38351.0,False,36475.0,36775.0,36775.0,37275.0
YDL226C,GCS1,4,gene,51115,52173,-,Verified,1058,52197,50886.0,False,52197.0,52497.0,51697.0,52197.0
YDL218W,YDL218W,4,gene,66493,67446,+,Uncharacterized,953,66493,,,66193.0,66493.0,66493.0,66993.0
YDL211C,YDL211C,4,gene,79294,80412,-,Uncharacterized,1118,80446,79144.0,False,80446.0,80746.0,79946.0,80446.0
YDL206W,YDL206W,4,gene,90176,92464,+,Uncharacterized,2288,90015,92491.0,False,89715.0,90015.0,90015.0,90515.0
YDL199C,YDL199C,4,gene,101290,103353,-,Uncharacterized,2063,103353,,,103353.0,103653.0,102853.0,103353.0
YDL186W,YDL186W,4,gene,125616,126449,+,Uncharacterized,833,125616,,,125316.0,125616.0,125616.0,126116.0
YDL183C,YDL183C,4,gene,130871,131833,-,Verified,962,131908,130732.0,False,131908.0,132208.0,131408.0,131908.0
YDL180W,YDL180W,4,gene,135896,137539,+,Uncharacterized,1643,135771,137584.0,False,135471.0,135771.0,135771.0,136271.0
YDL177C,YDL177C,4,gene,141209,141721,-,Uncharacterized,512,141774,141120.0,False,141774.0,142074.0,141274.0,141774.0
YDL176W,YDL176W,4,gene,142097,144223,+,Verified,2126,141972,144339.0,False,141672.0,141972.0,141972.0,142472.0
YDL168W,SFA1,4,gene,159604,160764,+,Verified,1160,159549,160817.0,False,159249.0,159549.0,159549.0,160049.0
YDL160C-A,YDL160C-A,4,gene,169366,169608,-,Uncharacterized,242,169637,169108.0,False,169637.0,169937.0,169137.0,169637.0
YDL159W-A,YDL159W-A,4,gene,172182,172313,+,Uncharacterized,131,172182,,,171882.0,172182.0,172182.0,172682.0
YDL159W,STE7,4,gene,172481,174028,+,Verified,1547,172436,174225.0,False,172136.0,172436.0,172436.0,172936.0
YDL157C,YDL157C,4,gene,174232,174588,-,Uncharacterized,356,174604,174073.0,False,174604.0,174904.0,174104.0,174604.0
YDL156W,YDL156W,4,gene,174918,176486,+,Uncharacterized,1568,174825,,False,174525.0,174825.0,174825.0,175325.0
YDL153C,SAS10,4,gene,181186,183018,-,Verified,1832,183045,181046.0,False,183045.0,183345.0,182545.0,183045.0
YDL146W,LDB17,4,gene,192750,194225,+,Verified,1475,192568,194285.0,False,192268.0,192568.0,192568.0,193068.0
YDL144C,YDL144C,4,gene,198662,199732,-,Uncharacterized,1070,199743,198571.0,False,199743.0,200043.0,199243.0,199743.0
YDL133W,YDL133W,4,gene,222427,223740,+,Uncharacterized,1313,222293,223782.0,False,221993.0,222293.0,222293.0,222793.0
YDL129W,YDL129W,4,gene,231024,231899,+,Uncharacterized,875,230873,,False,230573.0,230873.0,230873.0,231373.0
YDL125C,HNT1,4,gene,239019,239606,-,Verified,587,239599,238907.0,False,239599.0,239899.0,239099.0,239599.0
YDL124W,YDL124W,4,gene,240259,241197,+,Verified,938,240215,241270.0,False,239915.0,240215.0,240215.0,240715.0
YDL121C,YDL121C,4,gene,245133,245582,-,Uncharacterized,449,245594,244934.0,False,245594.0,245894.0,245094.0,245594.0
YDL119C,YDL119C,4,gene,246689,247612,-,Uncharacterized,923,247612,,,247612.0,247912.0,247112.0,247612.0
YDL118W,YDL118W,4,gene,247302,247682,+,Uncharacterized,380,247302,,,247002.0,247302.0,247302.0,247802.0
YDL114W,YDL114W,4,gene,255604,256530,+,Uncharacterized,926,255604,,,255304.0,255604.0,255604.0,256104.0
YDL109C,YDL109C,4,gene,265258,267201,-,Uncharacterized,1943,267201,,,267201.0,267501.0,266701.0,267201.0
YDL086W,YDL086W,4,gene,301413,302234,+,Uncharacterized,821,301409,302302.0,False,301109.0,301409.0,301409.0,301909.0
YDL085C-A,YDL085C-A,4,gene,302464,302670,-,Uncharacterized,206,302730,302224.0,False,302730.0,303030.0,302230.0,302730.0
YDL073W,YDL073W,4,gene,326613,329567,+,Uncharacterized,2954,326434,329624.0,False,326134.0,326434.0,326434.0,326934.0
YDL063C,YDL063C,4,gene,338272,340134,-,Verified,1862,340203,338129.0,False,340203.0,340503.0,339703.0,340203.0
YDL057W,YDL057W,4,gene,351434,352420,+,Uncharacterized,986,351388,352462.0,False,351088.0,351388.0,351388.0,351888.0
YDL027C,YDL027C,4,gene,403695,404957,-,Uncharacterized,1262,405004,403688.0,False,405004.0,405304.0,404504.0,405004.0
YDL012C,YDL012C,4,gene,431108,431517,-,Verified,409,431535,430945.0,False,431535.0,431835.0,431035.0,431535.0
YDL007C-A,YDL007C-A,4,gene,436567,436824,-,Uncharacterized,257,436824,,,436824.0,437124.0,436324.0,436824.0
YDR003W-A,YDR003W-A,4,gene,454782,454904,+,Uncharacterized,122,454782,,,454482.0,454782.0,454782.0,455282.0
YDR018C,YDR018C,4,gene,482670,483860,-,Uncharacterized,1190,483929,,False,483929.0,484229.0,483429.0,483929.0
YDR026C,YDR026C,4,gene,492556,494268,-,Verified,1712,494412,492506.0,False,494412.0,494712.0,493912.0,494412.0
YDR034C-A,YDR034C-A,4,gene,520516,520692,-,Uncharacterized,176,520907,,False,520907.0,521207.0,520407.0,520907.0
YDR034W-B,YDR034W-B,4,gene,521314,521469,+,Uncharacterized,155,521275,521762.0,False,520975.0,521275.0,521275.0,521775.0
YDR038C,ENA5,4,gene,527422,530697,-,Verified,3275,530805,527280.0,False,530805.0,531105.0,530305.0,530805.0
YDR039C,ENA2,4,gene,531307,534582,-,Verified,3275,534679,531189.0,False,534679.0,534979.0,534179.0,534679.0
YDR042C,YDR042C,4,gene,540601,541203,-,Uncharacterized,602,541279,540493.0,False,541279.0,541579.0,540779.0,541279.0
YDR056C,YDR056C,4,gene,565023,565640,-,Uncharacterized,617,565699,564920.0,False,565699.0,565999.0,565199.0,565699.0
YDR061W,YDR061W,4,gene,574164,575783,+,Uncharacterized,1619,574164,,,573864.0,574164.0,574164.0,574664.0
YDR089W,YDR089W,4,gene,622112,624721,+,Uncharacterized,2609,621992,624895.0,False,621692.0,621992.0,621992.0,622492.0
YDR090C,YDR090C,4,gene,625066,625998,-,Uncharacterized,932,626113,624730.0,False,626113.0,626413.0,625613.0,626113.0
YDR109C,YDR109C,4,gene,673520,675667,-,Uncharacterized,2147,675659,673373.0,False,675659.0,675959.0,675159.0,675659.0
YDR114C,YDR114C,4,gene,681924,682226,-,Uncharacterized,302,682226,,,682226.0,682526.0,681726.0,682226.0
YDR115W,YDR115W,4,gene,682175,682492,+,Uncharacterized,317,682136,682715.0,False,681836.0,682136.0,682136.0,682636.0
YDR119W-A,YDR119W-A,4,gene,691014,691214,+,Uncharacterized,200,690986,691460.0,False,690686.0,690986.0,690986.0,691486.0
YDR124W,YDR124W,4,gene,700315,701289,+,Uncharacterized,974,699861,701545.0,False,699561.0,699861.0,699861.0,700361.0
YDR131C,YDR131C,4,gene,716790,718460,-,Uncharacterized,1670,718563,716689.0,False,718563.0,718863.0,718063.0,718563.0
YDR132C,YDR132C,4,gene,718816,720303,-,Uncharacterized,1487,720425,718780.0,False,720425.0,720725.0,719925.0,720425.0
YDR161W,YDR161W,4,gene,779043,780206,+,Uncharacterized,1163,779017,780429.0,False,778717.0,779017.0,779017.0,779517.0
YDR169C-A,YDR169C-A,4,gene,794574,794723,-,Uncharacterized,149,794723,,,794723.0,795023.0,794223.0,794723.0
YDR179W-A,YDR179W-A,4,gene,819433,820824,+,Uncharacterized,1391,819341,820914.0,False,819041.0,819341.0,819341.0,819841.0
YDR182W-A,YDR182W-A,4,gene,829151,829354,+,Uncharacterized,203,829151,,,828851.0,829151.0,829151.0,829651.0
YDR186C,YDR186C,4,gene,832859,835492,-,Verified,2633,835685,832743.0,False,835685.0,835985.0,835185.0,835685.0
YDR194W-A,YDR194W-A,4,gene,848071,848223,+,Uncharacterized,152,848120,848558.0,False,847820.0,848120.0,848120.0,848620.0
YDR210W,YDR210W,4,gene,871074,871301,+,Uncharacterized,227,871043,871480.0,False,870743.0,871043.0,871043.0,871543.0
YDR222W,YDR222W,4,gene,910054,911301,+,Uncharacterized,1247,910019,911466.0,False,909719.0,910019.0,910019.0,910519.0
YDR238C,SEC26,4,gene,937895,940816,-,Verified,2921,940850,937700.0,False,940850.0,941150.0,940350.0,940850.0
YDR239C,YDR239C,4,gene,941057,943420,-,Verified,2363,943430,940999.0,False,943430.0,943730.0,942930.0,943430.0
YDR246W-A,YDR246W-A,4,gene,955133,955333,+,Uncharacterized,200,955133,,,954833.0,955133.0,955133.0,955633.0
YDR248C,YDR248C,4,gene,957758,958339,-,Uncharacterized,581,958398,957658.0,False,958398.0,958698.0,957898.0,958398.0
YDR249C,YDR249C,4,gene,958681,959802,-,Uncharacterized,1121,960118,958568.0,False,960118.0,960418.0,959618.0,960118.0
YDR257C,RKM4,4,gene,969990,971474,-,Verified,1484,971479,969687.0,False,971479.0,971779.0,970979.0,971479.0
YDR262W,YDR262W,4,gene,993134,993952,+,Uncharacterized,818,993124,994149.0,False,992824.0,993124.0,993124.0,993624.0
YDR266C,YDR266C,4,gene,1000104,1002023,-,Verified,1919,1002226,999965.0,False,1002226.0,1002526.0,1001726.0,1002226.0
YDR282C,YDR282C,4,gene,1023511,1024755,-,Uncharacterized,1244,1024763,1023312.0,False,1024763.0,1025063.0,1024263.0,1024763.0
YDR286C,YDR286C,4,gene,1035231,1035575,-,Uncharacterized,344,1035806,1035140.0,False,1035806.0,1036106.0,1035306.0,1035806.0
YDR301W,CFT1,4,gene,1063352,1067425,+,Verified,4073,1063278,1067560.0,False,1062978.0,1063278.0,1063278.0,1063778.0
YDR306C,YDR306C,4,gene,1073735,1075171,-,Uncharacterized,1436,1075224,1073717.0,False,1075224.0,1075524.0,1074724.0,1075224.0
YDR307W,YDR307W,4,gene,1075865,1077853,+,Uncharacterized,1988,1075807,1077861.0,False,1075507.0,1075807.0,1075807.0,1076307.0
YDR315C,IPK1,4,gene,1092741,1093586,-,Verified,845,1093588,1092669.0,False,1093588.0,1093888.0,1093088.0,1093588.0
YDR319C,YDR319C,4,gene,1105003,1105827,-,Uncharacterized,824,1105875,1104930.0,False,1105875.0,1106175.0,1105375.0,1105875.0
YDR321W,ASP1,4,gene,1108702,1109847,+,Verified,1145,1108672,1109999.0,False,1108372.0,1108672.0,1108672.0,1109172.0
YDR333C,YDR333C,4,gene,1133260,1135431,-,Uncharacterized,2171,1135436,1133038.0,False,1135436.0,1135736.0,1134936.0,1135436.0
YDR336W,YDR336W,4,gene,1145092,1146036,+,Uncharacterized,944,1145254,1146131.0,False,1144954.0,1145254.0,1145254.0,1145754.0
YDR338C,YDR338C,4,gene,1147379,1149466,-,Uncharacterized,2087,1149526,1147256.0,False,1149526.0,1149826.0,1149026.0,1149526.0
YDR341C,YDR341C,4,gene,1151803,1153626,-,Verified,1823,1153663,1151640.0,False,1153663.0,1153963.0,1153163.0,1153663.0
YDR348C,YDR348C,4,gene,1170326,1171825,-,Uncharacterized,1499,1172025,1170147.0,False,1172025.0,1172325.0,1171525.0,1172025.0
YDR352W,YDR352W,4,gene,1181801,1182754,+,Uncharacterized,953,1181624,1182984.0,False,1181324.0,1181624.0,1181624.0,1182124.0
YDR363W,ESC2,4,gene,1199183,1200553,+,Verified,1370,1199035,1200722.0,False,1198735.0,1199035.0,1199035.0,1199535.0
YDR366C,YDR366C,4,gene,1212438,1212836,-,Uncharacterized,398,1212900,1212245.0,False,1212900.0,1213200.0,1212400.0,1212900.0
YDR370C,YDR370C,4,gene,1217782,1219110,-,Uncharacterized,1328,1219111,1217729.0,False,1219111.0,1219411.0,1218611.0,1219111.0
YDR374C,YDR374C,4,gene,1223474,1224394,-,Uncharacterized,920,1224394,,,1224394.0,1224694.0,1223894.0,1224394.0
YDR374W-A,YDR374W-A,4,gene,1224757,1225026,+,Uncharacterized,269,1224758,1225272.0,False,1224458.0,1224758.0,1224758.0,1225258.0
YDR379C-A,YDR379C-A,4,gene,1233278,1233517,-,Verified,239,1233548,1233145.0,False,1233548.0,1233848.0,1233048.0,1233548.0
YDR381C-A,YDR381C-A,4,gene,1238312,1238850,-,Verified,538,1239082,1238204.0,False,1239082.0,1239382.0,1238582.0,1239082.0
YDR383C,NKP1,4,gene,1239960,1240676,-,Verified,716,1240699,1239899.0,False,1240699.0,1240999.0,1240199.0,1240699.0
YDR387C,YDR387C,4,gene,1248154,1249821,-,Uncharacterized,1667,1249968,1248019.0,False,1249968.0,1250268.0,1249468.0,1249968.0
YDR391C,YDR391C,4,gene,1257358,1258056,-,Uncharacterized,698,1258068,1257301.0,False,1258068.0,1258368.0,1257568.0,1258068.0
YDR394W,RPT3,4,gene,1261681,1262967,+,Verified,1286,1261578,1263063.0,False,1261278.0,1261578.0,1261578.0,1262078.0
YDR398W,UTP5,4,gene,1267471,1269402,+,Verified,1931,1267436,1269509.0,False,1267136.0,1267436.0,1267436.0,1267936.0
YDR403W,DIT1,4,gene,1274602,1276212,+,Verified,1610,1274602,,,1274302.0,1274602.0,1274602.0,1275102.0
YDR405W,MRP20,4,gene,1277646,1278437,+,Verified,791,1277594,1278579.0,False,1277294.0,1277594.0,1277594.0,1278094.0
YDR406W,PDR15,4,gene,1279210,1283799,+,Verified,4589,1279090,1283914.0,False,1278790.0,1279090.0,1279090.0,1279590.0
YDR414C,ERD1,4,gene,1295598,1296686,-,Verified,1088,1296864,1295441.0,False,1296864.0,1297164.0,1296364.0,1296864.0
YDR415C,YDR415C,4,gene,1297037,1298161,-,Uncharacterized,1124,1298206,1296948.0,False,1298206.0,1298506.0,1297706.0,1298206.0
YDR418W,RPL12B,4,gene,1301616,1302113,+,Verified,497,1301591,1302215.0,False,1301291.0,1301591.0,1301591.0,1302091.0
YDR419W,RAD30,4,gene,1303174,1305072,+,Verified,1898,1303169,1305430.0,False,1302869.0,1303169.0,1303169.0,1303669.0
YDR423C,CAD1,4,gene,1318046,1319275,-,Verified,1229,1319248,1317978.0,False,1319248.0,1319548.0,1318748.0,1319248.0
YDR444W,YDR444W,4,gene,1350290,1352353,+,Uncharacterized,2063,1350226,1352403.0,False,1349926.0,1350226.0,1350226.0,1350726.0
YDR461C-A,YDR461C-A,4,gene,1385524,1385766,-,Uncharacterized,242,1385843,1385388.0,False,1385843.0,1386143.0,1385343.0,1385843.0
YDR476C,YDR476C,4,gene,1410453,1411127,-,Uncharacterized,674,1411146,1410252.0,False,1411146.0,1411446.0,1410646.0,1411146.0
YDR506C,YDR506C,4,gene,1459728,1461554,-,Uncharacterized,1826,1461573,,False,1461573.0,1461873.0,1461073.0,1461573.0
YDR514C,YDR514C,4,gene,1471548,1472999,-,Uncharacterized,1451,1473075,1471453.0,False,1473075.0,1473375.0,1472575.0,1473075.0
YDR524W-C,YDR524W-C,4,gene,1489403,1489492,+,Uncharacterized,89,1489403,,,1489103.0,1489403.0,1489403.0,1489903.0
YDR524C-B,YDR524C-B,4,gene,1489598,1489798,-,Uncharacterized,200,1489844,1489268.0,False,1489844.0,1490144.0,1489344.0,1489844.0
YDR541C,YDR541C,4,gene,1519664,1520698,-,Uncharacterized,1034,1520870,1519462.0,False,1520870.0,1521170.0,1520370.0,1520870.0
YDR545W,YRF1-1,4,gene,1526321,1531711,+,Verified,5390,1525916,1531789.0,False,1525616.0,1525916.0,1525916.0,1526416.0
YEL077C,YEL077C,5,gene,264,4097,-,Uncharacterized,3833,4097,,,4097.0,4397.0,3597.0,4097.0
YEL076C-A,YEL076C-A,5,gene,4185,5114,-,Uncharacterized,929,5114,,,5114.0,5414.0,4614.0,5114.0
YEL076C,YEL076C,5,gene,4464,5114,-,Uncharacterized,650,5114,,,5114.0,5414.0,4614.0,5114.0
YEL075C,YEL075C,5,gene,5345,5713,-,Uncharacterized,368,5713,,,5713.0,6013.0,5213.0,5713.0
YEL073C,YEL073C,5,gene,7230,7553,-,Uncharacterized,323,7553,,,7553.0,7853.0,7053.0,7553.0
YEL067C,YEL067C,5,gene,26189,26776,-,Uncharacterized,587,26539,,False,26539.0,26839.0,26039.0,26539.0
YEL057C,YEL057C,5,gene,45020,45721,-,Uncharacterized,701,46035,44943.0,False,46035.0,46335.0,45535.0,46035.0
YEL047C,YEL047C,5,gene,65385,66797,-,Verified,1412,66812,65306.0,False,66812.0,67112.0,66312.0,66812.0
YEL043W,YEL043W,5,gene,70478,73348,+,Verified,2870,70445,73415.0,False,70145.0,70445.0,70445.0,70945.0
YEL025C,YEL025C,5,gene,102581,106147,-,Uncharacterized,3566,106165,102298.0,False,106165.0,106465.0,105665.0,106165.0
YEL023C,YEL023C,5,gene,108504,110552,-,Uncharacterized,2048,111114,108386.0,False,111114.0,111414.0,110614.0,111114.0
YEL020C,YEL020C,5,gene,118617,120299,-,Uncharacterized,1682,120299,,,120299.0,120599.0,119799.0,120299.0
YEL007W,YEL007W,5,gene,141892,143892,+,Uncharacterized,2000,141641,143926.0,False,141341.0,141641.0,141641.0,142141.0
YER010C,YER010C,5,gene,172634,173338,-,Verified,704,173368,172569.0,False,173368.0,173668.0,172868.0,173368.0
YER034W,YER034W,5,gene,221846,222403,+,Uncharacterized,557,221834,222619.0,False,221534.0,221834.0,221834.0,222334.0
YER039C-A,YER039C-A,5,gene,229263,229481,-,Uncharacterized,218,229503,,False,229503.0,229803.0,229003.0,229503.0
YER053C-A,YER053C-A,5,gene,260933,261046,-,Uncharacterized,113,261325,,False,261325.0,261625.0,260825.0,261325.0
YER064C,YER064C,5,gene,282705,284222,-,Uncharacterized,1517,284330,282448.0,False,284330.0,284630.0,283830.0,284330.0
YER071C,YER071C,5,gene,301947,302327,-,Uncharacterized,380,302322,301904.0,False,302322.0,302622.0,301822.0,302322.0
YER076C,YER076C,5,gene,312590,313498,-,Uncharacterized,908,313977,312440.0,False,313977.0,314277.0,313477.0,313977.0
YER077C,YER077C,5,gene,314534,316600,-,Uncharacterized,2066,316584,314456.0,False,316584.0,316884.0,316084.0,316584.0
YER078W-A,YER078W-A,5,gene,318646,318810,+,Uncharacterized,164,318564,,False,318264.0,318564.0,318564.0,319064.0
YER079W,YER079W,5,gene,318920,319552,+,Uncharacterized,632,318844,319806.0,False,318544.0,318844.0,318844.0,319344.0
YER085C,YER085C,5,gene,327619,328140,-,Uncharacterized,521,328140,,,328140.0,328440.0,327640.0,328140.0
YER086W,ILV1,5,gene,328477,330207,+,Verified,1730,328378,330347.0,False,328078.0,328378.0,328378.0,328878.0
YER121W,YER121W,5,gene,402375,402719,+,Uncharacterized,344,402346,,False,402046.0,402346.0,402346.0,402846.0
YER128W,YER128W,5,gene,415859,416470,+,Uncharacterized,611,415798,416711.0,False,415498.0,415798.0,415798.0,416298.0
YER130C,YER130C,5,gene,421115,422446,-,Uncharacterized,1331,422514,420897.0,False,422514.0,422814.0,422014.0,422514.0
YER134C,YER134C,5,gene,437267,437803,-,Uncharacterized,536,437850,437017.0,False,437850.0,438150.0,437350.0,437850.0
YER137C,YER137C,5,gene,441373,441819,-,Uncharacterized,446,441840,441304.0,False,441840.0,442140.0,441340.0,441840.0
YER138W-A,YER138W-A,5,gene,449474,449578,+,Uncharacterized,104,449474,,,449174.0,449474.0,449474.0,449974.0
YER140W,YER140W,5,gene,451565,453235,+,Uncharacterized,1670,451524,453468.0,False,451224.0,451524.0,451524.0,452024.0
YER152C,YER152C,5,gene,472657,473988,-,Verified,1331,474017,472621.0,False,474017.0,474317.0,473517.0,474017.0
YER156C,YER156C,5,gene,483325,484341,-,Uncharacterized,1016,484358,483212.0,False,484358.0,484658.0,483858.0,484358.0
YER158C,YER158C,5,gene,488857,490578,-,Uncharacterized,1721,490795,488733.0,False,490795.0,491095.0,490295.0,490795.0
YER163C,YER163C,5,gene,503084,503782,-,Uncharacterized,698,503791,503042.0,False,503791.0,504091.0,503291.0,503791.0
YER175W-A,YER175W-A,5,gene,540650,540814,+,Uncharacterized,164,540515,,False,540215.0,540515.0,540515.0,541015.0
YER184C,YER184C,5,gene,556296,558680,-,Uncharacterized,2384,559112,555952.0,False,559112.0,559412.0,558612.0,559112.0
YER186C,YER186C,5,gene,561705,562625,-,Uncharacterized,920,562805,561500.0,False,562805.0,563105.0,562305.0,562805.0
YER187W,YER187W,5,gene,566230,566655,+,Uncharacterized,425,565529,566860.0,False,565229.0,565529.0,565529.0,566029.0
YER188C-A,YER188C-A,5,gene,569608,569907,-,Uncharacterized,299,570128,,False,570128.0,570428.0,569628.0,570128.0
YER189W,YER189W,5,gene,571155,571523,+,Uncharacterized,368,570765,,False,570465.0,570765.0,570765.0,571265.0
YER190W,YRF1-2,5,gene,571480,576525,+,Verified,5045,570765,576863.0,False,570465.0,570765.0,570765.0,571265.0
YER190C-B,YER190C-B,5,gene,575680,576162,-,Uncharacterized,482,576162,,,576162.0,576462.0,575662.0,576162.0
YFL068W,YFL068W,6,gene,53,535,+,Uncharacterized,482,53,,,-247.0,53.0,53.0,553.0
YFL067W,YFL067W,6,gene,836,1363,+,Uncharacterized,527,836,,,536.0,836.0,836.0,1336.0
YFL066C,YFL066C,6,gene,1437,2615,-,Uncharacterized,1178,2615,,,2615.0,2915.0,2115.0,2615.0
YFL065C,YFL065C,6,gene,3030,3338,-,Uncharacterized,308,3338,,,3338.0,3638.0,2838.0,3338.0
YFL064C,YFL064C,6,gene,3322,3846,-,Uncharacterized,524,3846,,,3846.0,4146.0,3346.0,3846.0
YFL054C,YFL054C,6,gene,20847,22787,-,Uncharacterized,1940,22853,20786.0,False,22853.0,23153.0,22353.0,22853.0
YFL052W,YFL052W,6,gene,28232,29629,+,Uncharacterized,1397,28232,,,27932.0,28232.0,28232.0,28732.0
YFL051C,YFL051C,6,gene,30058,30540,-,Uncharacterized,482,30540,,,30540.0,30840.0,30040.0,30540.0
YFL042C,YFL042C,6,gene,45720,47744,-,Uncharacterized,2024,47778,45660.0,False,47778.0,48078.0,47278.0,47778.0
YFL041W-A,YFL041W-A,6,gene,48734,48925,+,Uncharacterized,191,47917,48987.0,False,47617.0,47917.0,47917.0,48417.0
YFL040W,YFL040W,6,gene,51350,52972,+,Uncharacterized,1622,51350,,,51050.0,51350.0,51350.0,51850.0
YFL034W,YFL034W,6,gene,65477,68698,+,Uncharacterized,3221,65308,68816.0,False,65008.0,65308.0,65308.0,65808.0
YFL012W,YFL012W,6,gene,110647,111093,+,Uncharacterized,446,110647,,,110347.0,110647.0,110647.0,111147.0
YFR006W,YFR006W,6,gene,156145,157752,+,Uncharacterized,1607,156222,157827.0,False,155922.0,156222.0,156222.0,156722.0
YFR012W,YFR012W,6,gene,167888,168496,+,Uncharacterized,608,167978,,False,167678.0,167978.0,167978.0,168478.0
YFR012W-A,YFR012W-A,6,gene,169224,169310,+,Uncharacterized,86,169224,,,168924.0,169224.0,169224.0,169724.0
YFR016C,YFR016C,6,gene,177042,180743,-,Verified,3701,180838,176992.0,False,180838.0,181138.0,180338.0,180838.0
YFR017C,YFR017C,6,gene,182274,182861,-,Uncharacterized,587,182861,,,182861.0,183161.0,182361.0,182861.0
YFR018C,YFR018C,6,gene,183131,184222,-,Uncharacterized,1091,184284,182970.0,False,184284.0,184584.0,183784.0,184284.0
YFR032C-B,YFR032C-B,6,gene,223710,223973,-,Uncharacterized,263,223973,,,223973.0,224273.0,223473.0,223973.0
YFR035C,YFR035C,6,gene,226121,226465,-,Uncharacterized,344,226465,,,226465.0,226765.0,225965.0,226465.0
YFR039C,YFR039C,6,gene,232012,233544,-,Uncharacterized,1532,233674,231950.0,False,233674.0,233974.0,233174.0,233674.0
YFR045W,YFR045W,6,gene,241998,242999,+,Uncharacterized,1001,241983,243076.0,False,241683.0,241983.0,241983.0,242483.0
YFR057W,YFR057W,6,gene,269061,269516,+,Uncharacterized,455,269061,,,268761.0,269061.0,269061.0,269561.0
YGL263W,COS12,7,gene,2790,3932,+,Verified,1142,2785,4080.0,False,2485.0,2785.0,2785.0,3285.0
YGL262W,YGL262W,7,gene,5312,5839,+,Uncharacterized,527,5312,,,5012.0,5312.0,5312.0,5812.0
YGL260W,YGL260W,7,gene,6860,7090,+,Uncharacterized,230,6860,,,6560.0,6860.0,6860.0,7360.0
YGL258W-A,YGL258W-A,7,gene,9162,9395,+,Uncharacterized,233,9162,,,8862.0,9162.0,9162.0,9662.0
YGL242C,YGL242C,7,gene,44652,45197,-,Uncharacterized,545,45253,44528.0,False,45253.0,45553.0,44753.0,45253.0
YGL235W,YGL235W,7,gene,55279,55815,+,Uncharacterized,536,55279,,,54979.0,55279.0,55279.0,55779.0
YGL230C,YGL230C,7,gene,63772,64215,-,Uncharacterized,443,64286,63564.0,False,64286.0,64586.0,63786.0,64286.0
YGL194C-A,YGL194C-A,7,gene,139719,139961,-,Uncharacterized,242,140153,139559.0,False,140153.0,140453.0,139653.0,140153.0
YGL193C,YGL193C,7,gene,141916,142227,-,Uncharacterized,311,142227,,,142227.0,142527.0,141727.0,142227.0
YGL188C-A,YGL188C-A,7,gene,148824,148964,-,Uncharacterized,140,148980,,False,148980.0,149280.0,148480.0,148980.0
YGL185C,YGL185C,7,gene,153167,154306,-,Uncharacterized,1139,154316,153088.0,False,154316.0,154616.0,153816.0,154316.0
YGL176C,YGL176C,7,gene,171415,173079,-,Uncharacterized,1664,173129,171309.0,False,173129.0,173429.0,172629.0,173129.0
YGL159W,YGL159W,7,gene,202721,203833,+,Uncharacterized,1112,202699,203987.0,False,202399.0,202699.0,202699.0,203199.0
YGL140C,YGL140C,7,gene,241353,245012,-,Uncharacterized,3659,245200,241116.0,False,245200.0,245500.0,244700.0,245200.0
YGL138C,YGL138C,7,gene,248494,249531,-,Uncharacterized,1037,249531,,,249531.0,249831.0,249031.0,249531.0
YGL117W,YGL117W,7,gene,288512,289309,+,Uncharacterized,797,288427,289396.0,False,288127.0,288427.0,288427.0,288927.0
YGL114W,YGL114W,7,gene,293460,295637,+,Uncharacterized,2177,293420,295678.0,False,293120.0,293420.0,293420.0,293920.0
YGL108C,YGL108C,7,gene,303649,304071,-,Uncharacterized,422,304109,303460.0,False,304109.0,304409.0,303609.0,304109.0
YGL101W,YGL101W,7,gene,312193,312840,+,Uncharacterized,647,312166,313096.0,False,311866.0,312166.0,312166.0,312666.0
YGL082W,YGL082W,7,gene,355827,356972,+,Uncharacterized,1145,355738,357164.0,False,355438.0,355738.0,355738.0,356238.0
YGL081W,YGL081W,7,gene,357377,358339,+,Uncharacterized,962,357377,,,357077.0,357377.0,357377.0,357877.0
YGL041C-B,YGL041C-B,7,gene,418704,418886,-,Uncharacterized,182,418886,,,418886.0,419186.0,418386.0,418886.0
YGL041W-A,YGL041W-A,7,gene,418825,419289,+,Uncharacterized,464,418815,419425.0,False,418515.0,418815.0,418815.0,419315.0
YGL039W,YGL039W,7,gene,423961,425007,+,Verified,1046,423850,425121.0,False,423550.0,423850.0,423850.0,424350.0
YGL036W,YGL036W,7,gene,428601,431330,+,Uncharacterized,2729,428601,,,428301.0,428601.0,428601.0,429101.0
YGL015C,YGL015C,7,gene,465043,465435,-,Uncharacterized,392,465435,,,465435.0,465735.0,464935.0,465435.0
YGL010W,YGL010W,7,gene,475545,476069,+,Uncharacterized,524,475496,476268.0,False,475196.0,475496.0,475496.0,475996.0
YGL007C-A,YGL007C-A,7,gene,482941,483027,-,Uncharacterized,86,483183,482832.0,False,483183.0,483483.0,482683.0,483183.0
YGL006W-A,YGL006W-A,7,gene,485423,485533,+,Uncharacterized,110,485423,,,485123.0,485423.0,485423.0,485923.0
YGR001C,YGR001C,7,gene,497133,498034,-,Uncharacterized,901,498044,497057.0,False,498044.0,498344.0,497544.0,498044.0
YGR012W,YGR012W,7,gene,513159,514340,+,Verified,1181,513131,514430.0,False,512831.0,513131.0,513131.0,513631.0
YGR015C,YGR015C,7,gene,521090,522076,-,Uncharacterized,986,522079,520803.0,False,522079.0,522379.0,521579.0,522079.0
YGR016W,YGR016W,7,gene,522261,522833,+,Uncharacterized,572,522239,523022.0,False,521939.0,522239.0,522239.0,522739.0
YGR017W,YGR017W,7,gene,523787,524680,+,Uncharacterized,893,523616,524798.0,False,523316.0,523616.0,523616.0,524116.0
YGR021W,YGR021W,7,gene,527632,528504,+,Uncharacterized,872,527620,528589.0,False,527320.0,527620.0,527620.0,528120.0
YGR026W,YGR026W,7,gene,532985,533821,+,Uncharacterized,836,532846,534007.0,False,532546.0,532846.0,532846.0,533346.0
YGR031W,YGR031W,7,gene,546441,547469,+,Uncharacterized,1028,546370,547764.0,False,546070.0,546370.0,546370.0,546870.0
YGR035C,YGR035C,7,gene,557072,557422,-,Uncharacterized,350,557513,556914.0,False,557513.0,557813.0,557013.0,557513.0
YGR035W-A,YGR035W-A,7,gene,557565,557786,+,Uncharacterized,221,557565,,,557265.0,557565.0,557565.0,558065.0
YGR042W,YGR042W,7,gene,579476,580291,+,Uncharacterized,815,579458,580390.0,False,579158.0,579458.0,579458.0,579958.0
YGR053C,YGR053C,7,gene,594986,595837,-,Uncharacterized,851,595953,594930.0,False,595953.0,596253.0,595453.0,595953.0
YGR054W,YGR054W,7,gene,596693,598621,+,Verified,1928,596523,598834.0,False,596223.0,596523.0,596523.0,597023.0
YGR066C,YGR066C,7,gene,620921,621799,-,Uncharacterized,878,621799,,,621799.0,622099.0,621299.0,621799.0
YGR067C,YGR067C,7,gene,622372,624786,-,Uncharacterized,2414,624786,,,624786.0,625086.0,624286.0,624786.0
YGR071C,YGR071C,7,gene,631481,634063,-,Uncharacterized,2582,634137,631313.0,False,634137.0,634437.0,633637.0,634137.0
YGR079W,YGR079W,7,gene,640720,641832,+,Uncharacterized,1112,640825,641924.0,False,640525.0,640825.0,640825.0,641325.0
YGR093W,YGR093W,7,gene,670388,671911,+,Uncharacterized,1523,670323,671993.0,False,670023.0,670323.0,670323.0,670823.0
YGR102C,YGR102C,7,gene,694584,695135,-,Verified,551,695142,694411.0,False,695142.0,695442.0,694642.0,695142.0
YGR111W,YGR111W,7,gene,715828,717030,+,Uncharacterized,1202,715738,717156.0,False,715438.0,715738.0,715738.0,716238.0
YGR117C,YGR117C,7,gene,725049,726479,-,Uncharacterized,1430,726489,724823.0,False,726489.0,726789.0,725989.0,726489.0
YGR121W-A,YGR121W-A,7,gene,733412,733627,+,Uncharacterized,215,733197,,False,732897.0,733197.0,733197.0,733697.0
YGR122W,YGR122W,7,gene,733935,735143,+,Verified,1208,733793,735515.0,False,733493.0,733793.0,733793.0,734293.0
YGR125W,YGR125W,7,gene,742325,745435,+,Uncharacterized,3110,742104,745596.0,False,741804.0,742104.0,742104.0,742604.0
YGR126W,YGR126W,7,gene,745835,746527,+,Uncharacterized,692,745723,,False,745423.0,745723.0,745723.0,746223.0
YGR127W,YGR127W,7,gene,746798,747736,+,Uncharacterized,938,746696,747952.0,False,746396.0,746696.0,746696.0,747196.0
YGR130C,YGR130C,7,gene,751394,753844,-,Verified,2450,753978,751220.0,False,753978.0,754278.0,753478.0,753978.0
YGR146C-A,YGR146C-A,7,gene,785276,785437,-,Uncharacterized,161,785494,785114.0,False,785494.0,785794.0,784994.0,785494.0
YGR149W,YGR149W,7,gene,789031,790329,+,Uncharacterized,1298,788628,790517.0,False,788328.0,788628.0,788628.0,789128.0
YGR153W,YGR153W,7,gene,796092,796745,+,Uncharacterized,653,796072,796938.0,False,795772.0,796072.0,796072.0,796572.0
YGR161W-C,YGR161W-C,7,gene,810227,810505,+,Uncharacterized,278,810185,810754.0,False,809885.0,810185.0,810185.0,810685.0
YGR168C,YGR168C,7,gene,833352,834482,-,Uncharacterized,1130,834524,833255.0,False,834524.0,834824.0,834024.0,834524.0
YGR169C-A,YGR169C-A,7,gene,836387,836665,-,Uncharacterized,278,836729,836025.0,False,836729.0,837029.0,836229.0,836729.0
YGR171C,MSM1,7,gene,840824,842551,-,Verified,1727,842575,840711.0,False,842575.0,842875.0,842075.0,842575.0
YGR174W-A,YGR174W-A,7,gene,846655,846741,+,Uncharacterized,86,846532,,False,846232.0,846532.0,846532.0,847032.0
YGR201C,YGR201C,7,gene,902520,903197,-,Uncharacterized,677,903202,902453.0,False,903202.0,903502.0,902702.0,903202.0
YGR204C-A,YGR204C-A,7,gene,909061,909174,-,Uncharacterized,113,909174,,,909174.0,909474.0,908674.0,909174.0
YGR205W,YGR205W,7,gene,909213,910085,+,Verified,872,909084,910213.0,False,908784.0,909084.0,909084.0,909584.0
YGR207C,YGR207C,7,gene,910843,911628,-,Verified,785,911659,910734.0,False,911659.0,911959.0,911159.0,911659.0
YGR210C,YGR210C,7,gene,913503,914738,-,Uncharacterized,1235,914783,913408.0,False,914783.0,915083.0,914283.0,914783.0
YGR235C,YGR235C,7,gene,961360,962061,-,Uncharacterized,701,962092,961132.0,False,962092.0,962392.0,961592.0,962092.0
YGR237C,YGR237C,7,gene,963298,965655,-,Uncharacterized,2357,965744,963152.0,False,965744.0,966044.0,965244.0,965744.0
YGR240C-A,YGR240C-A,7,gene,974577,974777,-,Uncharacterized,200,974777,,,974777.0,975077.0,974277.0,974777.0
YGR250C,YGR250C,7,gene,991176,993521,-,Verified,2345,993773,991066.0,False,993773.0,994073.0,993273.0,993773.0
YGR251W,YGR251W,7,gene,995639,996229,+,Verified,590,995612,996573.0,False,995312.0,995612.0,995612.0,996112.0
YGR266W,YGR266W,7,gene,1022656,1024761,+,Verified,2105,1022593,1025006.0,False,1022293.0,1022593.0,1022593.0,1023093.0
YGR273C,YGR273C,7,gene,1038715,1039239,-,Uncharacterized,524,1039239,,,1039239.0,1039539.0,1038739.0,1039239.0
YGR283C,YGR283C,7,gene,1059015,1060040,-,Verified,1025,1060068,1058912.0,False,1060068.0,1060368.0,1059568.0,1060068.0
YGR296W,YRF1-3,7,gene,1084864,1090591,+,Verified,5727,1084796,1090669.0,False,1084496.0,1084796.0,1084796.0,1085296.0
YHL050C,YHL050C,8,gene,445,3311,-,Uncharacterized,2866,3351,369.0,False,3351.0,3651.0,2851.0,3351.0
YHL049C,YHL049C,8,gene,3726,4541,-,Uncharacterized,815,4827,,False,4827.0,5127.0,4327.0,4827.0
YHL048C-A,YHL048C-A,8,gene,5663,5797,-,Uncharacterized,134,5797,,,5797.0,6097.0,5297.0,5797.0
YHL044W,YHL044W,8,gene,13565,14272,+,Uncharacterized,707,13539,14521.0,False,13239.0,13539.0,13539.0,14039.0
YHL042W,YHL042W,8,gene,15667,16119,+,Uncharacterized,452,15887,16438.0,False,15587.0,15887.0,15887.0,16387.0
YHL026C,YHL026C,8,gene,53219,54166,-,Uncharacterized,947,54279,53102.0,False,54279.0,54579.0,53779.0,54279.0
YHL018W,YHL018W,8,gene,69708,70070,+,Uncharacterized,362,69694,,False,69394.0,69694.0,69694.0,70194.0
YHL017W,YHL017W,8,gene,70276,71874,+,Uncharacterized,1598,70255,72007.0,False,69955.0,70255.0,70255.0,70755.0
YHL015W-A,YHL015W-A,8,gene,74699,74782,+,Uncharacterized,83,74699,,,74399.0,74699.0,74699.0,75199.0
YHL012W,YHL012W,8,gene,78936,80417,+,Uncharacterized,1481,78936,,,78636.0,78936.0,78936.0,79436.0
YHL008C,YHL008C,8,gene,92627,94510,-,Uncharacterized,1883,94651,92428.0,False,94651.0,94951.0,94151.0,94651.0
YHR003C,YHR003C,8,gene,110028,111317,-,Verified,1289,111337,109969.0,False,111337.0,111637.0,110837.0,111337.0
YHR007C-A,YHR007C-A,8,gene,122550,122765,-,Uncharacterized,215,122765,,,122765.0,123065.0,122265.0,122765.0
YHR009C,YHR009C,8,gene,124109,125680,-,Uncharacterized,1571,125916,123959.0,False,125916.0,126216.0,125416.0,125916.0
YHR020W,YHR020W,8,gene,143996,146062,+,Verified,2066,143878,146147.0,False,143578.0,143878.0,143878.0,144378.0
YHR022C,YHR022C,8,gene,149575,150345,-,Uncharacterized,770,150787,149548.0,False,150787.0,151087.0,150287.0,150787.0
YHR022C-A,YHR022C-A,8,gene,151217,151306,-,Uncharacterized,89,151306,,,151306.0,151606.0,150806.0,151306.0
YHR033W,YHR033W,8,gene,175548,176819,+,Uncharacterized,1271,175548,,,175248.0,175548.0,175548.0,176048.0
YHR035W,YHR035W,8,gene,178219,180111,+,Uncharacterized,1892,178195,180374.0,False,177895.0,178195.0,178195.0,178695.0
YHR045W,YHR045W,8,gene,195551,197233,+,Uncharacterized,1682,195422,197301.0,False,195122.0,195422.0,195422.0,195922.0
YHR050W-A,YHR050W-A,8,gene,209475,209645,+,Uncharacterized,170,209475,,,209175.0,209475.0,209475.0,209975.0
YHR053C,CUP1-1,8,gene,212535,212720,-,Verified,185,212780,212349.0,False,212780.0,213080.0,212280.0,212780.0
YHR054C,YHR054C,8,gene,213185,214249,-,Uncharacterized,1064,214249,,,214249.0,214549.0,213749.0,214249.0
YHR055C,CUP1-2,8,gene,214533,214718,-,Verified,185,214778,214359.0,False,214778.0,215078.0,214278.0,214778.0
YHR078W,YHR078W,8,gene,256360,258018,+,Uncharacterized,1658,256333,258144.0,False,256033.0,256333.0,256333.0,256833.0
YHR080C,YHR080C,8,gene,262801,266838,-,Verified,4037,267059,262751.0,False,267059.0,267359.0,266559.0,267059.0
YHR086W-A,YHR086W-A,8,gene,280231,280392,+,Uncharacterized,161,280231,,,279931.0,280231.0,280231.0,280731.0
YHR097C,YHR097C,8,gene,297385,298609,-,Uncharacterized,1224,298747,297261.0,False,298747.0,299047.0,298247.0,298747.0
YHR112C,YHR112C,8,gene,334527,335663,-,Uncharacterized,1136,335697,334329.0,False,335697.0,335997.0,335197.0,335697.0
YHR113W,YHR113W,8,gene,336337,337809,+,Verified,1472,336344,337951.0,False,336044.0,336344.0,336344.0,336844.0
YHR122W,YHR122W,8,gene,353625,354320,+,Verified,695,353571,354464.0,False,353271.0,353571.0,353571.0,354071.0
YHR127W,YHR127W,8,gene,360913,361644,+,Verified,731,360869,361866.0,False,360569.0,360869.0,360869.0,361369.0
YHR131C,YHR131C,8,gene,365340,367892,-,Uncharacterized,2552,368135,365080.0,False,368135.0,368435.0,367635.0,368135.0
YHR138C,YHR138C,8,gene,377355,377699,-,Uncharacterized,344,377711,377241.0,False,377711.0,378011.0,377211.0,377711.0
YHR140W,YHR140W,8,gene,380572,381291,+,Uncharacterized,719,380572,,,380272.0,380572.0,380572.0,381072.0
YHR159W,YHR159W,8,gene,417549,419063,+,Uncharacterized,1514,417508,419356.0,False,417208.0,417508.0,417508.0,418008.0
YHR162W,YHR162W,8,gene,423072,423461,+,Uncharacterized,389,422906,423576.0,False,422606.0,422906.0,422906.0,423406.0
YHR175W-A,YHR175W-A,8,gene,453558,453707,+,Uncharacterized,149,453558,,,453258.0,453558.0,453558.0,454058.0
YHR177W,YHR177W,8,gene,456591,457952,+,Uncharacterized,1361,456514,,False,456214.0,456514.0,456514.0,457014.0
YHR182W,YHR182W,8,gene,468219,470576,+,Uncharacterized,2357,468185,470629.0,False,467885.0,468185.0,468185.0,468685.0
YHR192W,YHR192W,8,gene,486826,487662,+,Uncharacterized,836,486791,487740.0,False,486491.0,486791.0,486791.0,487291.0
YHR202W,YHR202W,8,gene,502388,504196,+,Uncharacterized,1808,502112,504259.0,False,501812.0,502112.0,502112.0,502612.0
YHR210C,YHR210C,8,gene,520712,521737,-,Uncharacterized,1025,521817,520583.0,False,521817.0,522117.0,521317.0,521817.0
YHR212W-A,YHR212W-A,8,gene,538742,538945,+,Uncharacterized,203,538742,,,538442.0,538742.0,538742.0,539242.0
YHR213W,YHR213W,8,gene,539151,539747,+,Uncharacterized,596,539151,,,538851.0,539151.0,539151.0,539651.0
YHR213W-A,YHR213W-A,8,gene,540549,540782,+,Uncharacterized,233,540549,,,540249.0,540549.0,540549.0,541049.0
YHR213W-B,YHR213W-B,8,gene,540800,541099,+,Uncharacterized,299,540800,,,540500.0,540800.0,540800.0,541300.0
YHR214W,YHR214W,8,gene,541651,542262,+,Uncharacterized,611,541576,,False,541276.0,541576.0,541576.0,542076.0
YHR214C-D,YHR214C-D,8,gene,550648,550941,-,Uncharacterized,293,550991,,False,550991.0,551291.0,550491.0,550991.0
YHR214C-E,YHR214C-E,8,gene,551200,551499,-,Uncharacterized,299,551597,551073.0,False,551597.0,551897.0,551097.0,551597.0
YHR215W,PHO12,8,gene,552099,553502,+,Verified,1403,552060,553569.0,False,551760.0,552060.0,552060.0,552560.0
YHR218W,YHR218W,8,gene,558014,559924,+,Uncharacterized,1910,558014,,,557714.0,558014.0,558014.0,558514.0
YHR219W,YHR219W,8,gene,560173,562047,+,Uncharacterized,1874,560173,,,559873.0,560173.0,560173.0,560673.0
YIL177C,YIL177C,9,gene,483,6147,-,Uncharacterized,5664,6147,,,6147.0,6447.0,5647.0,6147.0
YIL176C,PAU14,9,gene,8793,9155,-,Uncharacterized,362,9155,,,9155.0,9455.0,8655.0,9155.0
YIL173W,VTH1,9,gene,11492,16141,+,Verified,4649,11492,,,11192.0,11492.0,11492.0,11992.0
YIL172C,IMA3,9,gene,16784,18553,-,Verified,1769,18553,,,18553.0,18853.0,18053.0,18553.0
YIL169C,YIL169C,9,gene,23119,26106,-,Uncharacterized,2987,26154,,False,26154.0,26454.0,25654.0,26154.0
YIL166C,YIL166C,9,gene,30938,32566,-,Uncharacterized,1628,32566,,,32566.0,32866.0,32066.0,32566.0
YIL165C,YIL165C,9,gene,33718,34077,-,Uncharacterized,359,34077,,,34077.0,34377.0,33577.0,34077.0
YIL161W,YIL161W,9,gene,39433,40140,+,Uncharacterized,707,39424,40177.0,False,39124.0,39424.0,39424.0,39924.0
YIL156W-B,YIL156W-B,9,gene,47690,47973,+,Uncharacterized,283,47656,48062.0,False,47356.0,47656.0,47656.0,48156.0
YIL152W,YIL152W,9,gene,56545,57252,+,Uncharacterized,707,56580,57381.0,False,56280.0,56580.0,56580.0,57080.0
YIL151C,YIL151C,9,gene,57338,60694,-,Uncharacterized,3356,60840,57285.0,False,60840.0,61140.0,60340.0,60840.0
YIL134C-A,YIL134C-A,9,gene,96522,96725,-,Uncharacterized,203,96725,,,96725.0,97025.0,96225.0,96725.0
YIL108W,YIL108W,9,gene,160887,162977,+,Uncharacterized,2090,160766,163054.0,False,160466.0,160766.0,160766.0,161266.0
YIL102C-A,YIL102C-A,9,gene,173365,173592,-,Uncharacterized,227,173627,173024.0,False,173627.0,173927.0,173127.0,173627.0
YIL102C,YIL102C,9,gene,174582,174887,-,Uncharacterized,305,174887,,,174887.0,175187.0,174387.0,174887.0
YIL096C,YIL096C,9,gene,182117,183127,-,Uncharacterized,1010,183184,181960.0,False,183184.0,183484.0,182684.0,183184.0
YIL092W,YIL092W,9,gene,189066,190967,+,Uncharacterized,1901,188989,191067.0,False,188689.0,188989.0,188989.0,189489.0
YIL089W,YIL089W,9,gene,195599,196216,+,Uncharacterized,617,195566,,False,195266.0,195566.0,195566.0,196066.0
YIL077C,YIL077C,9,gene,214991,215953,-,Uncharacterized,962,215977,214859.0,False,215977.0,216277.0,215477.0,215977.0
YIL067C,YIL067C,9,gene,235724,237760,-,Uncharacterized,2036,237820,235642.0,False,237820.0,238120.0,237320.0,237820.0
YIL060W,YIL060W,9,gene,246392,246826,+,Uncharacterized,434,246278,,False,245978.0,246278.0,246278.0,246778.0
YIL055C,YIL055C,9,gene,252042,253925,-,Uncharacterized,1883,254122,251913.0,False,254122.0,254422.0,253622.0,254122.0
YIL046W-A,YIL046W-A,9,gene,268309,268473,+,Uncharacterized,164,268117,268474.0,False,267817.0,268117.0,268117.0,268617.0
YIL029C,YIL029C,9,gene,300829,301257,-,Uncharacterized,428,301363,,False,301363.0,301663.0,300863.0,301363.0
YIL024C,YIL024C,9,gene,308602,309171,-,Uncharacterized,569,309171,,,309171.0,309471.0,308671.0,309171.0
YIL014C-A,YIL014C-A,9,gene,325212,325526,-,Uncharacterized,314,325606,325142.0,False,325606.0,325906.0,325106.0,325606.0
YIL002W-A,YIL002W-A,9,gene,350301,350510,+,Uncharacterized,209,350286,350601.0,False,349986.0,350286.0,350286.0,350786.0
YIL001W,YIL001W,9,gene,353940,355481,+,Uncharacterized,1541,353882,355549.0,False,353582.0,353882.0,353882.0,354382.0
YIR007W,YIR007W,9,gene,370704,372998,+,Uncharacterized,2294,370704,,,370404.0,370704.0,370704.0,371204.0
YIR014W,YIR014W,9,gene,381086,381814,+,Uncharacterized,728,381071,,False,380771.0,381071.0,381071.0,381571.0
YIR016W,YIR016W,9,gene,382628,383425,+,Uncharacterized,797,382628,,,382328.0,382628.0,382628.0,383128.0
YIR018C-A,YIR018C-A,9,gene,385564,385701,-,Uncharacterized,137,385701,,,385701.0,386001.0,385201.0,385701.0
YIR021W-A,YIR021W-A,9,gene,398514,398726,+,Uncharacterized,212,398514,,,398214.0,398514.0,398514.0,399014.0
YIR024C,YIR024C,9,gene,402841,403491,-,Verified,650,403500,402776.0,False,403500.0,403800.0,403000.0,403500.0
YIR035C,YIR035C,9,gene,421026,421790,-,Uncharacterized,764,421811,420961.0,False,421811.0,422111.0,421311.0,421811.0
YIR042C,YIR042C,9,gene,435273,435983,-,Uncharacterized,710,436054,435193.0,False,436054.0,436354.0,435554.0,436054.0
YJL225C,YJL225C,10,gene,466,6130,-,Uncharacterized,5664,6546,391.0,False,6546.0,6846.0,6046.0,6546.0
YJL223C,PAU1,10,gene,8776,9138,-,Verified,362,9138,,,9138.0,9438.0,8638.0,9138.0
YJL222W,VTH2,10,gene,11475,16124,+,Verified,4649,11484,16496.0,False,11184.0,11484.0,11484.0,11984.0
YJL219W,HXT9,10,gene,19497,21200,+,Verified,1703,19280,,False,18980.0,19280.0,19280.0,19780.0
YJL218W,YJL218W,10,gene,21973,22563,+,Uncharacterized,590,21957,22716.0,False,21657.0,21957.0,21957.0,22457.0
YJL213W,YJL213W,10,gene,32163,33158,+,Verified,995,31823,33478.0,False,31523.0,31823.0,31823.0,32323.0
YJL206C,YJL206C,10,gene,47659,49935,-,Uncharacterized,2276,49941,47590.0,False,49941.0,50241.0,49441.0,49941.0
YJL193W,YJL193W,10,gene,71366,72574,+,Uncharacterized,1208,71369,72700.0,False,71069.0,71369.0,71369.0,71869.0
YJL185C,YJL185C,10,gene,82095,82976,-,Uncharacterized,881,82976,,,82976.0,83276.0,82476.0,82976.0
YJL181W,YJL181W,10,gene,85660,87495,+,Uncharacterized,1835,85639,87580.0,False,85339.0,85639.0,85639.0,86139.0
YJL171C,YJL171C,10,gene,99704,100894,-,Verified,1190,100933,99505.0,False,100933.0,101233.0,100433.0,100933.0
YJL163C,YJL163C,10,gene,111666,113333,-,Uncharacterized,1667,113333,,,113333.0,113633.0,112833.0,113333.0
YJL160C,YJL160C,10,gene,117962,118825,-,Uncharacterized,863,119133,117844.0,False,119133.0,119433.0,118633.0,119133.0
YJL158C,CIS3,10,gene,122265,122948,-,Verified,683,122991,122196.0,False,122991.0,123291.0,122491.0,122991.0
YJL147C,YJL147C,10,gene,141419,142567,-,Uncharacterized,1148,142635,,False,142635.0,142935.0,142135.0,142635.0
YJL144W,YJL144W,10,gene,146359,146673,+,Uncharacterized,314,146327,146902.0,False,146027.0,146327.0,146327.0,146827.0
YJL136W-A,YJL136W-A,10,gene,156169,156252,+,Uncharacterized,83,156169,,,155869.0,156169.0,156169.0,156669.0
YJL133C-A,YJL133C-A,10,gene,159623,159847,-,Uncharacterized,224,159877,159456.0,False,159877.0,160177.0,159377.0,159877.0
YJL132W,YJL132W,10,gene,161914,164166,+,Uncharacterized,2252,161914,,,161614.0,161914.0,161914.0,162414.0
YJL127C-B,YJL127C-B,10,gene,181551,181709,-,Uncharacterized,158,181809,181290.0,False,181809.0,182109.0,181309.0,181809.0
YJL121C,RPE1,10,gene,190374,191090,-,Verified,716,191103,190304.0,False,191103.0,191403.0,190603.0,191103.0
YJL118W,YJL118W,10,gene,191639,192298,+,Verified,659,191685,192402.0,False,191385.0,191685.0,191685.0,192185.0
YJL107C,YJL107C,10,gene,218853,220016,-,Uncharacterized,1163,220137,,False,220137.0,220437.0,219637.0,220137.0
YJL106W,IME2,10,gene,221390,223327,+,Verified,1937,221390,,,221090.0,221390.0,221390.0,221890.0
YJL102W,MEF2,10,gene,231301,233760,+,Verified,2459,231251,234012.0,False,230951.0,231251.0,231251.0,231751.0
YJL081C,ARP4,10,gene,283802,285271,-,Verified,1469,285298,283655.0,False,285298.0,285598.0,284798.0,285298.0
YJL077W-B,YJL077W-B,10,gene,294047,294145,+,Uncharacterized,98,294047,,,293747.0,294047.0,294047.0,294547.0
YJL070C,YJL070C,10,gene,307971,310637,-,Uncharacterized,2666,310650,307898.0,False,310650.0,310950.0,310150.0,310650.0
YJL068C,YJL068C,10,gene,313016,313915,-,Verified,899,313933,312914.0,False,313933.0,314233.0,313433.0,313933.0
YJL055W,YJL055W,10,gene,333357,334094,+,Uncharacterized,737,333344,334164.0,False,333044.0,333344.0,333344.0,333844.0
YJL052C-A,YJL052C-A,10,gene,337884,338003,-,Uncharacterized,119,338003,,,338003.0,338303.0,337503.0,338003.0
YJL049W,YJL049W,10,gene,345973,347325,+,Uncharacterized,1352,345947,347403.0,False,345647.0,345947.0,345947.0,346447.0
YJL047C-A,YJL047C-A,10,gene,349044,349178,-,Uncharacterized,134,349368,348695.0,False,349368.0,349668.0,348868.0,349368.0
YJL045W,YJL045W,10,gene,356024,357928,+,Verified,1904,356024,,,355724.0,356024.0,356024.0,356524.0
YJL043W,YJL043W,10,gene,360130,360903,+,Uncharacterized,773,359998,,False,359698.0,359998.0,359998.0,360498.0
YJL033W,HCA4,10,gene,383837,386149,+,Verified,2312,383812,386231.0,False,383512.0,383812.0,383812.0,384312.0
YJL028W,YJL028W,10,gene,391311,391646,+,Verified,335,391311,,,391011.0,391311.0,391311.0,391811.0
YJL027C,YJL027C,10,gene,391833,392249,-,Uncharacterized,416,392249,,,392249.0,392549.0,391749.0,392249.0
YJL025W,RRN7,10,gene,393967,395511,+,Verified,1544,393890,395674.0,False,393590.0,393890.0,393890.0,394390.0
YJL016W,YJL016W,10,gene,405588,407273,+,Uncharacterized,1685,405315,407415.0,False,405015.0,405315.0,405315.0,405815.0
YJR003C,YJR003C,10,gene,440994,442553,-,Uncharacterized,1559,442549,440908.0,False,442549.0,442849.0,442049.0,442549.0
YJR005C-A,YJR005C-A,10,gene,448477,448758,-,Uncharacterized,281,448931,,False,448931.0,449231.0,448431.0,448931.0
YJR008W,YJR008W,10,gene,452430,453446,+,Uncharacterized,1016,452318,453661.0,False,452018.0,452318.0,452318.0,452818.0
YJR011C,YJR011C,10,gene,458641,459426,-,Uncharacterized,785,459472,458556.0,False,459472.0,459772.0,458972.0,459472.0
YJR012C,YJR012C,10,gene,459795,460418,-,Uncharacterized,623,460214,459666.0,False,460214.0,460514.0,459714.0,460214.0
YJR015W,YJR015W,10,gene,462721,464253,+,Uncharacterized,1532,462716,464388.0,False,462416.0,462716.0,462716.0,463216.0
YJR030C,YJR030C,10,gene,483959,486196,-,Uncharacterized,2237,486253,483812.0,False,486253.0,486553.0,485753.0,486253.0
YJR039W,YJR039W,10,gene,503936,507301,+,Uncharacterized,3365,503945,507348.0,False,503645.0,503945.0,503945.0,504445.0
YJR054W,YJR054W,10,gene,536056,537549,+,Uncharacterized,1493,535929,537895.0,False,535629.0,535929.0,535929.0,536429.0
YJR056C,YJR056C,10,gene,541792,542502,-,Uncharacterized,710,542700,541669.0,False,542700.0,543000.0,542200.0,542700.0
YJR061W,YJR061W,10,gene,550511,553318,+,Uncharacterized,2807,550511,,,550211.0,550511.0,550511.0,551011.0
YJR075W,HOC1,10,gene,573981,575171,+,Verified,1190,573933,575209.0,False,573633.0,573933.0,573933.0,574433.0
YJR079W,YJR079W,10,gene,580205,581239,+,Uncharacterized,1034,580205,,,579905.0,580205.0,580205.0,580705.0
YJR085C,YJR085C,10,gene,585120,585437,-,Uncharacterized,317,585451,585026.0,False,585451.0,585751.0,584951.0,585451.0
YJR096W,YJR096W,10,gene,611195,612043,+,Verified,848,611119,612146.0,False,610819.0,611119.0,611119.0,611619.0
YJR098C,YJR098C,10,gene,613186,615156,-,Uncharacterized,1970,615254,613012.0,False,615254.0,615554.0,614754.0,615254.0
YJR107W,YJR107W,10,gene,627340,628326,+,Uncharacterized,986,627340,,,627040.0,627340.0,627340.0,627840.0
YJR111C,YJR111C,10,gene,635855,636706,-,Uncharacterized,851,636831,635747.0,False,636831.0,637131.0,636331.0,636831.0
YJR112W-A,YJR112W-A,10,gene,637790,638168,+,Uncharacterized,378,637754,638262.0,False,637454.0,637754.0,637754.0,638254.0
YJR115W,YJR115W,10,gene,639942,640451,+,Uncharacterized,509,639772,640745.0,False,639472.0,639772.0,639772.0,640272.0
YJR116W,YJR116W,10,gene,640825,641664,+,Uncharacterized,839,640642,641816.0,False,640342.0,640642.0,640642.0,641142.0
YJR120W,YJR120W,10,gene,647126,647476,+,Verified,350,647126,,,646826.0,647126.0,647126.0,647626.0
YJR124C,YJR124C,10,gene,652892,654238,-,Uncharacterized,1346,654278,652698.0,False,654278.0,654578.0,653778.0,654278.0
YJR129C,YJR129C,10,gene,664000,665019,-,Uncharacterized,1019,665066,663681.0,False,665066.0,665366.0,664566.0,665066.0
YJR141W,YJR141W,10,gene,695906,696949,+,Uncharacterized,1043,695874,697022.0,False,695574.0,695874.0,695874.0,696374.0
YJR142W,YJR142W,10,gene,697141,698169,+,Uncharacterized,1028,697121,698275.0,False,696821.0,697121.0,697121.0,697621.0
YJR149W,YJR149W,10,gene,707160,708374,+,Uncharacterized,1214,707160,,,706860.0,707160.0,707160.0,707660.0
YJR151W-A,YJR151W-A,10,gene,717580,717630,+,Uncharacterized,50,717580,,,717280.0,717580.0,717580.0,718080.0
YJR154W,YJR154W,10,gene,725784,726824,+,Uncharacterized,1040,725578,,False,725278.0,725578.0,725578.0,726078.0
YJR156C,THI11,10,gene,728574,729596,-,Verified,1022,729596,,,729596.0,729896.0,729096.0,729596.0
YJR158W,HXT16,10,gene,732440,734143,+,Verified,1703,732440,,,732140.0,732440.0,732440.0,732940.0
YJR159W,SOR1,10,gene,736044,737117,+,Verified,1073,736044,,,735744.0,736044.0,736044.0,736544.0
YJR160C,MPH3,10,gene,738008,739816,-,Verified,1808,739816,,,739816.0,740116.0,739316.0,739816.0
YKL222C,YKL222C,11,gene,3503,5620,-,Verified,2117,5764,3208.0,False,5764.0,6064.0,5264.0,5764.0
YKL187C,YKL187C,11,gene,89284,91536,-,Uncharacterized,2252,91189,89130.0,False,91189.0,91489.0,90689.0,91189.0
YKL183C-A,YKL183C-A,11,gene,98395,98607,-,Uncharacterized,212,98607,,,98607.0,98907.0,98107.0,98607.0
YKL162C,YKL162C,11,gene,147630,148838,-,Uncharacterized,1208,148923,147490.0,False,148923.0,149223.0,148423.0,148923.0
YKL151C,YKL151C,11,gene,164917,165930,-,Uncharacterized,1013,165997,164813.0,False,165997.0,166297.0,165497.0,165997.0
YKL133C,YKL133C,11,gene,191679,193070,-,Uncharacterized,1391,193099,191517.0,False,193099.0,193399.0,192599.0,193099.0
YKL107W,YKL107W,11,gene,236141,237070,+,Uncharacterized,929,236141,,,235841.0,236141.0,236141.0,236641.0
YKL106C-A,YKL106C-A,11,gene,237147,237266,-,Uncharacterized,119,237263,,False,237263.0,237563.0,236763.0,237263.0
YKL105C,YKL105C,11,gene,239185,242583,-,Uncharacterized,3398,242783,238954.0,False,242783.0,243083.0,242283.0,242783.0
YKL100C,YKL100C,11,gene,253697,255460,-,Uncharacterized,1763,255468,253457.0,False,255468.0,255768.0,254968.0,255468.0
YKL096C-B,YKL096C-B,11,gene,259073,259222,-,Uncharacterized,149,259222,,,259222.0,259522.0,258722.0,259222.0
YKL091C,YKL091C,11,gene,269718,270650,-,Verified,932,270682,269624.0,False,270682.0,270982.0,270182.0,270682.0
YKL077W,YKL077W,11,gene,291453,292631,+,Uncharacterized,1178,291402,292834.0,False,291102.0,291402.0,291402.0,291902.0
YKL075C,YKL075C,11,gene,292956,294308,-,Uncharacterized,1352,294394,292698.0,False,294394.0,294694.0,293894.0,294394.0
YKL071W,YKL071W,11,gene,305114,305884,+,Uncharacterized,770,305114,,,304814.0,305114.0,305114.0,305614.0
YKL070W,YKL070W,11,gene,306211,306720,+,Uncharacterized,509,306211,,,305911.0,306211.0,306211.0,306711.0
YKL069W,YKL069W,11,gene,307285,307827,+,Verified,542,307278,307890.0,False,306978.0,307278.0,307278.0,307778.0
YKL068W-A,YKL068W-A,11,gene,309206,309442,+,Uncharacterized,236,309162,309777.0,False,308862.0,309162.0,309162.0,309662.0
YKL065W-A,YKL065W-A,11,gene,315954,316175,+,Uncharacterized,221,315990,316444.0,False,315690.0,315990.0,315990.0,316490.0
YKL063C,YKL063C,11,gene,321015,321518,-,Uncharacterized,503,321676,320845.0,False,321676.0,321976.0,321176.0,321676.0
YKL050C,YKL050C,11,gene,342852,345620,-,Verified,2768,345620,,,345620.0,345920.0,345120.0,345620.0
YKL047W,YKL047W,11,gene,349463,351013,+,Uncharacterized,1550,349433,351211.0,False,349133.0,349433.0,349433.0,349933.0
YKL033W-A,YKL033W-A,11,gene,374505,375215,+,Uncharacterized,710,374430,375286.0,False,374130.0,374430.0,374430.0,374930.0
YKL027W,YKL027W,11,gene,387562,388905,+,Verified,1343,387506,389023.0,False,387206.0,387506.0,387506.0,388006.0
YKL023C-A,YKL023C-A,11,gene,393146,393373,-,Uncharacterized,227,393366,,False,393366.0,393666.0,392866.0,393366.0
YKL023W,YKL023W,11,gene,393721,394554,+,Uncharacterized,833,393690,394708.0,False,393390.0,393690.0,393690.0,394190.0
YKL018C-A,YKL018C-A,11,gene,403580,403879,-,Uncharacterized,299,403921,403518.0,False,403921.0,404221.0,403421.0,403921.0
YKR005C,YKR005C,11,gene,448521,450167,-,Uncharacterized,1646,450167,,,450167.0,450467.0,449667.0,450167.0
YKR011C,YKR011C,11,gene,461635,462696,-,Uncharacterized,1061,462805,461525.0,False,462805.0,463105.0,462305.0,462805.0
YKR015C,YKR015C,11,gene,466961,468667,-,Uncharacterized,1706,468667,,,468667.0,468967.0,468167.0,468667.0
YKR017C,YKR017C,11,gene,471694,473349,-,Uncharacterized,1655,473457,471490.0,False,473457.0,473757.0,472957.0,473457.0
YKR018C,YKR018C,11,gene,473723,475900,-,Uncharacterized,2177,475929,473571.0,False,475929.0,476229.0,475429.0,475929.0
YKR023W,YKR023W,11,gene,483419,485011,+,Uncharacterized,1592,483372,485071.0,False,483072.0,483372.0,483372.0,483872.0
YKR041W,YKR041W,11,gene,518198,518950,+,Uncharacterized,752,518193,,False,517893.0,518193.0,518193.0,518693.0
YKR043C,YKR043C,11,gene,520897,521712,-,Verified,815,521745,520781.0,False,521745.0,522045.0,521245.0,521745.0
YKR045C,YKR045C,11,gene,523418,523969,-,Uncharacterized,551,523998,523298.0,False,523998.0,524298.0,523498.0,523998.0
YKR051W,YKR051W,11,gene,530946,532202,+,Uncharacterized,1256,530820,532293.0,False,530520.0,530820.0,530820.0,531320.0
YKR070W,YKR070W,11,gene,573574,574632,+,Uncharacterized,1058,573568,574763.0,False,573268.0,573568.0,573568.0,574068.0
YKR075C,YKR075C,11,gene,579827,580750,-,Uncharacterized,923,580794,579705.0,False,580794.0,581094.0,580294.0,580794.0
YKR078W,YKR078W,11,gene,584952,586709,+,Verified,1757,584962,586753.0,False,584662.0,584962.0,584962.0,585462.0
YKR096W,YKR096W,11,gene,626793,630380,+,Verified,3587,626574,630491.0,False,626274.0,626574.0,626574.0,627074.0
YKR104W,YKR104W,11,gene,656836,657756,+,Verified,920,656836,,,656536.0,656836.0,656836.0,657336.0
YKR106W,YKR106W,11,gene,661442,663289,+,Uncharacterized,1847,661442,,,661142.0,661442.0,661442.0,661942.0
YLL067C,YLL067C,12,gene,585,4301,-,Uncharacterized,3716,5226,407.0,False,5226.0,5526.0,4726.0,5226.0
YLL066W-B,YLL066W-B,12,gene,5605,5775,+,Uncharacterized,170,5605,,,5305.0,5605.0,5605.0,6105.0
YLL066C,YLL066C,12,gene,6120,9836,-,Uncharacterized,3716,10753,6044.0,False,10753.0,11053.0,10253.0,10753.0
YLL058W,YLL058W,12,gene,23569,25296,+,Uncharacterized,1727,23477,25381.0,False,23177.0,23477.0,23477.0,23977.0
YLL056C,YLL056C,12,gene,27409,28305,-,Uncharacterized,896,28048,27289.0,False,28048.0,28348.0,27548.0,28048.0
YLL054C,YLL054C,12,gene,32673,35204,-,Uncharacterized,2531,35256,32314.0,False,35256.0,35556.0,34756.0,35256.0
YLL053C,YLL053C,12,gene,35503,35961,-,Uncharacterized,458,35961,,,35961.0,36261.0,35461.0,35961.0
YLL032C,YLL032C,12,gene,74270,76747,-,Verified,2477,76853,73953.0,False,76853.0,77153.0,76353.0,76853.0
YLL007C,YLL007C,12,gene,134302,136299,-,Uncharacterized,1997,136376,134125.0,False,136376.0,136676.0,135876.0,136376.0
YLL006W-A,YLL006W-A,12,gene,136345,136521,+,Uncharacterized,176,136345,,,136045.0,136345.0,136345.0,136845.0
YLR001C,YLR001C,12,gene,151389,153977,-,Uncharacterized,2588,154009,151334.0,False,154009.0,154309.0,153509.0,154009.0
YLR012C,YLR012C,12,gene,169982,170281,-,Uncharacterized,299,170281,,,170281.0,170581.0,169781.0,170281.0
YLR030W,YLR030W,12,gene,203290,204081,+,Uncharacterized,791,203290,,,202990.0,203290.0,203290.0,203790.0
YLR031W,YLR031W,12,gene,204225,204785,+,Uncharacterized,560,204225,,,203925.0,204225.0,204225.0,204725.0
YLR036C,YLR036C,12,gene,221521,222132,-,Uncharacterized,611,222186,221354.0,False,222186.0,222486.0,221686.0,222186.0
YLR040C,YLR040C,12,gene,228908,229582,-,Uncharacterized,674,229716,228777.0,False,229716.0,230016.0,229216.0,229716.0
YLR042C,YLR042C,12,gene,229966,230451,-,Uncharacterized,485,230533,229861.0,False,230533.0,230833.0,230033.0,230533.0
YLR046C,YLR046C,12,gene,238001,238813,-,Uncharacterized,812,238982,237966.0,False,238982.0,239282.0,238482.0,238982.0
YLR049C,YLR049C,12,gene,243886,245172,-,Uncharacterized,1286,245364,243740.0,False,245364.0,245664.0,244864.0,245364.0
YLR050C,YLR050C,12,gene,245587,246072,-,Uncharacterized,485,246084,245483.0,False,246084.0,246384.0,245584.0,246084.0
YLR053C,YLR053C,12,gene,248100,248426,-,Uncharacterized,326,248426,,,248426.0,248726.0,247926.0,248426.0
YLR057W,YLR057W,12,gene,255306,257855,+,Uncharacterized,2549,255242,257942.0,False,254942.0,255242.0,255242.0,255742.0
YLR063W,YLR063W,12,gene,264157,265254,+,Uncharacterized,1097,264234,265619.0,False,263934.0,264234.0,264234.0,264734.0
YLR065C,YLR065C,12,gene,266373,266918,-,Uncharacterized,545,266951,266262.0,False,266951.0,267251.0,266451.0,266951.0
YLR072W,YLR072W,12,gene,278862,280943,+,Uncharacterized,2081,278843,280997.0,False,278543.0,278843.0,278843.0,279343.0
YLR077W,FMP25,12,gene,283872,285623,+,Verified,1751,283842,285781.0,False,283542.0,283842.0,283842.0,284342.0
YLR099W-A,YLR099W-A,12,gene,341325,341588,+,Uncharacterized,263,341292,341648.0,False,340992.0,341292.0,341292.0,341792.0
YLR108C,YLR108C,12,gene,366667,368124,-,Uncharacterized,1457,368185,366526.0,False,368185.0,368485.0,367685.0,368185.0
YLR118C,YLR118C,12,gene,384725,385408,-,Verified,683,385444,384623.0,False,385444.0,385744.0,384944.0,385444.0
YLR125W,YLR125W,12,gene,393484,393894,+,Uncharacterized,410,393484,,,393184.0,393484.0,393484.0,393984.0
YLR126C,YLR126C,12,gene,394765,395520,-,Uncharacterized,755,395600,394694.0,False,395600.0,395900.0,395100.0,395600.0
YLR132C,YLR132C,12,gene,407283,408155,-,Uncharacterized,872,408241,407172.0,False,408241.0,408541.0,407741.0,408241.0
YLR137W,YLR137W,12,gene,417006,418109,+,Uncharacterized,1103,416989,418152.0,False,416689.0,416989.0,416989.0,417489.0
YLR143W,YLR143W,12,gene,427329,429386,+,Uncharacterized,2057,427319,429702.0,False,427019.0,427319.0,427319.0,427819.0
YLR146W-A,YLR146W-A,12,gene,433870,434058,+,Uncharacterized,188,433871,434119.0,False,433571.0,433871.0,433871.0,434371.0
YLR149C,YLR149C,12,gene,437631,439823,-,Uncharacterized,2192,439823,,,439823.0,440123.0,439323.0,439823.0
YLR152C,YLR152C,12,gene,442958,444688,-,Uncharacterized,1730,444836,442771.0,False,444836.0,445136.0,444336.0,444836.0
YLR154W-C,TAR1,12,gene,454696,455070,+,Verified,374,454696,,,454396.0,454696.0,454696.0,455196.0
YLR154C-G,YLR154C-G,12,gene,462522,462671,-,Uncharacterized,149,462671,,,462671.0,462971.0,462171.0,462671.0
YLR154C-H,YLR154C-H,12,gene,468827,468958,-,Uncharacterized,131,468958,,,468958.0,469258.0,468458.0,468958.0
YLR155C,ASP3-1,12,gene,469317,470405,-,Verified,1088,470405,,,470405.0,470705.0,469905.0,470405.0
YLR156W,YLR156W,12,gene,472113,472457,+,Uncharacterized,344,472113,,,471813.0,472113.0,472113.0,472613.0
YLR156C-A,YLR156C-A,12,gene,472479,472610,-,Uncharacterized,131,472610,,,472610.0,472910.0,472110.0,472610.0
YLR157C,ASP3-2,12,gene,472969,474057,-,Verified,1088,474170,472886.0,False,474170.0,474470.0,473670.0,474170.0
YLR157W-D,YLR157W-D,12,gene,475764,475976,+,Uncharacterized,212,475764,,,475464.0,475764.0,475764.0,476264.0
YLR157W-E,YLR157W-E,12,gene,481873,482037,+,Uncharacterized,164,481799,482097.0,False,481499.0,481799.0,481799.0,482299.0
YLR157C-C,YLR157C-C,12,gene,482059,482190,-,Uncharacterized,131,482190,,,482190.0,482490.0,481690.0,482190.0
YLR158C,ASP3-3,12,gene,482549,483637,-,Verified,1088,483637,,,483637.0,483937.0,483137.0,483637.0
YLR159W,YLR159W,12,gene,485345,485689,+,Uncharacterized,344,485345,,,485045.0,485345.0,485345.0,485845.0
YLR159C-A,YLR159C-A,12,gene,485711,485842,-,Uncharacterized,131,485842,,,485842.0,486142.0,485342.0,485842.0
YLR160C,ASP3-4,12,gene,486201,487289,-,Verified,1088,487554,486118.0,False,487554.0,487854.0,487054.0,487554.0
YLR161W,YLR161W,12,gene,488997,489341,+,Uncharacterized,344,488997,,,488697.0,488997.0,488997.0,489497.0
YLR162W,YLR162W,12,gene,489573,489929,+,Verified,356,489573,,,489273.0,489573.0,489573.0,490073.0
YLR164W,YLR164W,12,gene,493883,494389,+,Verified,506,493883,,,493583.0,493883.0,493883.0,494383.0
YLR173W,YLR173W,12,gene,502421,504247,+,Uncharacterized,1826,502341,504612.0,False,502041.0,502341.0,502341.0,502841.0
YLR177W,YLR177W,12,gene,511054,512940,+,Uncharacterized,1886,510888,513015.0,False,510588.0,510888.0,510888.0,511388.0
YLR179C,YLR179C,12,gene,514108,514713,-,Verified,605,514765,514004.0,False,514765.0,515065.0,514265.0,514765.0
YLR194C,YLR194C,12,gene,540809,541573,-,Uncharacterized,764,541588,540745.0,False,541588.0,541888.0,541088.0,541588.0
YLR211C,YLR211C,12,gene,563792,564531,-,Uncharacterized,739,564582,563432.0,False,564582.0,564882.0,564082.0,564582.0
YLR224W,YLR224W,12,gene,586464,587573,+,Uncharacterized,1109,586175,587659.0,False,585875.0,586175.0,586175.0,586675.0
YLR225C,YLR225C,12,gene,587695,588918,-,Uncharacterized,1223,588987,587566.0,False,588987.0,589287.0,588487.0,588987.0
YLR241W,YLR241W,12,gene,620473,622821,+,Uncharacterized,2348,620436,622976.0,False,620136.0,620436.0,620436.0,620936.0
YLR243W,YLR243W,12,gene,624203,625021,+,Uncharacterized,818,624144,625174.0,False,623844.0,624144.0,624144.0,624644.0
YLR253W,YLR253W,12,gene,642627,644336,+,Uncharacterized,1709,642541,644429.0,False,642241.0,642541.0,642541.0,643041.0
YLR257W,YLR257W,12,gene,658826,659791,+,Uncharacterized,965,658623,659888.0,False,658323.0,658623.0,658623.0,659123.0
YLR264C-A,YLR264C-A,12,gene,673828,673944,-,Uncharacterized,116,673944,,,673944.0,674244.0,673444.0,673944.0
YLR271W,YLR271W,12,gene,682737,683561,+,Uncharacterized,824,682600,683678.0,False,682300.0,682600.0,682600.0,683100.0
YLR278C,YLR278C,12,gene,699999,704024,-,Uncharacterized,4025,704330,699949.0,False,704330.0,704630.0,703830.0,704330.0
YLR281C,YLR281C,12,gene,704493,704960,-,Uncharacterized,467,704975,704163.0,False,704975.0,705275.0,704475.0,704975.0
YLR283W,YLR283W,12,gene,705186,706130,+,Uncharacterized,944,705151,706182.0,False,704851.0,705151.0,705151.0,705651.0
YLR285C-A,YLR285C-A,12,gene,708168,708338,-,Uncharacterized,170,708338,,,708338.0,708638.0,707838.0,708338.0
YLR287C,YLR287C,12,gene,710991,712058,-,Uncharacterized,1067,712129,710764.0,False,712129.0,712429.0,711629.0,712129.0
YLR290C,YLR290C,12,gene,717145,717978,-,Uncharacterized,833,717993,717019.0,False,717993.0,718293.0,717493.0,717993.0
YLR297W,YLR297W,12,gene,724044,724433,+,Uncharacterized,389,723737,724723.0,False,723437.0,723737.0,723737.0,724237.0
YLR301W,YLR301W,12,gene,730825,731559,+,Uncharacterized,734,730780,731688.0,False,730480.0,730780.0,730780.0,731280.0
YLR307C-A,YLR307C-A,12,gene,746848,747111,-,Uncharacterized,263,747111,,,747111.0,747411.0,746611.0,747111.0
YLR312C,YLR312C,12,gene,757637,758833,-,Uncharacterized,1196,758833,,,758833.0,759133.0,758333.0,758833.0
YLR326W,YLR326W,12,gene,782174,782896,+,Uncharacterized,722,782089,783025.0,False,781789.0,782089.0,782089.0,782589.0
YLR342W-A,YLR342W-A,12,gene,815810,815983,+,Uncharacterized,173,815810,,,815510.0,815810.0,815810.0,816310.0
YLR345W,YLR345W,12,gene,820511,822040,+,Uncharacterized,1529,820449,822124.0,False,820149.0,820449.0,820449.0,820949.0
YLR346C,YLR346C,12,gene,822287,822592,-,Uncharacterized,305,822645,822135.0,False,822645.0,822945.0,822145.0,822645.0
YLR352W,YLR352W,12,gene,831116,833539,+,Uncharacterized,2423,830978,833641.0,False,830678.0,830978.0,830978.0,831478.0
YLR361C-A,YLR361C-A,12,gene,849383,849679,-,Uncharacterized,296,849703,849215.0,False,849703.0,850003.0,849203.0,849703.0
YLR363W-A,YLR363W-A,12,gene,853461,853718,+,Uncharacterized,257,853452,853885.0,False,853152.0,853452.0,853452.0,853952.0
YLR406C-A,YLR406C-A,12,gene,932206,932355,-,Uncharacterized,149,932476,,False,932476.0,932776.0,931976.0,932476.0
YLR407W,YLR407W,12,gene,932967,933653,+,Uncharacterized,686,932724,933879.0,False,932424.0,932724.0,932724.0,933224.0
YLR412C-A,YLR412C-A,12,gene,950267,950473,-,Uncharacterized,206,950659,,False,950659.0,950959.0,950159.0,950659.0
YLR413W,YLR413W,12,gene,951156,953183,+,Uncharacterized,2027,951110,953334.0,False,950810.0,951110.0,951110.0,951610.0
YLR415C,YLR415C,12,gene,954259,954597,-,Uncharacterized,338,954597,,,954597.0,954897.0,954097.0,954597.0
YLR419W,YLR419W,12,gene,958428,962735,+,Uncharacterized,4307,958368,962787.0,False,958068.0,958368.0,958368.0,958868.0
YLR422W,YLR422W,12,gene,965897,971695,+,Uncharacterized,5798,965783,971895.0,False,965483.0,965783.0,965783.0,966283.0
YLR426W,YLR426W,12,gene,987062,988113,+,Uncharacterized,1051,987040,988179.0,False,986740.0,987040.0,987040.0,987540.0
YLR445W,YLR445W,12,gene,1024189,1024837,+,Uncharacterized,648,1024189,,,1023889.0,1024189.0,1024189.0,1024689.0
YLR446W,YLR446W,12,gene,1025214,1026515,+,Uncharacterized,1301,1025145,1026797.0,False,1024845.0,1025145.0,1025145.0,1025645.0
YLR455W,YLR455W,12,gene,1053629,1054543,+,Uncharacterized,914,1053397,1054917.0,False,1053097.0,1053397.0,1053397.0,1053897.0
YLR456W,YLR456W,12,gene,1055070,1055684,+,Uncharacterized,614,1055059,1055829.0,False,1054759.0,1055059.0,1055059.0,1055559.0
YLR460C,YLR460C,12,gene,1059757,1060887,-,Uncharacterized,1130,1061083,1059682.0,False,1061083.0,1061383.0,1060583.0,1061083.0
YLR462W,YLR462W,12,gene,1065956,1066564,+,Uncharacterized,608,1065572,1066713.0,False,1065272.0,1065572.0,1065572.0,1066072.0
YLR464W,YLR464W,12,gene,1066572,1067501,+,Uncharacterized,929,1066572,,,1066272.0,1066572.0,1066572.0,1067072.0
YLR466C-B,YLR466C-B,12,gene,1071594,1071710,-,Uncharacterized,116,1071710,,,1071710.0,1072010.0,1071210.0,1071710.0
YLR467W,YRF1-5,12,gene,1072508,1077898,+,Verified,5390,1072105,1077976.0,False,1071805.0,1072105.0,1072105.0,1072605.0
YML133C,YML133C,13,gene,461,4684,-,Uncharacterized,4223,5094,385.0,False,5094.0,5394.0,4594.0,5094.0
YML132W,COS3,13,gene,7244,8383,+,Verified,1139,7238,8461.0,False,6938.0,7238.0,7238.0,7738.0
YML131W,YML131W,13,gene,10198,11295,+,Uncharacterized,1097,10165,11485.0,False,9865.0,10165.0,10165.0,10665.0
YML119W,YML119W,13,gene,30611,31684,+,Uncharacterized,1073,30519,31745.0,False,30219.0,30519.0,30519.0,31019.0
YML108W,YML108W,13,gene,54793,55110,+,Uncharacterized,317,54773,55311.0,False,54473.0,54773.0,54773.0,55273.0
YML100W-A,YML100W-A,13,gene,70138,70311,+,Uncharacterized,173,70129,70607.0,False,69829.0,70129.0,70129.0,70629.0
YML096W,YML096W,13,gene,79909,81486,+,Uncharacterized,1577,79886,81544.0,False,79586.0,79886.0,79886.0,80386.0
YML083C,YML083C,13,gene,99794,101050,-,Uncharacterized,1256,101050,,,101050.0,101350.0,100550.0,101050.0
YML082W,YML082W,13,gene,101862,103811,+,Uncharacterized,1949,101808,103872.0,False,101508.0,101808.0,101808.0,102308.0
YML081W,YML081W,13,gene,104777,108532,+,Uncharacterized,3755,104635,108617.0,False,104335.0,104635.0,104635.0,105135.0
YML079W,YML079W,13,gene,110247,110852,+,Uncharacterized,605,110239,110922.0,False,109939.0,110239.0,110239.0,110739.0
YML054C-A,YML054C-A,13,gene,167623,167781,-,Uncharacterized,158,167781,,,167781.0,168081.0,167281.0,167781.0
YML053C,YML053C,13,gene,169116,169754,-,Uncharacterized,638,169844,168956.0,False,169844.0,170144.0,169344.0,169844.0
YML037C,YML037C,13,gene,204386,205408,-,Uncharacterized,1022,205456,,False,205456.0,205756.0,204956.0,205456.0
YML020W,YML020W,13,gene,231149,233143,+,Uncharacterized,1994,230972,233289.0,False,230672.0,230972.0,230972.0,231472.0
YML018C,YML018C,13,gene,234771,235952,-,Uncharacterized,1181,236089,234640.0,False,236089.0,236389.0,235589.0,236089.0
YML007C-A,YML007C-A,13,gene,253162,253272,-,Uncharacterized,110,253322,,False,253322.0,253622.0,252822.0,253322.0
YML003W,YML003W,13,gene,263483,264355,+,Uncharacterized,872,263496,,False,263196.0,263496.0,263496.0,263996.0
YML002W,YML002W,13,gene,264541,266754,+,Uncharacterized,2213,264541,,,264241.0,264541.0,264541.0,265041.0
YMR001C-A,YMR001C-A,13,gene,271347,271577,-,Uncharacterized,230,271577,,,271577.0,271877.0,271077.0,271577.0
YMR010W,YMR010W,13,gene,285100,286317,+,Uncharacterized,1217,284892,286444.0,False,284592.0,284892.0,284892.0,285392.0
YMR018W,YMR018W,13,gene,310208,311752,+,Uncharacterized,1544,310208,,,309908.0,310208.0,310208.0,310708.0
YMR027W,YMR027W,13,gene,325877,327289,+,Uncharacterized,1412,325787,327367.0,False,325487.0,325787.0,325787.0,326287.0
YMR031C,YMR031C,13,gene,332212,334743,-,Uncharacterized,2531,334818,332047.0,False,334818.0,335118.0,334318.0,334818.0
YMR030W-A,YMR030W-A,13,gene,337313,337603,+,Uncharacterized,290,337313,,,337013.0,337313.0,337313.0,337813.0
YMR034C,YMR034C,13,gene,339418,340722,-,Uncharacterized,1304,340856,,False,340856.0,341156.0,340356.0,340856.0
YMR074C,YMR074C,13,gene,413036,413473,-,Verified,437,413493,412966.0,False,413493.0,413793.0,412993.0,413493.0
YMR079W,SEC14,13,gene,424989,426059,+,Verified,1070,424946,426390.0,False,424646.0,424946.0,424946.0,425446.0
YMR084W,YMR084W,13,gene,436628,437416,+,Uncharacterized,788,436364,,False,436064.0,436364.0,436364.0,436864.0
YMR085W,YMR085W,13,gene,437491,438789,+,Uncharacterized,1298,437491,,,437191.0,437491.0,437491.0,437991.0
YMR086W,YMR086W,13,gene,439208,442090,+,Verified,2882,439147,442234.0,False,438847.0,439147.0,439147.0,439647.0
YMR087W,YMR087W,13,gene,442527,443381,+,Verified,854,442470,443416.0,False,442170.0,442470.0,442470.0,442970.0
YMR090W,YMR090W,13,gene,449245,449928,+,Uncharacterized,683,449133,449994.0,False,448833.0,449133.0,449133.0,449633.0
YMR099C,YMR099C,13,gene,463934,464827,-,Verified,893,464851,463846.0,False,464851.0,465151.0,464351.0,464851.0
YMR102C,YMR102C,13,gene,469848,472352,-,Uncharacterized,2504,472510,469730.0,False,472510.0,472810.0,472010.0,472510.0
YMR105W-A,YMR105W-A,13,gene,478064,478258,+,Uncharacterized,194,478064,,,477764.0,478064.0,478064.0,478564.0
YMR111C,YMR111C,13,gene,492404,493792,-,Uncharacterized,1388,493903,492224.0,False,493903.0,494203.0,493403.0,493903.0
YMR114C,YMR114C,13,gene,496343,497449,-,Verified,1106,497482,496250.0,False,497482.0,497782.0,496982.0,497482.0
YMR118C,YMR118C,13,gene,502144,502734,-,Uncharacterized,590,502555,,False,502555.0,502855.0,502055.0,502555.0
YMR122W-A,YMR122W-A,13,gene,511315,511569,+,Uncharacterized,254,511272,511815.0,False,510972.0,511272.0,511272.0,511772.0
YMR124W,YMR124W,13,gene,514456,517287,+,Uncharacterized,2831,514228,517349.0,False,513928.0,514228.0,514228.0,514728.0
YMR130W,YMR130W,13,gene,532119,533027,+,Uncharacterized,908,532044,533103.0,False,531744.0,532044.0,532044.0,532544.0
YMR134W,YMR134W,13,gene,537838,538551,+,Uncharacterized,713,537810,538819.0,False,537510.0,537810.0,537810.0,538310.0
YMR144W,YMR144W,13,gene,553362,554390,+,Uncharacterized,1028,553255,554560.0,False,552955.0,553255.0,553255.0,553755.0
YMR147W,YMR147W,13,gene,559199,559870,+,Uncharacterized,671,559176,,False,558876.0,559176.0,559176.0,559676.0
YMR155W,YMR155W,13,gene,568551,570194,+,Uncharacterized,1643,568552,570336.0,False,568252.0,568552.0,568552.0,569052.0
YMR158C-A,YMR158C-A,13,gene,573194,573331,-,Uncharacterized,137,573331,,,573331.0,573631.0,572831.0,573331.0
YMR160W,YMR160W,13,gene,575066,577516,+,Uncharacterized,2450,575020,577570.0,False,574720.0,575020.0,575020.0,575520.0
YMR166C,YMR166C,13,gene,593367,594473,-,Uncharacterized,1106,594656,593145.0,False,594656.0,594956.0,594156.0,594656.0
YMR169C,ALD3,13,gene,599352,600872,-,Verified,1520,601139,599298.0,False,601139.0,601439.0,600639.0,601139.0
YMR175W-A,YMR175W-A,13,gene,611314,611508,+,Uncharacterized,194,611314,,,611014.0,611314.0,611314.0,611814.0
YMR178W,YMR178W,13,gene,618479,619303,+,Uncharacterized,824,618433,619451.0,False,618133.0,618433.0,618433.0,618933.0
YMR181C,YMR181C,13,gene,623616,624080,-,Uncharacterized,464,624259,623476.0,False,624259.0,624559.0,623759.0,624259.0
YMR182W-A,YMR182W-A,13,gene,625811,625897,+,Uncharacterized,86,625811,,,625511.0,625811.0,625811.0,626311.0
YMR185W,YMR185W,13,gene,629025,631970,+,Uncharacterized,2945,628968,632030.0,False,628668.0,628968.0,628968.0,629468.0
YMR187C,YMR187C,13,gene,634689,635984,-,Uncharacterized,1295,636007,634641.0,False,636007.0,636307.0,635507.0,636007.0
YMR196W,YMR196W,13,gene,655076,658342,+,Uncharacterized,3266,655010,658514.0,False,654710.0,655010.0,655010.0,655510.0
YMR206W,YMR206W,13,gene,675896,676837,+,Uncharacterized,941,675512,,False,675212.0,675512.0,675512.0,676012.0
YMR209C,YMR209C,13,gene,685911,687284,-,Uncharacterized,1373,687319,685743.0,False,687319.0,687619.0,686819.0,687319.0
YMR210W,YMR210W,13,gene,687516,688865,+,Verified,1349,687494,688925.0,False,687194.0,687494.0,687494.0,687994.0
YMR221C,YMR221C,13,gene,713931,715445,-,Uncharacterized,1514,715447,713845.0,False,715447.0,715747.0,714947.0,715447.0
YMR226C,YMR226C,13,gene,721593,722396,-,Verified,803,722447,721533.0,False,722447.0,722747.0,721947.0,722447.0
YMR230W-A,YMR230W-A,13,gene,733268,733456,+,Uncharacterized,188,733268,,,732968.0,733268.0,733268.0,733768.0
YMR242W-A,YMR242W-A,13,gene,754297,754386,+,Uncharacterized,89,754297,,,753997.0,754297.0,754297.0,754797.0
YMR244W,YMR244W,13,gene,757250,758317,+,Uncharacterized,1067,757250,,,756950.0,757250.0,757250.0,757750.0
YMR244C-A,YMR244C-A,13,gene,758517,758831,-,Uncharacterized,314,759079,758402.0,False,759079.0,759379.0,758579.0,759079.0
YMR247W-A,YMR247W-A,13,gene,769283,769426,+,Uncharacterized,143,769283,,,768983.0,769283.0,769283.0,769783.0
YMR252C,YMR252C,13,gene,775315,775719,-,Uncharacterized,404,775783,775133.0,False,775783.0,776083.0,775283.0,775783.0
YMR253C,YMR253C,13,gene,775946,777190,-,Uncharacterized,1244,777267,775919.0,False,777267.0,777567.0,776767.0,777267.0
YMR258C,YMR258C,13,gene,782620,784281,-,Uncharacterized,1661,784360,782588.0,False,784360.0,784660.0,783860.0,784360.0
YMR259C,YMR259C,13,gene,784621,788883,-,Uncharacterized,4262,788943,784503.0,False,788943.0,789243.0,788443.0,788943.0
YMR262W,YMR262W,13,gene,793726,794667,+,Uncharacterized,941,793717,794856.0,False,793417.0,793717.0,793717.0,794217.0
YMR265C,YMR265C,13,gene,796540,797925,-,Uncharacterized,1385,797940,796466.0,False,797940.0,798240.0,797440.0,797940.0
YMR272W-B,YMR272W-B,13,gene,811089,811196,+,Uncharacterized,107,811137,,False,810837.0,811137.0,811137.0,811637.0
YMR279C,YMR279C,13,gene,824729,826351,-,Uncharacterized,1622,826351,,,826351.0,826651.0,825851.0,826351.0
YMR291W,YMR291W,13,gene,852630,854390,+,Uncharacterized,1760,852548,854569.0,False,852248.0,852548.0,852548.0,853048.0
YMR295C,YMR295C,13,gene,858297,858890,-,Verified,593,858946,858108.0,False,858946.0,859246.0,858446.0,858946.0
YMR310C,YMR310C,13,gene,895716,896669,-,Uncharacterized,953,896715,895649.0,False,896715.0,897015.0,896215.0,896715.0
YMR315W,YMR315W,13,gene,902800,903849,+,Verified,1049,902699,903961.0,False,902399.0,902699.0,902699.0,903199.0
YMR315W-A,YMR315W-A,13,gene,904286,904393,+,Uncharacterized,107,904286,,,903986.0,904286.0,904286.0,904786.0
YMR317W,YMR317W,13,gene,907364,910786,+,Uncharacterized,3422,907364,,,907064.0,907364.0,907364.0,907864.0
YMR321C,YMR321C,13,gene,917579,917896,-,Uncharacterized,317,917896,,,917896.0,918196.0,917396.0,917896.0
YMR322C,SNO4,13,gene,918366,919079,-,Uncharacterized,713,919079,,,919079.0,919379.0,918579.0,919079.0
YMR323W,ERR3,13,gene,920088,921401,+,Verified,1313,920088,,,919788.0,920088.0,920088.0,920588.0
YMR325W,PAU19,13,gene,922641,923015,+,Verified,374,922641,,,922341.0,922641.0,922641.0,923141.0
YNL339C,YRF1-6,14,gene,371,6098,-,Verified,5727,6168,295.0,False,6168.0,6468.0,5668.0,6168.0
YNL332W,THI12,14,gene,14832,15854,+,Verified,1022,14832,,,14532.0,14832.0,14832.0,15332.0
YNL321W,VNX1,14,gene,34696,37422,+,Verified,2726,34696,,,34396.0,34696.0,34696.0,35196.0
YNL320W,YNL320W,14,gene,37700,38554,+,Uncharacterized,854,37644,38648.0,False,37344.0,37644.0,37644.0,38144.0
YNL305C,YNL305C,14,gene,58898,59791,-,Uncharacterized,893,59823,58806.0,False,59823.0,60123.0,59323.0,59823.0
YNL295W,YNL295W,14,gene,76946,78520,+,Uncharacterized,1574,76810,78661.0,False,76510.0,76810.0,76810.0,77310.0
YNL277W-A,YNL277W-A,14,gene,116679,116867,+,Uncharacterized,188,116679,,,116379.0,116679.0,116679.0,117179.0
YNL260C,YNL260C,14,gene,156859,157455,-,Uncharacterized,596,157371,156518.0,False,157371.0,157671.0,156871.0,157371.0
YNL247W,YNL247W,14,gene,182875,185178,+,Verified,2303,182888,185322.0,False,182588.0,182888.0,182888.0,183388.0
YNL234W,YNL234W,14,gene,210233,211513,+,Uncharacterized,1280,210181,211590.0,False,209881.0,210181.0,210181.0,210681.0
YNL217W,YNL217W,14,gene,240331,241311,+,Uncharacterized,980,240305,241415.0,False,240005.0,240305.0,240305.0,240805.0
YNL211C,YNL211C,14,gene,250055,250315,-,Uncharacterized,260,250381,249821.0,False,250381.0,250681.0,249881.0,250381.0
YNL208W,YNL208W,14,gene,254418,255017,+,Verified,599,254391,255113.0,False,254091.0,254391.0,254391.0,254891.0
YNL200C,YNL200C,14,gene,263713,264453,-,Uncharacterized,740,264558,263600.0,False,264558.0,264858.0,264058.0,264558.0
YNL195C,YNL195C,14,gene,271523,272308,-,Uncharacterized,785,272051,271431.0,False,272051.0,272351.0,271551.0,272051.0
YNL194C,YNL194C,14,gene,272710,273615,-,Verified,905,273615,,,273615.0,273915.0,273115.0,273615.0
YNL193W,YNL193W,14,gene,274368,276044,+,Uncharacterized,1676,274354,276096.0,False,274054.0,274354.0,274354.0,274854.0
YNL190W,YNL190W,14,gene,282395,283009,+,Uncharacterized,614,282113,,False,281813.0,282113.0,282113.0,282613.0
YNL181W,YNL181W,14,gene,298335,299558,+,Uncharacterized,1223,298263,299674.0,False,297963.0,298263.0,298263.0,298763.0
YNL176C,YNL176C,14,gene,305070,306980,-,Uncharacterized,1910,307170,304820.0,False,307170.0,307470.0,306670.0,307170.0
YNL165W,YNL165W,14,gene,323832,325052,+,Uncharacterized,1220,323760,325204.0,False,323460.0,323760.0,323760.0,324260.0
YNL162W-A,YNL162W-A,14,gene,330329,330547,+,Uncharacterized,218,330305,330923.0,False,330005.0,330305.0,330305.0,330805.0
YNL155W,YNL155W,14,gene,342516,343340,+,Uncharacterized,824,342413,343429.0,False,342113.0,342413.0,342413.0,342913.0
YNL146C-A,YNL146C-A,14,gene,351386,351580,-,Uncharacterized,194,351775,351343.0,False,351775.0,352075.0,351275.0,351775.0
YNL146W,YNL146W,14,gene,351715,352017,+,Uncharacterized,302,351593,352336.0,False,351293.0,351593.0,351593.0,352093.0
YNL144C,YNL144C,14,gene,352820,355042,-,Uncharacterized,2222,355254,352763.0,False,355254.0,355554.0,354754.0,355254.0
YNL134C,YNL134C,14,gene,372451,373581,-,Uncharacterized,1130,373648,372401.0,False,373648.0,373948.0,373148.0,373648.0
YNL126W,SPC98,14,gene,387227,389767,+,Verified,2540,387165,389769.0,False,386865.0,387165.0,387165.0,387665.0
YNL122C,YNL122C,14,gene,398023,398370,-,Uncharacterized,347,398343,397893.0,False,398343.0,398643.0,397843.0,398343.0
YNL115C,YNL115C,14,gene,410119,412053,-,Uncharacterized,1934,412092,409967.0,False,412092.0,412392.0,411592.0,412092.0
YNL108C,YNL108C,14,gene,419014,419826,-,Uncharacterized,812,419865,418870.0,False,419865.0,420165.0,419365.0,419865.0
YNL097C-B,YNL097C-B,14,gene,440797,440919,-,Uncharacterized,122,440913,440580.0,False,440913.0,441213.0,440413.0,440913.0
YNL095C,YNL095C,14,gene,444912,446840,-,Uncharacterized,1928,447057,444803.0,False,447057.0,447357.0,446557.0,447057.0
YNL092W,YNL092W,14,gene,450871,452073,+,Uncharacterized,1202,450823,452082.0,False,450523.0,450823.0,450823.0,451323.0
YNL067W-B,YNL067W-B,14,gene,499417,499557,+,Uncharacterized,140,499417,,,499117.0,499417.0,499417.0,499917.0
YNL058C,YNL058C,14,gene,515763,516713,-,Uncharacterized,950,516781,515661.0,False,516781.0,517081.0,516281.0,516781.0
YNL050C,YNL050C,14,gene,534079,534982,-,Uncharacterized,903,535017,534012.0,False,535017.0,535317.0,534517.0,535017.0
YNL046W,YNL046W,14,gene,542304,542822,+,Uncharacterized,518,542328,542977.0,False,542028.0,542328.0,542328.0,542828.0
YNL042W-B,YNL042W-B,14,gene,547113,547370,+,Uncharacterized,257,547084,,False,546784.0,547084.0,547084.0,547584.0
YNL040W,YNL040W,14,gene,553380,554750,+,Uncharacterized,1370,553381,554888.0,False,553081.0,553381.0,553381.0,553881.0
YNL035C,YNL035C,14,gene,568522,569691,-,Uncharacterized,1169,569759,568315.0,False,569759.0,570059.0,569259.0,569759.0
YNL034W,YNL034W,14,gene,570477,572315,+,Uncharacterized,1838,570477,,,570177.0,570477.0,570477.0,570977.0
YNL033W,YNL033W,14,gene,572999,573853,+,Uncharacterized,854,572999,,,572699.0,572999.0,572999.0,573499.0
YNL024C,YNL024C,14,gene,587107,587847,-,Uncharacterized,740,587877,586998.0,False,587877.0,588177.0,587377.0,587877.0
YNL022C,YNL022C,14,gene,591427,592899,-,Uncharacterized,1472,592925,591268.0,False,592925.0,593225.0,592425.0,592925.0
YNL019C,YNL019C,14,gene,598376,599230,-,Uncharacterized,854,599420,,False,599420.0,599720.0,598920.0,599420.0
YNL018C,YNL018C,14,gene,599936,601774,-,Uncharacterized,1838,601774,,,601774.0,602074.0,601274.0,601774.0
YNL011C,YNL011C,14,gene,611836,613170,-,Uncharacterized,1334,613191,611756.0,False,613191.0,613491.0,612691.0,613191.0
YNL010W,YNL010W,14,gene,613635,614360,+,Uncharacterized,725,613597,614464.0,False,613297.0,613597.0,613597.0,614097.0
YNR014W,YNR014W,14,gene,652465,653103,+,Uncharacterized,638,652196,653256.0,False,651896.0,652196.0,652196.0,652696.0
YNR021W,YNR021W,14,gene,668377,669591,+,Uncharacterized,1214,668351,669776.0,False,668051.0,668351.0,668351.0,668851.0
YNR029C,YNR029C,14,gene,677199,678488,-,Uncharacterized,1289,678500,677065.0,False,678500.0,678800.0,678000.0,678500.0
YNR034W-A,YNR034W-A,14,gene,692561,692857,+,Uncharacterized,296,692367,692978.0,False,692067.0,692367.0,692367.0,692867.0
YNR040W,YNR040W,14,gene,699690,700460,+,Uncharacterized,770,699691,700516.0,False,699391.0,699691.0,699691.0,700191.0
YNR048W,YNR048W,14,gene,711630,712811,+,Verified,1181,711572,713000.0,False,711272.0,711572.0,711572.0,712072.0
YNR061C,YNR061C,14,gene,742881,743540,-,Uncharacterized,659,743627,742563.0,False,743627.0,743927.0,743127.0,743627.0
YNR062C,YNR062C,14,gene,744360,745343,-,Uncharacterized,983,744977,744127.0,False,744977.0,745277.0,744477.0,744977.0
YNR063W,YNR063W,14,gene,746943,748766,+,Uncharacterized,1823,746869,,False,746569.0,746869.0,746869.0,747369.0
YNR064C,YNR064C,14,gene,749136,750008,-,Verified,872,750008,,,750008.0,750308.0,749508.0,750008.0
YNR065C,YNR065C,14,gene,750350,753700,-,Uncharacterized,3350,753700,,,753700.0,754000.0,753200.0,753700.0
YNR066C,YNR066C,14,gene,753725,755035,-,Uncharacterized,1310,754983,,False,754983.0,755283.0,754483.0,754983.0
YNR068C,YNR068C,14,gene,760067,760885,-,Uncharacterized,818,761053,759829.0,False,761053.0,761353.0,760553.0,761053.0
YNR071C,YNR071C,14,gene,770440,771468,-,Uncharacterized,1028,771468,,,771468.0,771768.0,770968.0,771468.0
YNR072W,HXT17,14,gene,772657,774351,+,Verified,1694,772657,,,772357.0,772657.0,772657.0,773157.0
YNR073C,YNR073C,14,gene,774792,776300,-,Uncharacterized,1508,776286,774671.0,False,776286.0,776586.0,775786.0,776286.0
YNR074C,AIF1,14,gene,777602,778738,-,Verified,1136,778877,777385.0,False,778877.0,779177.0,778377.0,778877.0
YNR075C-A,YNR075C-A,14,gene,781511,781603,-,Uncharacterized,92,781603,,,781603.0,781903.0,781103.0,781603.0
YNR076W,PAU6,14,gene,781918,782280,+,Verified,362,781918,,,781618.0,781918.0,781918.0,782418.0
YOL166W-A,YOL166W-A,15,gene,585,740,+,Uncharacterized,155,585,,,285.0,585.0,585.0,1085.0
YOL164W-A,YOL164W-A,15,gene,4130,4312,+,Uncharacterized,182,4130,,,3830.0,4130.0,4130.0,4630.0
YOL163W,YOL163W,15,gene,9597,10106,+,Uncharacterized,509,9295,,False,8995.0,9295.0,9295.0,9795.0
YOL162W,YOL162W,15,gene,10119,10766,+,Uncharacterized,647,10119,,,9819.0,10119.0,10119.0,10619.0
YOL159C-A,YOL159C-A,15,gene,15233,15505,-,Uncharacterized,272,15533,15146.0,False,15533.0,15833.0,15033.0,15533.0
YOL159C,YOL159C,15,gene,17281,17796,-,Verified,515,17829,17253.0,False,17829.0,18129.0,17329.0,17829.0
YOL155W-A,YOL155W-A,15,gene,27084,27218,+,Uncharacterized,134,27084,,,26784.0,27084.0,27084.0,27584.0
YOL131W,YOL131W,15,gene,73031,73357,+,Uncharacterized,326,73031,,,72731.0,73031.0,73031.0,73531.0
YOL114C,YOL114C,15,gene,103317,103925,-,Uncharacterized,608,103938,103279.0,False,103938.0,104238.0,103438.0,103938.0
YOL107W,YOL107W,15,gene,112102,113130,+,Uncharacterized,1028,112051,113194.0,False,111751.0,112051.0,112051.0,112551.0
YOL098C,YOL098C,15,gene,132725,135838,-,Uncharacterized,3113,135917,132435.0,False,135917.0,136217.0,135417.0,135917.0
YOL097W-A,YOL097W-A,15,gene,136220,136405,+,Uncharacterized,185,136035,136644.0,False,135735.0,136035.0,136035.0,136535.0
YOL092W,YOL092W,15,gene,144204,145130,+,Uncharacterized,926,144180,145173.0,False,143880.0,144180.0,144180.0,144680.0
YOL087C,YOL087C,15,gene,155287,158637,-,Uncharacterized,3350,158958,155027.0,False,158958.0,159258.0,158458.0,158958.0
YOL086W-A,YOL086W-A,15,gene,159173,159445,+,Uncharacterized,272,159117,159540.0,False,158817.0,159117.0,159117.0,159617.0
YOL075C,YOL075C,15,gene,189658,193542,-,Uncharacterized,3884,193622,189467.0,False,193622.0,193922.0,193122.0,193622.0
YOL073C,YOL073C,15,gene,193832,194800,-,Uncharacterized,968,194837,193785.0,False,194837.0,195137.0,194337.0,194837.0
YOL057W,YOL057W,15,gene,220767,222902,+,Verified,2135,220720,223050.0,False,220420.0,220720.0,220720.0,221220.0
YOL047C,YOL047C,15,gene,241614,242747,-,Uncharacterized,1133,242747,,,242747.0,243047.0,242247.0,242747.0
YOL038C-A,YOL038C-A,15,gene,254926,255021,-,Uncharacterized,95,255095,254740.0,False,255095.0,255395.0,254595.0,255095.0
YOL036W,YOL036W,15,gene,256745,259030,+,Uncharacterized,2285,256353,259414.0,False,256053.0,256353.0,256353.0,256853.0
YOL029C,YOL029C,15,gene,269815,270420,-,Uncharacterized,605,270420,,,270420.0,270720.0,269920.0,270420.0
YOL024W,YOL024W,15,gene,277086,277604,+,Uncharacterized,518,277086,,,276786.0,277086.0,277086.0,277586.0
YOL019W-A,YOL019W-A,15,gene,288420,288572,+,Uncharacterized,152,288181,,False,287881.0,288181.0,288181.0,288681.0
YOL019W,YOL019W,15,gene,288898,290553,+,Uncharacterized,1655,288757,290775.0,False,288457.0,288757.0,288757.0,289257.0
YOL014W,YOL014W,15,gene,299693,300067,+,Uncharacterized,374,299545,300299.0,False,299245.0,299545.0,299545.0,300045.0
YOL013W-A,YOL013W-A,15,gene,301047,301238,+,Uncharacterized,191,301088,301347.0,False,300788.0,301088.0,301088.0,301588.0
YOL005C,RPB11,15,gene,315813,316175,-,Verified,362,316201,315780.0,False,316201.0,316501.0,315701.0,316201.0
YOR008C-A,YOR008C-A,15,gene,342857,343081,-,Uncharacterized,224,343081,,,343081.0,343381.0,342581.0,343081.0
YOR011W-A,YOR011W-A,15,gene,355652,355858,+,Uncharacterized,206,355652,,,355352.0,355652.0,355652.0,356152.0
YOR012W,YOR012W,15,gene,356543,356956,+,Uncharacterized,413,356493,357291.0,False,356193.0,356493.0,356493.0,356993.0
YOR019W,YOR019W,15,gene,368127,370319,+,Verified,2192,368001,,False,367701.0,368001.0,368001.0,368501.0
YOR020W-A,YOR020W-A,15,gene,371685,371957,+,Uncharacterized,272,371627,372158.0,False,371327.0,371627.0,371627.0,372127.0
YOR021C,YOR021C,15,gene,372798,373439,-,Uncharacterized,641,373486,372646.0,False,373486.0,373786.0,372986.0,373486.0
YOR022C,YOR022C,15,gene,373710,375857,-,Uncharacterized,2147,375878,373682.0,False,375878.0,376178.0,375378.0,375878.0
YOR032W-A,YOR032W-A,15,gene,392176,392376,+,Uncharacterized,200,392065,,False,391765.0,392065.0,392065.0,392565.0
YOR034C-A,YOR034C-A,15,gene,397426,397668,-,Uncharacterized,242,397668,,,397668.0,397968.0,397168.0,397668.0
YOR052C,YOR052C,15,gene,426772,427224,-,Verified,452,427350,426506.0,False,427350.0,427650.0,426850.0,427350.0
YOR059C,YOR059C,15,gene,438906,440258,-,Uncharacterized,1352,440258,,,440258.0,440558.0,439758.0,440258.0
YOR060C,YOR060C,15,gene,440390,441163,-,Uncharacterized,773,441188,440248.0,False,441188.0,441488.0,440688.0,441188.0
YOR062C,YOR062C,15,gene,442725,443531,-,Uncharacterized,806,443246,442649.0,False,443246.0,443546.0,442746.0,443246.0
YOR072W-B,YOR072W-B,15,gene,464469,464630,+,Uncharacterized,161,464438,,False,464138.0,464438.0,464438.0,464938.0
YOR093C,YOR093C,15,gene,497506,502452,-,Uncharacterized,4946,502482,497336.0,False,502482.0,502782.0,501982.0,502482.0
YOR097C,YOR097C,15,gene,506978,507505,-,Uncharacterized,527,507542,506876.0,False,507542.0,507842.0,507042.0,507542.0
YOR111W,YOR111W,15,gene,530429,531127,+,Uncharacterized,698,530390,531438.0,False,530090.0,530390.0,530390.0,530890.0
YOR114W,YOR114W,15,gene,537570,538454,+,Uncharacterized,884,537410,538661.0,False,537110.0,537410.0,537410.0,537910.0
YOR131C,YOR131C,15,gene,572182,572838,-,Uncharacterized,656,572898,572127.0,False,572898.0,573198.0,572398.0,572898.0
YOR152C,YOR152C,15,gene,617518,618288,-,Uncharacterized,770,618465,617362.0,False,618465.0,618765.0,617965.0,618465.0
YOR161C-C,YOR161C-C,15,gene,639121,639267,-,Uncharacterized,146,639267,,,639267.0,639567.0,638767.0,639267.0
YOR186W,YOR186W,15,gene,683111,683545,+,Uncharacterized,434,683111,,,682811.0,683111.0,683111.0,683611.0
YOR192C-C,YOR192C-C,15,gene,703988,704224,-,Uncharacterized,236,704340,703649.0,False,704340.0,704640.0,703840.0,704340.0
YOR214C,YOR214C,15,gene,745593,746303,-,Uncharacterized,710,746303,,,746303.0,746603.0,745803.0,746303.0
YOR223W,YOR223W,15,gene,759782,760660,+,Uncharacterized,878,759750,760808.0,False,759450.0,759750.0,759750.0,760250.0
YOR228C,YOR228C,15,gene,766869,767777,-,Verified,908,768050,766742.0,False,768050.0,768350.0,767550.0,768050.0
YOR238W,YOR238W,15,gene,783677,784588,+,Uncharacterized,911,783677,784680.0,False,783377.0,783677.0,783677.0,784177.0
YOR244W,ESA1,15,gene,792531,793868,+,Verified,1337,792503,794044.0,False,792203.0,792503.0,792503.0,793003.0
YOR246C,YOR246C,15,gene,795801,796793,-,Uncharacterized,992,796857,795719.0,False,796857.0,797157.0,796357.0,796857.0
YOR251C,TUM1,15,gene,802550,803464,-,Verified,914,803490,802456.0,False,803490.0,803790.0,802990.0,803490.0
YOR252W,TMA16,15,gene,803667,804203,+,Verified,536,803636,804305.0,False,803336.0,803636.0,803636.0,804136.0
YOR255W,OSW1,15,gene,807271,808107,+,Verified,836,807122,,False,806822.0,807122.0,807122.0,807622.0
YOR260W,GCD1,15,gene,813984,815720,+,Verified,1736,813934,815842.0,False,813634.0,813934.0,813934.0,814434.0
YOR262W,YOR262W,15,gene,817292,818335,+,Verified,1043,817230,818437.0,False,816930.0,817230.0,817230.0,817730.0
YOR268C,YOR268C,15,gene,825534,825932,-,Uncharacterized,398,825932,,,825932.0,826232.0,825432.0,825932.0
YOR283W,YOR283W,15,gene,847453,848145,+,Uncharacterized,692,847385,848289.0,False,847085.0,847385.0,847385.0,847885.0
YOR289W,YOR289W,15,gene,853357,854112,+,Uncharacterized,755,853357,854168.0,False,853057.0,853357.0,853357.0,853857.0
YOR292C,YOR292C,15,gene,865653,866582,-,Uncharacterized,929,866643,865593.0,False,866643.0,866943.0,866143.0,866643.0
YOR293C-A,YOR293C-A,15,gene,867998,868147,-,Uncharacterized,149,868219,,False,868219.0,868519.0,867719.0,868219.0
YOR296W,YOR296W,15,gene,870202,874071,+,Uncharacterized,3869,870055,874255.0,False,869755.0,870055.0,870055.0,870555.0
YOR302W,YOR302W,15,gene,882765,882842,+,Verified,77,882670,882854.0,False,882370.0,882670.0,882670.0,883170.0
YOR304C-A,YOR304C-A,15,gene,888520,888750,-,Uncharacterized,230,888752,888179.0,False,888752.0,889052.0,888252.0,888752.0
YOR316C-A,YOR316C-A,15,gene,907726,907935,-,Uncharacterized,209,907935,,,907935.0,908235.0,907435.0,907935.0
YOR338W,YOR338W,15,gene,956898,957989,+,Uncharacterized,1091,956898,,,956598.0,956898.0,956898.0,957398.0
YOR342C,YOR342C,15,gene,966666,967625,-,Uncharacterized,959,967983,966587.0,False,967983.0,968283.0,967483.0,967983.0
YOR352W,YOR352W,15,gene,997213,998244,+,Uncharacterized,1031,997139,998323.0,False,996839.0,997139.0,997139.0,997639.0
YOR356W,YOR356W,15,gene,1007221,1009116,+,Verified,1895,1007144,1009233.0,False,1006844.0,1007144.0,1007144.0,1007644.0
YOR365C,YOR365C,15,gene,1023461,1025572,-,Uncharacterized,2111,1025572,,,1025572.0,1025872.0,1025072.0,1025572.0
YOR376W-A,YOR376W-A,15,gene,1045196,1045351,+,Uncharacterized,155,1045196,,,1044896.0,1045196.0,1045196.0,1045696.0
YOR378W,YOR378W,15,gene,1049511,1051058,+,Uncharacterized,1547,1049511,,,1049211.0,1049511.0,1049511.0,1050011.0
YOR381W-A,YOR381W-A,15,gene,1058423,1058590,+,Uncharacterized,167,1058423,,,1058123.0,1058423.0,1058423.0,1058923.0
YOR385W,YOR385W,15,gene,1065043,1065915,+,Uncharacterized,872,1065036,1066199.0,False,1064736.0,1065036.0,1065036.0,1065536.0
YOR387C,YOR387C,15,gene,1069621,1070241,-,Uncharacterized,620,1070909,,False,1070909.0,1071209.0,1070409.0,1070909.0
YOR389W,YOR389W,15,gene,1074213,1076087,+,Uncharacterized,1874,1074167,1076406.0,False,1073867.0,1074167.0,1074167.0,1074667.0
YOR390W,YOR390W,15,gene,1076784,1077911,+,Uncharacterized,1127,1076738,1078054.0,False,1076438.0,1076738.0,1076738.0,1077238.0
YOR393W,ERR1,15,gene,1080276,1081589,+,Verified,1313,1080276,,,1079976.0,1080276.0,1080276.0,1080776.0
YOR394W,PAU21,15,gene,1082718,1083212,+,Verified,494,1082718,,,1082418.0,1082718.0,1082718.0,1083218.0
YOR394C-A,YOR394C-A,15,gene,1084202,1084369,-,Uncharacterized,167,1084369,,,1084369.0,1084669.0,1083869.0,1084369.0
YOR396W,YRF1-8,15,gene,1085473,1090863,+,Uncharacterized,5390,1085064,1090941.0,False,1084764.0,1085064.0,1085064.0,1085564.0
YPL283C,YRF1-7,16,gene,280,6007,-,Verified,5727,6083,,False,6083.0,6383.0,5583.0,6083.0
YPL282C,PAU22,16,gene,7933,8427,-,Verified,494,8427,,,8427.0,8727.0,7927.0,8427.0
YPL281C,ERR2,16,gene,9557,10870,-,Verified,1313,10870,,,10870.0,11170.0,10370.0,10870.0
YPL279C,YPL279C,16,gene,13228,14355,-,Uncharacterized,1127,14395,12962.0,False,14395.0,14695.0,13895.0,14395.0
YPL278C,YPL278C,16,gene,15053,15355,-,Uncharacterized,302,15355,,,15355.0,15655.0,14855.0,15355.0
YPL277C,YPL277C,16,gene,15405,16868,-,Uncharacterized,1463,16868,,,16868.0,17168.0,16368.0,16868.0
YPL272C,YPL272C,16,gene,26611,28164,-,Uncharacterized,1553,28164,,,28164.0,28464.0,27664.0,28164.0
YPL264C,YPL264C,16,gene,43283,44344,-,Uncharacterized,1061,44344,,,44344.0,44644.0,43844.0,44344.0
YPL260W,YPL260W,16,gene,49303,50958,+,Uncharacterized,1655,49214,51140.0,False,48914.0,49214.0,49214.0,49714.0
YPL257W,YPL257W,16,gene,63279,63860,+,Uncharacterized,581,63213,,False,62913.0,63213.0,63213.0,63713.0
YPL247C,YPL247C,16,gene,82625,84196,-,Uncharacterized,1571,84294,82510.0,False,84294.0,84594.0,83794.0,84294.0
YPL245W,YPL245W,16,gene,85586,86950,+,Uncharacterized,1364,85529,87011.0,False,85229.0,85529.0,85529.0,86029.0
YPL236C,YPL236C,16,gene,101608,102702,-,Uncharacterized,1094,102972,101468.0,False,102972.0,103272.0,102472.0,102972.0
YPL229W,YPL229W,16,gene,117067,117687,+,Uncharacterized,620,117048,117950.0,False,116748.0,117048.0,117048.0,117548.0
YPL225W,YPL225W,16,gene,126006,126446,+,Verified,440,125959,126574.0,False,125659.0,125959.0,125959.0,126459.0
YPL216W,YPL216W,16,gene,143821,147129,+,Uncharacterized,3308,143413,147325.0,False,143113.0,143413.0,143413.0,143913.0
YPL199C,YPL199C,16,gene,172033,172755,-,Uncharacterized,722,172768,171965.0,False,172768.0,173068.0,172268.0,172768.0
YPL191C,YPL191C,16,gene,183597,184679,-,Uncharacterized,1082,184725,183547.0,False,184725.0,185025.0,184225.0,184725.0
YPL168W,YPL168W,16,gene,231217,232509,+,Uncharacterized,1292,231073,232566.0,False,230773.0,231073.0,231073.0,231573.0
YPL162C,YPL162C,16,gene,243206,244027,-,Uncharacterized,821,244083,,False,244083.0,244383.0,243583.0,244083.0
YPL152W-A,YPL152W-A,16,gene,264602,264700,+,Uncharacterized,98,264571,,False,264271.0,264571.0,264571.0,265071.0
YPL150W,YPL150W,16,gene,268188,270893,+,Uncharacterized,2705,267767,271073.0,False,267467.0,267767.0,267767.0,268267.0
YPL119C-A,YPL119C-A,16,gene,324024,324287,-,Uncharacterized,263,324396,323991.0,False,324396.0,324696.0,323896.0,324396.0
YPL113C,YPL113C,16,gene,335953,337143,-,Uncharacterized,1190,337159,335860.0,False,337159.0,337459.0,336659.0,337159.0
YPL109C,YPL109C,16,gene,345264,347389,-,Uncharacterized,2125,347467,345256.0,False,347467.0,347767.0,346967.0,347467.0
YPL108W,YPL108W,16,gene,348446,348952,+,Uncharacterized,506,348458,349062.0,False,348158.0,348458.0,348458.0,348958.0
YPL107W,YPL107W,16,gene,349119,349865,+,Uncharacterized,746,349070,349966.0,False,348770.0,349070.0,349070.0,349570.0
YPL088W,YPL088W,16,gene,381965,382993,+,Uncharacterized,1028,381878,383078.0,False,381578.0,381878.0,381878.0,382378.0
YPL077C,YPL077C,16,gene,409368,410090,-,Uncharacterized,722,410119,409019.0,False,410119.0,410419.0,409619.0,410119.0
YPL071C,YPL071C,16,gene,420048,420518,-,Uncharacterized,470,420565,419961.0,False,420565.0,420865.0,420065.0,420565.0
YPL068C,YPL068C,16,gene,424215,425096,-,Uncharacterized,881,425136,424151.0,False,425136.0,425436.0,424636.0,425136.0
YPL067C,YPL067C,16,gene,425251,425847,-,Uncharacterized,596,425905,425164.0,False,425905.0,426205.0,425405.0,425905.0
YPL066W,YPL066W,16,gene,426233,427672,+,Uncharacterized,1439,425809,427767.0,False,425509.0,425809.0,425809.0,426309.0
YPL041C,YPL041C,16,gene,475118,475741,-,Uncharacterized,623,475742,474977.0,False,475742.0,476042.0,475242.0,475742.0
YPL039W,YPL039W,16,gene,479225,480175,+,Uncharacterized,950,479169,480313.0,False,478869.0,479169.0,479169.0,479669.0
YPL038W-A,YPL038W-A,16,gene,480182,480373,+,Uncharacterized,191,480182,,,479882.0,480182.0,480182.0,480682.0
YPL034W,YPL034W,16,gene,486712,487209,+,Uncharacterized,497,486379,487343.0,False,486079.0,486379.0,486379.0,486879.0
YPL014W,YPL014W,16,gene,527547,528692,+,Uncharacterized,1145,527530,528949.0,False,527230.0,527530.0,527530.0,528030.0
YPR003C,YPR003C,16,gene,561504,563768,-,Uncharacterized,2264,563815,561325.0,False,563815.0,564115.0,563315.0,563815.0
YPR010C-A,YPR010C-A,16,gene,582373,582734,-,Uncharacterized,361,582787,582225.0,False,582787.0,583087.0,582287.0,582787.0
YPR011C,YPR011C,16,gene,583062,584042,-,Uncharacterized,980,584146,582758.0,False,584146.0,584446.0,583646.0,584146.0
YPR013C,YPR013C,16,gene,584632,585585,-,Uncharacterized,953,585728,584528.0,False,585728.0,586028.0,585228.0,585728.0
YPR015C,YPR015C,16,gene,590283,591026,-,Uncharacterized,743,591113,590136.0,False,591113.0,591413.0,590613.0,591113.0
YPR022C,YPR022C,16,gene,603911,607312,-,Uncharacterized,3401,607400,603748.0,False,607400.0,607700.0,606900.0,607400.0
YPR027C,YPR027C,16,gene,620425,621258,-,Uncharacterized,833,621419,,False,621419.0,621719.0,620919.0,621419.0
YPR036W-A,YPR036W-A,16,gene,645950,646153,+,Verified,203,645876,646422.0,False,645576.0,645876.0,645876.0,646376.0
YPR063C,YPR063C,16,gene,677812,678320,-,Uncharacterized,508,678388,677604.0,False,678388.0,678688.0,677888.0,678388.0
YPR071W,YPR071W,16,gene,688172,688807,+,Uncharacterized,635,688161,,False,687861.0,688161.0,688161.0,688661.0
YPR078C,YPR078C,16,gene,697147,698265,-,Uncharacterized,1118,698430,,False,698430.0,698730.0,697930.0,698430.0
YPR084W,YPR084W,16,gene,706972,708342,+,Uncharacterized,1370,706858,708510.0,False,706558.0,706858.0,706858.0,707358.0
YPR089W,YPR089W,16,gene,713275,715941,+,Uncharacterized,2666,713237,716020.0,False,712937.0,713237.0,713237.0,713737.0
YPR091C,YPR091C,16,gene,716156,718468,-,Verified,2312,718497,715946.0,False,718497.0,718797.0,717997.0,718497.0
YPR096C,YPR096C,16,gene,724842,725144,-,Verified,302,725144,,,725144.0,725444.0,724644.0,725144.0
YPR097W,YPR097W,16,gene,725394,728615,+,Verified,3221,725159,728742.0,False,724859.0,725159.0,725159.0,725659.0
YPR098C,YPR098C,16,gene,728947,729528,-,Verified,581,729548,728718.0,False,729548.0,729848.0,729048.0,729548.0
YPR108W-A,YPR108W-A,16,gene,744175,744387,+,Uncharacterized,212,744274,744445.0,False,743974.0,744274.0,744274.0,744774.0
YPR109W,YPR109W,16,gene,744689,745573,+,Uncharacterized,884,744518,745667.0,False,744218.0,744518.0,744518.0,745018.0
YPR114W,YPR114W,16,gene,753301,754248,+,Uncharacterized,947,753224,754348.0,False,752924.0,753224.0,753224.0,753724.0
YPR117W,YPR117W,16,gene,760025,767494,+,Uncharacterized,7469,759718,767587.0,False,759418.0,759718.0,759718.0,760218.0
YPR127W,YPR127W,16,gene,790083,791120,+,Verified,1037,789911,791204.0,False,789611.0,789911.0,789911.0,790411.0
YPR145C-A,YPR145C-A,16,gene,824690,824926,-,Uncharacterized,236,824926,,,824926.0,825226.0,824426.0,824926.0
YPR147C,YPR147C,16,gene,825645,826559,-,Uncharacterized,914,826589,825438.0,False,826589.0,826889.0,826089.0,826589.0
YPR148C,YPR148C,16,gene,826833,828140,-,Verified,1307,828200,826715.0,False,828200.0,828500.0,827700.0,828200.0
YPR153W,YPR153W,16,gene,833689,834245,+,Verified,556,833642,,False,833342.0,833642.0,833642.0,834142.0
YPR157W,YPR157W,16,gene,841266,842669,+,Uncharacterized,1403,841216,842755.0,False,840916.0,841216.0,841216.0,841716.0
YPR159C-A,YPR159C-A,16,gene,860314,860415,-,Uncharacterized,101,860415,,,860415.0,860715.0,859915.0,860415.0
YPR170W-B,YPR170W-B,16,gene,883239,883595,+,Uncharacterized,356,883202,883792.0,False,882902.0,883202.0,883202.0,883702.0
YPR172W,YPR172W,16,gene,885796,886398,+,Uncharacterized,602,885767,886467.0,False,885467.0,885767.0,885767.0,886267.0
YPR174C,YPR174C,16,gene,888043,888708,-,Uncharacterized,665,888742,887950.0,False,888742.0,889042.0,888242.0,888742.0
YPR196W,YPR196W,16,gene,931376,932788,+,Uncharacterized,1412,931348,932960.0,False,931048.0,931348.0,931348.0,931848.0
YPR202W,YPR202W,16,gene,943032,943896,+,Uncharacterized,864,942768,,False,942468.0,942768.0,942768.0,943268.0
YPR203W,YPR203W,16,gene,943880,944188,+,Uncharacterized,308,943880,,,943580.0,943880.0,943880.0,944380.0
YPR204W,YPR204W,16,gene,944603,947701,+,Uncharacterized,3098,944603,,,944303.0,944603.0,944603.0,945103.0
