orf_name,gene,chr,cat,start,stop,strand,classification,length,manually_curated,promoter_start,promoter_end,gene_body_start,gene_body_end,left_end,right_end,park_TSS,park_PAS,TSS,PAS
YAL068C,PAU8,1,gene,1807,2169,-,Verified,362,,2169.0,2469.0,1669.0,2169.0,1807,2169.0,,,2169.0,1807.0
YAL067W-A,YAL067W-A,1,gene,2480,2707,+,Uncharacterized,227,,2180.0,2480.0,2480.0,2980.0,2480,2707.0,,,2480.0,2707.0
YAL067C,SEO1,1,gene,7235,9016,-,Verified,1781,,9016.0,9316.0,8516.0,9016.0,7235,9016.0,,,9016.0,7235.0
YAL065C,YAL065C,1,gene,11565,11951,-,Uncharacterized,386,,11951.0,12251.0,11451.0,11951.0,11565,11951.0,,,11951.0,11565.0
YAL064W-B,YAL064W-B,1,gene,12046,12426,+,Uncharacterized,380,,11746.0,12046.0,12046.0,12546.0,12046,12426.0,,,12046.0,12426.0
YAL064C-A,YAL064C-A,1,gene,13363,13743,-,Uncharacterized,380,,13743.0,14043.0,13243.0,13743.0,13363,13743.0,,,13743.0,13363.0
YAL064W,YAL064W,1,gene,21566,21850,+,Verified,284,,21266.0,21566.0,21566.0,22066.0,21566,21850.0,,,21566.0,21850.0
YAL063C-A,YAL063C-A,1,gene,22395,22685,-,Uncharacterized,290,,22685.0,22985.0,22185.0,22685.0,22395,22685.0,,,22685.0,22395.0
YAL063C,FLO9,1,gene,24000,27968,-,Verified,3968,False,28212.0,28512.0,27712.0,28212.0,23928,28212.0,28212.0,23928.0,28212.0,23928.0
YAL062W,GDH3,1,gene,31567,32940,+,Verified,1373,False,30889.0,31189.0,31189.0,31689.0,31189,33012.0,31189.0,33012.0,31189.0,33012.0
YAL061W,BDH2,1,gene,33448,34701,+,Uncharacterized,1253,False,33060.0,33360.0,33360.0,33860.0,33360,34869.0,33360.0,34869.0,33360.0,34869.0
YAL060W,BDH1,1,gene,35155,36303,+,Verified,1148,False,34808.0,35108.0,35108.0,35608.0,35108,36388.0,35108.0,36388.0,35108.0,36388.0
YAL059W,ECM1,1,gene,36509,37147,+,Verified,638,False,36260.0,36560.0,36560.0,37060.0,36560,37345.0,36560.0,37345.0,36560.0,37345.0
YAL058W,CNE1,1,gene,37464,38972,+,Verified,1508,False,37150.0,37450.0,37450.0,37950.0,37450,39012.0,37450.0,39012.0,37450.0,39012.0
YAL056W,GPB2,1,gene,39259,41901,+,Verified,2642,False,38916.0,39216.0,39216.0,39716.0,39216,41981.0,39216.0,41981.0,39216.0,41981.0
YAL055W,PEX22,1,gene,42177,42719,+,Verified,542,False,41892.0,42192.0,42192.0,42692.0,42192,42791.0,42192.0,42791.0,42192.0,42791.0
YAL054C,ACS1,1,gene,42881,45022,-,Verified,2141,,45022.0,45322.0,44522.0,45022.0,42881,45022.0,,,45022.0,42881.0
YAL053W,FLC2,1,gene,45899,48250,+,Verified,2351,False,45445.0,45745.0,45745.0,46245.0,45745,48311.0,45745.0,48311.0,45745.0,48311.0
YAL051W,OAF1,1,gene,48564,51707,+,Verified,3143,,48264.0,48564.0,48564.0,49064.0,48564,51707.0,,,48564.0,51707.0
YAL049C,AIM2,1,gene,51855,52595,-,Verified,740,False,52662.0,52962.0,52162.0,52662.0,51720,52662.0,52662.0,51720.0,52662.0,51720.0
YAL048C,GEM1,1,gene,52801,54789,-,Verified,1988,False,54826.0,55126.0,54326.0,54826.0,52617,54826.0,54826.0,52617.0,54826.0,52617.0
YAL047C,SPC72,1,gene,54989,56857,-,Verified,1868,,56857.0,57157.0,56357.0,56857.0,54989,56857.0,,,56857.0,54989.0
YAL046C,AIM1,1,gene,57029,57385,-,Verified,356,False,57384.0,57684.0,56884.0,57384.0,56912,57384.0,57384.0,56912.0,57384.0,56912.0
YAL044W-A,YAL044W-A,1,gene,57518,57850,+,Uncharacterized,332,False,57218.0,57518.0,57518.0,58018.0,57518,57962.0,57518.0,57962.0,57518.0,57962.0
YAL044C,GCV3,1,gene,57950,58462,-,Verified,512,False,58477.0,58777.0,57977.0,58477.0,57869,58477.0,58477.0,57869.0,58477.0,57869.0
YAL043C,PTA1,1,gene,58695,61052,-,Verified,2357,False,61077.0,61377.0,60577.0,61077.0,58627,61077.0,61077.0,58627.0,61077.0,58627.0
YAL042W,ERV46,1,gene,61316,62563,+,Verified,1247,False,60975.0,61275.0,61275.0,61775.0,61275,62655.0,61275.0,62655.0,61275.0,62655.0
YAL041W,CDC24,1,gene,62840,65404,+,Verified,2564,False,62477.0,62777.0,62777.0,63277.0,62777,65464.0,62777.0,65464.0,62777.0,65464.0
YAL040C,CLN3,1,gene,65778,67520,-,Verified,1742,False,67845.0,68145.0,67345.0,67845.0,65602,67845.0,67845.0,65602.0,67845.0,65602.0
YAL039C,CYC3,1,gene,68716,69525,-,Verified,809,False,69582.0,69882.0,69082.0,69582.0,68655,69582.0,69582.0,68655.0,69582.0,68655.0
YAL038W,CDC19,1,gene,71786,73288,+,Verified,1502,False,71460.0,71760.0,71760.0,72260.0,71760,73453.0,71760.0,73453.0,71760.0,73453.0
YAL037C-A,YAL037C-A,1,gene,73426,73518,-,Uncharacterized,92,,73518.0,73818.0,73018.0,73518.0,73426,73518.0,,,73518.0,73426.0
YAL037W,YAL037W,1,gene,74020,74823,+,Uncharacterized,803,,73720.0,74020.0,74020.0,74520.0,74020,74823.0,,,74020.0,74823.0
YAL036C,RBG1,1,gene,75043,76152,-,Verified,1109,False,76190.0,76490.0,75690.0,76190.0,74851,76190.0,76190.0,74851.0,76190.0,74851.0
YAL035W,FUN12,1,gene,76427,79435,+,Verified,3008,False,76102.0,76402.0,76402.0,76902.0,76402,79556.0,76402.0,79556.0,76402.0,79556.0
YAL034W-A,MTW1,1,gene,79718,80587,+,Verified,869,False,79390.0,79690.0,79690.0,80190.0,79690,80676.0,79690.0,80676.0,79690.0,80676.0
YAL034C,FUN19,1,gene,80710,81951,-,Verified,1241,,81951.0,82251.0,81451.0,81951.0,80710,81951.0,,,81951.0,80710.0
YAL033W,POP5,1,gene,82706,83227,+,Verified,521,False,82402.0,82702.0,82702.0,83202.0,82702,83300.0,82702.0,83300.0,82702.0,83300.0
YAL032C,PRP45,1,gene,83335,84474,-,Verified,1139,False,84495.0,84795.0,83995.0,84495.0,83205,84495.0,84495.0,83205.0,84495.0,83205.0
YAL031C,GIP4,1,gene,84749,87031,-,Verified,2282,False,87079.0,87379.0,86579.0,87079.0,84596,87079.0,87079.0,84596.0,87079.0,84596.0
YAL030W,SNC1,1,gene,87286,87752,+,Verified,466,False,86965.0,87265.0,87265.0,87765.0,87265,87863.0,87265.0,87863.0,87265.0,87863.0
YAL029C,MYO4,1,gene,87855,92270,-,Verified,4415,False,92523.0,92823.0,92023.0,92523.0,87696,92523.0,92523.0,87696.0,92523.0,87696.0
YAL028W,FRT2,1,gene,92900,94486,+,Verified,1586,False,92555.0,92855.0,92855.0,93355.0,92855,94607.0,92855.0,94607.0,92855.0,94607.0
YAL027W,SAW1,1,gene,94687,95472,+,Verified,785,False,94308.0,94608.0,94608.0,95108.0,94608,95579.0,94608.0,95579.0,94608.0,95579.0
YAL026C,DRS2,1,gene,95630,99697,-,Verified,4067,False,99784.0,100084.0,99284.0,99784.0,95483,99784.0,99784.0,95483.0,99784.0,95483.0
YAL025C,MAK16,1,gene,100225,101145,-,Verified,920,False,101169.0,101469.0,100669.0,101169.0,100023,101169.0,101169.0,100023.0,101169.0,100023.0
YAL024C,LTE1,1,gene,101565,105872,-,Verified,4307,False,105977.0,106277.0,105477.0,105977.0,101372,105977.0,105977.0,101372.0,105977.0,101372.0
YAL023C,PMT2,1,gene,106272,108551,-,Verified,2279,False,108640.0,108940.0,108140.0,108640.0,106144,108640.0,108640.0,106144.0,108640.0,106144.0
YAL022C,FUN26,1,gene,108877,110430,-,Verified,1553,False,110447.0,110747.0,109947.0,110447.0,108836,110447.0,110447.0,108836.0,110447.0,108836.0
YAL021C,CCR4,1,gene,110846,113359,-,Verified,2513,False,113404.0,113704.0,112904.0,113404.0,110617,113404.0,113404.0,110617.0,113404.0,110617.0
YAL020C,ATS1,1,gene,113614,114615,-,Verified,1001,False,114631.0,114931.0,114131.0,114631.0,113538,114631.0,114631.0,113538.0,114631.0,113538.0
YAL019W,FUN30,1,gene,114919,118314,+,Verified,3395,False,114510.0,114810.0,114810.0,115310.0,114810,118387.0,114810.0,118387.0,114810.0,118387.0
YAL018C,YAL018C,1,gene,118564,119541,-,Uncharacterized,977,,119541.0,119841.0,119041.0,119541.0,118564,119541.0,,,119541.0,118564.0
YAL017W,PSK1,1,gene,120225,124295,+,Verified,4070,False,119559.0,119859.0,119859.0,120359.0,119859,124460.0,119859.0,124460.0,119859.0,124460.0
YAL016W,TPD3,1,gene,124879,126786,+,Verified,1907,False,124499.0,124799.0,124799.0,125299.0,124799,126876.0,124799.0,126876.0,124799.0,126876.0
YAL015C,NTG1,1,gene,126903,128102,-,Verified,1199,,128102.0,128402.0,127602.0,128102.0,126903,128102.0,,,128102.0,126903.0
YAL014C,SYN8,1,gene,128252,129019,-,Verified,767,False,129068.0,129368.0,128568.0,129068.0,128092,129068.0,129068.0,128092.0,129068.0,128092.0
YAL013W,DEP1,1,gene,129270,130487,+,Verified,1217,False,128937.0,129237.0,129237.0,129737.0,129237,130584.0,129237.0,130584.0,129237.0,130584.0
YAL012W,CYS3,1,gene,130799,131983,+,Verified,1184,False,130445.0,130745.0,130745.0,131245.0,130745,132083.0,130745.0,132083.0,130745.0,132083.0
YAL011W,SWC3,1,gene,132199,134076,+,Verified,1877,False,131896.0,132196.0,132196.0,132696.0,132196,134179.0,132196.0,134179.0,132196.0,134179.0
YAL010C,MDM10,1,gene,134184,135665,-,Verified,1481,False,135707.0,136007.0,135207.0,135707.0,134137,135707.0,135707.0,134137.0,135707.0,134137.0
YAL009W,SPO7,1,gene,135854,136633,+,Verified,779,False,135514.0,135814.0,135814.0,136314.0,135814,136781.0,135814.0,136781.0,135814.0,136781.0
YAL008W,FUN14,1,gene,136914,137510,+,Verified,596,False,136567.0,136867.0,136867.0,137367.0,136867,137638.0,136867.0,137638.0,136867.0,137638.0
YAL007C,ERP2,1,gene,137698,138345,-,Verified,647,False,138421.0,138721.0,137921.0,138421.0,137523,138421.0,138421.0,137523.0,138421.0,137523.0
YAL005C,SSA1,1,gene,139503,141431,-,Verified,1928,False,141494.0,141794.0,140994.0,141494.0,139358,141494.0,141494.0,139358.0,141494.0,139358.0
YAL003W,EFB1,1,gene,142174,143160,+,Verified,986,False,141854.0,142154.0,142154.0,142654.0,142154,143369.0,142154.0,143369.0,142154.0,143369.0
YAL002W,VPS8,1,gene,143707,147531,+,Verified,3824,False,143252.0,143552.0,143552.0,144052.0,143552,147566.0,143552.0,147566.0,143552.0,147566.0
YAL001C,TFC3,1,gene,147594,151166,-,Verified,3572,False,151205.0,151505.0,150705.0,151205.0,147540,151205.0,151205.0,147540.0,151205.0,147540.0
YAR002W,NUP60,1,gene,152257,153876,+,Verified,1619,False,151916.0,152216.0,152216.0,152716.0,152216,153963.0,152216.0,153963.0,152216.0,153963.0
YAR002C-A,ERP1,1,gene,154065,154724,-,Verified,659,False,154741.0,155041.0,154241.0,154741.0,153990,154741.0,154741.0,153990.0,154741.0,153990.0
YAR003W,SWD1,1,gene,155005,156285,+,Verified,1280,False,154652.0,154952.0,154952.0,155452.0,154952,156285.0,154952.0,,154952.0,156285.0
YAR007C,RFA1,1,gene,156754,158619,-,Verified,1865,False,158683.0,158983.0,158183.0,158683.0,156682,158683.0,158683.0,156682.0,158683.0,156682.0
YAR008W,SEN34,1,gene,158966,159793,+,Verified,827,False,158569.0,158869.0,158869.0,159369.0,158869,159861.0,158869.0,159861.0,158869.0,159861.0
YAR014C,BUD14,1,gene,166742,168871,-,Verified,2129,False,169022.0,169322.0,168522.0,169022.0,166558,169022.0,169022.0,166558.0,169022.0,166558.0
YAR015W,ADE1,1,gene,169375,170295,+,Verified,920,False,168973.0,169273.0,169273.0,169773.0,169273,170391.0,169273.0,170391.0,169273.0,170391.0
YAR018C,KIN3,1,gene,170396,171703,-,Verified,1307,False,171720.0,172020.0,171220.0,171720.0,170264,171720.0,171720.0,170264.0,171720.0,170264.0
YAR019C,CDC15,1,gene,172211,175135,-,Verified,2924,,175135.0,175435.0,174635.0,175135.0,172211,175135.0,,,175135.0,172211.0
YAR020C,PAU7,1,gene,176856,177023,-,Verified,167,,177023.0,177323.0,176523.0,177023.0,176856,177023.0,,,177023.0,176856.0
YAR023C,YAR023C,1,gene,179281,179820,-,Uncharacterized,539,,179820.0,180120.0,179320.0,179820.0,179281,179820.0,,,179820.0,179281.0
YAR027W,UIP3,1,gene,183770,184477,+,Verified,707,False,183389.0,183689.0,183689.0,184189.0,183689,184553.0,183689.0,184553.0,183689.0,184553.0
YAR028W,YAR028W,1,gene,184892,185596,+,Uncharacterized,704,False,184537.0,184837.0,184837.0,185337.0,184837,185795.0,184837.0,185795.0,184837.0,185795.0
YAR029W,YAR029W,1,gene,186321,186545,+,Uncharacterized,224,,186021.0,186321.0,186321.0,186821.0,186321,186545.0,,,186321.0,186545.0
YAR031W,PRM9,1,gene,186836,187732,+,Verified,896,False,186698.0,186998.0,186998.0,187498.0,186998,187890.0,186998.0,187890.0,186998.0,187890.0
YAR033W,MST28,1,gene,188107,188811,+,Verified,704,False,187766.0,188066.0,188066.0,188566.0,188066,188905.0,188066.0,188905.0,188066.0,188905.0
YAR035W,YAT1,1,gene,190193,192256,+,Verified,2063,,189893.0,190193.0,190193.0,190693.0,190193,192256.0,,,190193.0,192256.0
YAR035C-A,YAR035C-A,1,gene,192337,192417,-,Uncharacterized,80,,192417.0,192717.0,191917.0,192417.0,192337,192417.0,,,192417.0,192337.0
YAR042W,SWH1,1,gene,192619,196185,+,Verified,3566,False,192296.0,192596.0,192596.0,193096.0,192596,196419.0,192596.0,196419.0,192596.0,196419.0
YAR050W,FLO1,1,gene,203403,208016,+,Verified,4613,,203103.0,203403.0,203403.0,203903.0,203403,208016.0,,,203403.0,208016.0
YAR064W,YAR064W,1,gene,220198,220497,+,Uncharacterized,299,,219898.0,220198.0,220198.0,220698.0,220198,220497.0,,,220198.0,220497.0
YAR066W,YAR066W,1,gene,221049,221660,+,Uncharacterized,611,False,220674.0,220974.0,220974.0,221474.0,220974,221660.0,220974.0,,220974.0,221660.0
YAR068W,YAR068W,1,gene,222406,222891,+,Uncharacterized,485,,222106.0,222406.0,222406.0,222906.0,222406,222891.0,,,222406.0,222891.0
YAR071W,PHO11,1,gene,225460,226863,+,Verified,1403,False,225121.0,225421.0,225421.0,225921.0,225421,226914.0,225421.0,226914.0,225421.0,226914.0
YBL113C,YBL113C,2,gene,280,2658,-,Uncharacterized,2378,,2658.0,2958.0,2158.0,2658.0,280,2658.0,,,2658.0,280.0
YBL112C,YBL112C,2,gene,2582,2899,-,Uncharacterized,317,,2899.0,3199.0,2399.0,2899.0,2582,2899.0,,,2899.0,2582.0
YBL111C,YBL111C,2,gene,2907,5009,-,Uncharacterized,2102,,5009.0,5309.0,4509.0,5009.0,2907,5009.0,,,5009.0,2907.0
YBL108C-A,PAU9,2,gene,7605,7733,-,Verified,128,,7733.0,8033.0,7233.0,7733.0,7605,7733.0,,,7733.0,7605.0
YBL107C,YBL107C,2,gene,9961,10551,-,Uncharacterized,590,False,10552.0,10852.0,10052.0,10552.0,9819,10552.0,10552.0,9819.0,10552.0,9819.0
YBL106C,SRO77,2,gene,10847,13879,-,Verified,3032,False,13947.0,14247.0,13447.0,13947.0,10774,13947.0,13947.0,10774.0,13947.0,10774.0
YBL105C,PKC1,2,gene,14241,17696,-,Verified,3455,False,17967.0,18267.0,17467.0,17967.0,14105,17967.0,17967.0,14105.0,17967.0,14105.0
YBL104C,YBL104C,2,gene,18177,21293,-,Uncharacterized,3116,False,21299.0,21599.0,20799.0,21299.0,18095,21299.0,21299.0,18095.0,21299.0,18095.0
YBL103C,RTG3,2,gene,22076,23536,-,Verified,1460,False,23791.0,24091.0,23291.0,23791.0,21716,23791.0,23791.0,21716.0,23791.0,21716.0
YBL102W,SFT2,2,gene,24098,24745,+,Verified,647,False,23711.0,24011.0,24011.0,24511.0,24011,24939.0,24011.0,24939.0,24011.0,24939.0
YBL101C,ECM21,2,gene,24946,28299,-,Verified,3353,False,28584.0,28884.0,28084.0,28584.0,24811,28584.0,28584.0,24811.0,28584.0,24811.0
YBL100W-C,YBL100W-C,2,gene,28427,28546,+,Uncharacterized,119,,28127.0,28427.0,28427.0,28927.0,28427,28546.0,,,28427.0,28546.0
YBL099W,ATP1,2,gene,37053,38690,+,Verified,1637,False,36467.0,36767.0,36767.0,37267.0,36767,38923.0,36767.0,38923.0,36767.0,38923.0
YBL098W,BNA4,2,gene,39145,40527,+,Verified,1382,False,38826.0,39126.0,39126.0,39626.0,39126,40645.0,39126.0,40645.0,39126.0,40645.0
YBL097W,BRN1,2,gene,40831,43095,+,Verified,2264,False,40482.0,40782.0,40782.0,41282.0,40782,43309.0,40782.0,43309.0,40782.0,43309.0
YBL095W,YBL095W,2,gene,43277,44089,+,Uncharacterized,812,,42977.0,43277.0,43277.0,43777.0,43277,44089.0,,,43277.0,44089.0
YBL093C,ROX3,2,gene,44256,44918,-,Verified,662,False,44999.0,45299.0,44499.0,44999.0,44040,44999.0,44999.0,44040.0,44999.0,44040.0
YBL092W,RPL32,2,gene,45645,46370,+,Verified,725,False,45283.0,45583.0,45583.0,46083.0,45583,46518.0,45583.0,46518.0,45583.0,46518.0
YBL091C-A,SCS22,2,gene,46565,47180,-,Verified,615,False,47194.0,47494.0,46694.0,47194.0,46560,47194.0,47194.0,46560.0,47194.0,46560.0
YBL091C,MAP2,2,gene,47363,48628,-,Verified,1265,False,48660.0,48960.0,48160.0,48660.0,47274,48660.0,48660.0,47274.0,48660.0,47274.0
YBL090W,MRP21,2,gene,48825,49358,+,Verified,533,False,48495.0,48795.0,48795.0,49295.0,48795,49478.0,48795.0,49478.0,48795.0,49478.0
YBL089W,AVT5,2,gene,49574,50953,+,Verified,1379,False,49211.0,49511.0,49511.0,50011.0,49511,51262.0,49511.0,51262.0,49511.0,51262.0
YBL088C,TEL1,2,gene,51019,59382,-,Verified,8363,False,59439.0,59739.0,58939.0,59439.0,50936,59439.0,59439.0,50936.0,59439.0,50936.0
YBL087C,RPL23A,2,gene,59822,60739,-,Verified,917,False,60763.0,61063.0,60263.0,60763.0,59723,60763.0,60763.0,59723.0,60763.0,59723.0
YBL086C,YBL086C,2,gene,61202,62602,-,Uncharacterized,1400,False,62727.0,63027.0,62227.0,62727.0,61156,62727.0,62727.0,61156.0,62727.0,61156.0
YBL085W,BOI1,2,gene,63876,66818,+,Verified,2942,False,63362.0,63662.0,63662.0,64162.0,63662,66930.0,63662.0,66930.0,63662.0,66930.0
YBL084C,CDC27,2,gene,67169,69445,-,Verified,2276,False,69544.0,69844.0,69044.0,69544.0,66924,69544.0,69544.0,66924.0,69544.0,66924.0
YBL082C,ALG3,2,gene,69751,71127,-,Verified,1376,False,71410.0,71710.0,70910.0,71410.0,69659,71410.0,71410.0,69659.0,71410.0,69659.0
YBL081W,YBL081W,2,gene,71866,72972,+,Uncharacterized,1106,False,71253.0,71553.0,71553.0,72053.0,71553,73031.0,71553.0,73031.0,71553.0,73031.0
YBL080C,PET112,2,gene,73070,74695,-,Verified,1625,False,74779.0,75079.0,74279.0,74779.0,72966,74779.0,74779.0,72966.0,74779.0,72966.0
YBL079W,NUP170,2,gene,75259,79767,+,Verified,4508,False,74907.0,75207.0,75207.0,75707.0,75207,79853.0,75207.0,79853.0,75207.0,79853.0
YBL078C,ATG8,2,gene,80378,80731,-,Verified,353,False,80814.0,81114.0,80314.0,80814.0,80378,80814.0,80814.0,,80814.0,80378.0
YBL076C,ILS1,2,gene,81043,84261,-,Verified,3218,False,84270.0,84570.0,83770.0,84270.0,80948,84270.0,84270.0,80948.0,84270.0,80948.0
YBL075C,SSA3,2,gene,84499,86448,-,Verified,1949,,86448.0,86748.0,85948.0,86448.0,84499,86448.0,,,86448.0,84499.0
YBL074C,AAR2,2,gene,86722,87789,-,Verified,1067,False,87804.0,88104.0,87304.0,87804.0,86722,87804.0,87804.0,,87804.0,86722.0
YBL072C,RPS8A,2,gene,88523,89440,-,Verified,917,False,89117.0,89417.0,88617.0,89117.0,88404,89117.0,89117.0,88404.0,89117.0,88404.0
YBL071C-B,YBL071C-B,2,gene,89458,89556,-,Uncharacterized,98,,89556.0,89856.0,89056.0,89556.0,89458,89556.0,,,89556.0,89458.0
YBL071W-A,KTI11,2,gene,89978,90226,+,Verified,248,False,89636.0,89936.0,89936.0,90436.0,89936,90473.0,89936.0,90473.0,89936.0,90473.0
YBL069W,AST1,2,gene,90741,92030,+,Verified,1289,False,90370.0,90670.0,90670.0,91170.0,90670,92112.0,90670.0,92112.0,90670.0,92112.0
YBL068W,PRS4,2,gene,92414,93394,+,Verified,980,False,92066.0,92366.0,92366.0,92866.0,92366,93484.0,92366.0,93484.0,92366.0,93484.0
YBL067C,UBP13,2,gene,93639,95882,-,Verified,2243,False,96170.0,96470.0,95670.0,96170.0,93524,96170.0,96170.0,93524.0,96170.0,93524.0
YBL066C,SEF1,2,gene,96669,100115,-,Verified,3446,False,99054.0,99354.0,98554.0,99054.0,96489,99054.0,99054.0,96489.0,99054.0,96489.0
YBL064C,PRX1,2,gene,100371,101156,-,Verified,785,False,101225.0,101525.0,100725.0,101225.0,100300,101225.0,101225.0,100300.0,101225.0,100300.0
YBL063W,KIP1,2,gene,101886,105221,+,Verified,3335,False,101587.0,101887.0,101887.0,102387.0,101887,105318.0,101887.0,105318.0,101887.0,105318.0
YBL061C,SKT5,2,gene,105316,107406,-,Verified,2090,False,107511.0,107811.0,107011.0,107511.0,105214,107511.0,107511.0,105214.0,107511.0,105214.0
YBL060W,YEL1,2,gene,107932,109995,+,Verified,2063,False,107571.0,107871.0,107871.0,108371.0,107871,110040.0,107871.0,110040.0,107871.0,110040.0
YBL059C-A,CMC2,2,gene,110125,110539,-,Verified,414,False,110562.0,110862.0,110062.0,110562.0,109966,110562.0,110562.0,109966.0,110562.0,109966.0
YBL059W,YBL059W,2,gene,110594,111244,+,Uncharacterized,650,False,110375.0,110675.0,110675.0,111175.0,110675,111317.0,110675.0,111317.0,110675.0,111317.0
YBL058W,SHP1,2,gene,111437,112708,+,Verified,1271,False,111097.0,111397.0,111397.0,111897.0,111397,112826.0,111397.0,112826.0,111397.0,112826.0
YBL057C,PTH2,2,gene,112801,113427,-,Verified,626,False,113448.0,113748.0,112948.0,113448.0,112735,113448.0,113448.0,112735.0,113448.0,112735.0
YBL056W,PTC3,2,gene,113762,115168,+,Verified,1406,False,113383.0,113683.0,113683.0,114183.0,113683,115536.0,113683.0,115536.0,113683.0,115536.0
YBL055C,YBL055C,2,gene,115573,116829,-,Verified,1256,False,116816.0,117116.0,116316.0,116816.0,115480,116816.0,116816.0,115480.0,116816.0,115480.0
YBL054W,TOD6,2,gene,117589,119166,+,Verified,1577,False,117179.0,117479.0,117479.0,117979.0,117479,119312.0,117479.0,119312.0,117479.0,119312.0
YBL052C,SAS3,2,gene,119379,121874,-,Verified,2495,False,122063.0,122363.0,121563.0,122063.0,119311,122063.0,122063.0,119311.0,122063.0,119311.0
YBL051C,PIN4,2,gene,122753,124759,-,Verified,2006,False,124823.0,125123.0,124323.0,124823.0,122604,124823.0,124823.0,122604.0,124823.0,122604.0
YBL050W,SEC17,2,gene,125125,126119,+,Verified,994,False,124759.0,125059.0,125059.0,125559.0,125059,126187.0,125059.0,126187.0,125059.0,126187.0
YBL049W,MOH1,2,gene,126828,127244,+,Verified,416,False,126323.0,126623.0,126623.0,127123.0,126623,127244.0,126623.0,,126623.0,127244.0
YBL047C,EDE1,2,gene,127895,132040,-,Verified,4145,False,132212.0,132512.0,131712.0,132212.0,127752,132212.0,132212.0,127752.0,132212.0,127752.0
YBL046W,PSY4,2,gene,132424,133749,+,Verified,1325,False,132117.0,132417.0,132417.0,132917.0,132417,133932.0,132417.0,133932.0,132417.0,133932.0
YBL045C,COR1,2,gene,134143,135516,-,Verified,1373,False,135641.0,135941.0,135141.0,135641.0,133841,135641.0,135641.0,133841.0,135641.0,133841.0
YBL044W,YBL044W,2,gene,135998,136366,+,Uncharacterized,368,,135698.0,135998.0,135998.0,136498.0,135998,136366.0,,,135998.0,136366.0
YBL043W,ECM13,2,gene,136688,137461,+,Verified,773,False,136256.0,136556.0,136556.0,137056.0,136556,137645.0,136556.0,137645.0,136556.0,137645.0
YBL042C,FUI1,2,gene,138341,140260,-,Verified,1919,False,140317.0,140617.0,139817.0,140317.0,138151,140317.0,140317.0,138151.0,140317.0,138151.0
YBL041W,PRE7,2,gene,141247,141972,+,Verified,725,False,140917.0,141217.0,141217.0,141717.0,141217,142029.0,141217.0,142029.0,141217.0,142029.0
YBL040C,ERD2,2,gene,142112,142868,-,Verified,756,False,142901.0,143201.0,142401.0,142901.0,142013,142901.0,142901.0,142013.0,142901.0,142013.0
YBL039W-B,YBL039W-B,2,gene,143393,143572,+,Uncharacterized,179,False,142809.0,143109.0,143109.0,143609.0,143109,143701.0,143109.0,143701.0,143109.0,143701.0
YBL039C,URA7,2,gene,143989,145728,-,Verified,1739,False,145783.0,146083.0,145283.0,145783.0,143808,145783.0,145783.0,143808.0,145783.0,143808.0
YBL038W,MRPL16,2,gene,146187,146885,+,Verified,698,False,145831.0,146131.0,146131.0,146631.0,146131,146948.0,146131.0,146948.0,146131.0,146948.0
YBL037W,APL3,2,gene,147209,150286,+,Verified,3077,False,146830.0,147130.0,147130.0,147630.0,147130,150404.0,147130.0,150404.0,147130.0,150404.0
YBL036C,YBL036C,2,gene,150447,151220,-,Verified,773,False,151270.0,151570.0,150770.0,151270.0,150302,151270.0,151270.0,150302.0,151270.0,150302.0
YBL035C,POL12,2,gene,151493,153610,-,Verified,2117,False,153689.0,153989.0,153189.0,153689.0,151383,153689.0,153689.0,151383.0,153689.0,151383.0
YBL034C,STU1,2,gene,153848,158389,-,Verified,4541,False,158216.0,158516.0,157716.0,158216.0,153699,158216.0,158216.0,153699.0,158216.0,153699.0
YBL033C,RIB1,2,gene,158656,159693,-,Verified,1037,False,159710.0,160010.0,159210.0,159710.0,158490,159710.0,159710.0,158490.0,159710.0,158490.0
YBL032W,HEK2,2,gene,160184,161329,+,Verified,1145,False,159795.0,160095.0,160095.0,160595.0,160095,161533.0,160095.0,161533.0,160095.0,161533.0
YBL031W,SHE1,2,gene,161699,162715,+,Verified,1016,False,161366.0,161666.0,161666.0,162166.0,161666,162875.0,161666.0,162875.0,161666.0,162875.0
YBL030C,PET9,2,gene,163041,163997,-,Verified,956,False,164142.0,164442.0,163642.0,164142.0,162742,164142.0,164142.0,162742.0,164142.0,162742.0
YBL029C-A,YBL029C-A,2,gene,164488,164772,-,Uncharacterized,284,False,164890.0,165190.0,164390.0,164890.0,164410,164890.0,164890.0,164410.0,164890.0,164410.0
YBL029W,YBL029W,2,gene,166134,167264,+,Uncharacterized,1130,,165834.0,166134.0,166134.0,166634.0,166134,167264.0,,,166134.0,167264.0
YBL028C,YBL028C,2,gene,167518,167838,-,Verified,320,False,167861.0,168161.0,167361.0,167861.0,167434,167861.0,167861.0,167434.0,167861.0,167434.0
YBL027W,RPL19B,2,gene,168423,169376,+,Verified,953,False,168072.0,168372.0,168372.0,168872.0,168372,169461.0,168372.0,169461.0,168372.0,169461.0
YBL026W,LSM2,2,gene,170623,171038,+,Verified,415,False,170282.0,170582.0,170582.0,171082.0,170582,171165.0,170582.0,171165.0,170582.0,171165.0
YBL025W,RRN10,2,gene,171481,171918,+,Verified,437,False,171114.0,171414.0,171414.0,171914.0,171414,171918.0,171414.0,,171414.0,171918.0
YBL024W,NCL1,2,gene,172534,174588,+,Verified,2054,False,172229.0,172529.0,172529.0,173029.0,172529,174709.0,172529.0,174709.0,172529.0,174709.0
YBL023C,MCM2,2,gene,174920,177526,-,Verified,2606,False,177612.0,177912.0,177112.0,177612.0,174766,177612.0,177612.0,174766.0,177612.0,174766.0
YBL022C,PIM1,2,gene,177874,181275,-,Verified,3401,False,181395.0,181695.0,180895.0,181395.0,177799,181395.0,181395.0,177799.0,181395.0,177799.0
YBL021C,HAP3,2,gene,181660,182094,-,Verified,434,False,182142.0,182442.0,181642.0,182142.0,181491,182142.0,182142.0,181491.0,182142.0,181491.0
YBL020W,RFT1,2,gene,182401,184125,+,Verified,1724,False,182020.0,182320.0,182320.0,182820.0,182320,184215.0,182320.0,184215.0,182320.0,184215.0
YBL019W,APN2,2,gene,184353,185915,+,Verified,1562,False,184002.0,184302.0,184302.0,184802.0,184302,186031.0,184302.0,186031.0,184302.0,186031.0
YBL018C,POP8,2,gene,185998,186474,-,Verified,476,False,186516.0,186816.0,186016.0,186516.0,185963,186516.0,186516.0,185963.0,186516.0,185963.0
YBL017C,PEP1,2,gene,186844,191583,-,Verified,4739,False,191765.0,192065.0,191265.0,191765.0,186778,191765.0,191765.0,186778.0,191765.0,186778.0
YBL016W,FUS3,2,gene,192451,193512,+,Verified,1061,False,192129.0,192429.0,192429.0,192929.0,192429,193648.0,192429.0,193648.0,192429.0,193648.0
YBL015W,ACH1,2,gene,194122,195702,+,Verified,1580,False,193746.0,194046.0,194046.0,194546.0,194046,195737.0,194046.0,195737.0,194046.0,195737.0
YBL014C,RRN6,2,gene,199064,201748,-,Verified,2684,False,201778.0,202078.0,201278.0,201778.0,198948,201778.0,201778.0,198948.0,201778.0,198948.0
YBL013W,FMT1,2,gene,202056,203261,+,Verified,1205,False,201691.0,201991.0,201991.0,202491.0,201991,203261.0,201991.0,,201991.0,203261.0
YBL011W,SCT1,2,gene,203538,205817,+,Verified,2279,False,203138.0,203438.0,203438.0,203938.0,203438,206020.0,203438.0,206020.0,203438.0,206020.0
YBL010C,YBL010C,2,gene,206107,206949,-,Uncharacterized,842,False,206944.0,207244.0,206444.0,206944.0,205965,206944.0,206944.0,205965.0,206944.0,205965.0
YBL009W,ALK2,2,gene,207194,209224,+,Verified,2030,False,206853.0,207153.0,207153.0,207653.0,207153,209339.0,207153.0,209339.0,207153.0,209339.0
YBL008W-A,YBL008W-A,2,gene,209409,209648,+,Uncharacterized,239,,209109.0,209409.0,209409.0,209909.0,209409,209648.0,,,209409.0,209648.0
YBL008W,HIR1,2,gene,209653,212175,+,Verified,2522,,209353.0,209653.0,209653.0,210153.0,209653,212175.0,,,209653.0,212175.0
YBL007C,SLA1,2,gene,212632,216366,-,Verified,3734,,216366.0,216666.0,215866.0,216366.0,212632,216366.0,,,216366.0,212632.0
YBL006C,LDB7,2,gene,216587,217129,-,Verified,542,False,217134.0,217434.0,216634.0,217134.0,216406,217134.0,217134.0,216406.0,217134.0,216406.0
YBL005W,PDR3,2,gene,217470,220400,+,Verified,2930,False,217109.0,217409.0,217409.0,217909.0,217409,220686.0,217409.0,220686.0,217409.0,220686.0
YBL004W,UTP20,2,gene,227636,235117,+,Verified,7481,False,227230.0,227530.0,227530.0,228030.0,227530,235203.0,227530.0,235203.0,227530.0,235203.0
YBL003C,HTA2,2,gene,235394,235792,-,Verified,398,False,235828.0,236128.0,235328.0,235828.0,235222,235828.0,235828.0,235222.0,235828.0,235222.0
YBL002W,HTB2,2,gene,236492,236887,+,Verified,395,False,236170.0,236470.0,236470.0,236970.0,236470,237080.0,236470.0,237080.0,236470.0,237080.0
YBL001C,ECM15,2,gene,237153,237467,-,Verified,314,False,237529.0,237829.0,237029.0,237529.0,237079,237529.0,237529.0,237079.0,237529.0,237079.0
YBR001C,NTH2,2,gene,238941,241283,-,Verified,2342,False,241432.0,241732.0,240932.0,241432.0,238873,241432.0,241432.0,238873.0,241432.0,238873.0
YBR002C,RER2,2,gene,241708,242568,-,Verified,860,False,242590.0,242890.0,242090.0,242590.0,241600,242590.0,242590.0,241600.0,242590.0,241600.0
YBR003W,COQ1,2,gene,242809,244230,+,Verified,1421,False,242481.0,242781.0,242781.0,243281.0,242781,244361.0,242781.0,244361.0,242781.0,244361.0
YBR004C,GPI18,2,gene,244366,245667,-,Verified,1301,False,245684.0,245984.0,245184.0,245684.0,244274,245684.0,245684.0,244274.0,245684.0,244274.0
YBR005W,RCR1,2,gene,245906,246547,+,Verified,641,False,245572.0,245872.0,245872.0,246372.0,245872,246732.0,245872.0,246732.0,245872.0,246732.0
YBR006W,UGA2,2,gene,247010,248503,+,Verified,1493,False,246585.0,246885.0,246885.0,247385.0,246885,248646.0,246885.0,248646.0,246885.0,248646.0
YBR007C,DSF2,2,gene,248806,251016,-,Uncharacterized,2210,False,251107.0,251407.0,250607.0,251107.0,248624,251107.0,251107.0,248624.0,251107.0,248624.0
YBR008C,FLR1,2,gene,252563,254209,-,Verified,1646,False,254428.0,254728.0,253928.0,254428.0,252543,254428.0,254428.0,252543.0,254428.0,252543.0
YBR009C,HHF1,2,gene,255373,255684,-,Verified,311,False,255724.0,256024.0,255224.0,255724.0,255210,255724.0,255724.0,255210.0,255724.0,255210.0
YBR010W,HHT1,2,gene,256331,256741,+,Verified,410,False,256004.0,256304.0,256304.0,256804.0,256304,256903.0,256304.0,256903.0,256304.0,256903.0
YBR011C,IPP1,2,gene,257112,257975,-,Verified,863,False,258015.0,258315.0,257515.0,258015.0,257001,258015.0,258015.0,257001.0,258015.0,257001.0
YBR013C,YBR013C,2,gene,265492,265881,-,Uncharacterized,389,False,266024.0,266324.0,265524.0,266024.0,265341,266024.0,266024.0,265341.0,266024.0,265341.0
YBR014C,GRX7,2,gene,266725,267336,-,Verified,611,False,267397.0,267697.0,266897.0,267397.0,266530,267397.0,267397.0,266530.0,267397.0,266530.0
YBR015C,MNN2,2,gene,267710,269503,-,Verified,1793,,269503.0,269803.0,269003.0,269503.0,267710,269503.0,,,269503.0,267710.0
YBR016W,YBR016W,2,gene,270247,270633,+,Verified,386,False,269899.0,270199.0,270199.0,270699.0,270199,270837.0,270199.0,270837.0,270199.0,270837.0
YBR017C,KAP104,2,gene,270947,273703,-,Verified,2756,False,273756.0,274056.0,273256.0,273756.0,270774,273756.0,273756.0,270774.0,273756.0,270774.0
YBR018C,GAL7,2,gene,274427,275527,-,Verified,1100,,275527.0,275827.0,275027.0,275527.0,274427,275527.0,,,275527.0,274427.0
YBR019C,GAL10,2,gene,276253,278352,-,Verified,2099,,278352.0,278652.0,277852.0,278352.0,276253,278352.0,,,278352.0,276253.0
YBR020W,GAL1,2,gene,279021,280607,+,Verified,1586,,278721.0,279021.0,279021.0,279521.0,279021,280607.0,,,279021.0,280607.0
YBR021W,FUR4,2,gene,281443,283344,+,Verified,1901,False,281026.0,281326.0,281326.0,281826.0,281326,283435.0,281326.0,283435.0,281326.0,283435.0
YBR022W,POA1,2,gene,283738,284271,+,Verified,533,False,283377.0,283677.0,283677.0,284177.0,283677,284427.0,283677.0,284427.0,283677.0,284427.0
YBR023C,CHS3,2,gene,284428,287925,-,Verified,3497,False,288075.0,288375.0,287575.0,288075.0,284301,288075.0,288075.0,284301.0,288075.0,284301.0
YBR024W,SCO2,2,gene,289445,290350,+,Verified,905,False,289054.0,289354.0,289354.0,289854.0,289354,290581.0,289354.0,290581.0,289354.0,290581.0
YBR025C,OLA1,2,gene,290681,291865,-,Verified,1184,False,291887.0,292187.0,291387.0,291887.0,290478,291887.0,291887.0,290478.0,291887.0,290478.0
YBR026C,ETR1,2,gene,292877,294019,-,Verified,1142,False,294041.0,294341.0,293541.0,294041.0,292762,294041.0,294041.0,292762.0,294041.0,292762.0
YBR028C,YBR028C,2,gene,294425,296002,-,Uncharacterized,1577,False,296103.0,296403.0,295603.0,296103.0,294250,296103.0,296103.0,294250.0,296103.0,294250.0
YBR029C,CDS1,2,gene,296369,297742,-,Verified,1373,False,297823.0,298123.0,297323.0,297823.0,296242,297823.0,297823.0,296242.0,297823.0,296242.0
YBR030W,RKM3,2,gene,298292,299950,+,Verified,1658,False,297722.0,298022.0,298022.0,298522.0,298022,300120.0,298022.0,300120.0,298022.0,300120.0
YBR031W,RPL4A,2,gene,300166,301254,+,Verified,1088,False,299851.0,300151.0,300151.0,300651.0,300151,301348.0,300151.0,301348.0,300151.0,301348.0
YBR033W,EDS1,2,gene,301944,304703,+,Uncharacterized,2759,,301644.0,301944.0,301944.0,302444.0,301944,304703.0,,,301944.0,304703.0
YBR034C,HMT1,2,gene,304930,305976,-,Verified,1046,False,305991.0,306291.0,305491.0,305991.0,304741,305991.0,305991.0,304741.0,305991.0,304741.0
YBR035C,PDX3,2,gene,306269,306955,-,Verified,686,False,306983.0,307283.0,306483.0,306983.0,306171,306983.0,306983.0,306171.0,306983.0,306171.0
YBR036C,CSG2,2,gene,309081,310313,-,Verified,1232,False,310362.0,310662.0,309862.0,310362.0,308888,310362.0,310362.0,308888.0,310362.0,308888.0
YBR037C,SCO1,2,gene,310565,311452,-,Verified,887,False,311494.0,311794.0,310994.0,311494.0,310496,311494.0,311494.0,310496.0,311494.0,310496.0
YBR038W,CHS2,2,gene,311898,314789,+,Verified,2891,False,311558.0,311858.0,311858.0,312358.0,311858,314972.0,311858.0,314972.0,311858.0,314972.0
YBR039W,ATP3,2,gene,315575,316510,+,Verified,935,False,315189.0,315489.0,315489.0,315989.0,315489,316689.0,315489.0,316689.0,315489.0,316689.0
YBR040W,FIG1,2,gene,316968,317864,+,Verified,896,False,316487.0,316787.0,316787.0,317287.0,316787,317864.0,316787.0,,316787.0,317864.0
YBR041W,FAT1,2,gene,318266,320275,+,Verified,2009,False,317914.0,318214.0,318214.0,318714.0,318214,320418.0,318214.0,320418.0,318214.0,320418.0
YBR042C,CST26,2,gene,320416,321609,-,Verified,1193,False,321655.0,321955.0,321155.0,321655.0,320347,321655.0,321655.0,320347.0,321655.0,320347.0
YBR043C,QDR3,2,gene,321876,323945,-,Verified,2069,False,324095.0,324395.0,323595.0,324095.0,321772,324095.0,324095.0,321772.0,324095.0,321772.0
YBR044C,TCM62,2,gene,324341,326059,-,Verified,1718,False,326143.0,326443.0,325643.0,326143.0,324269,326143.0,326143.0,324269.0,326143.0,324269.0
YBR045C,GIP1,2,gene,328173,330092,-,Verified,1919,,330092.0,330392.0,329592.0,330092.0,328173,330092.0,,,330092.0,328173.0
YBR046C,ZTA1,2,gene,330507,331511,-,Verified,1004,False,331543.0,331843.0,331043.0,331543.0,330249,331543.0,331543.0,330249.0,331543.0,330249.0
YBR047W,FMP23,2,gene,331833,332360,+,Uncharacterized,527,False,331481.0,331781.0,331781.0,332281.0,331781,332462.0,331781.0,332462.0,331781.0,332462.0
YBR048W,RPS11B,2,gene,332831,333812,+,Verified,981,False,332514.0,332814.0,332814.0,333314.0,332814,334021.0,332814.0,334021.0,332814.0,334021.0
YBR049C,REB1,2,gene,334386,336818,-,Verified,2432,False,336942.0,337242.0,336442.0,336942.0,334142,336942.0,336942.0,334142.0,336942.0,334142.0
YBR050C,REG2,2,gene,337183,338199,-,Verified,1016,False,338377.0,338677.0,337877.0,338377.0,337183,338377.0,338377.0,,338377.0,337183.0
YBR052C,RFS1,2,gene,338720,339352,-,Verified,632,False,339417.0,339717.0,338917.0,339417.0,338664,339417.0,339417.0,338664.0,339417.0,338664.0
YBR053C,YBR053C,2,gene,339675,340751,-,Uncharacterized,1076,False,340764.0,341064.0,340264.0,340764.0,339542,340764.0,340764.0,339542.0,340764.0,339542.0
YBR054W,YRO2,2,gene,343101,344135,+,Verified,1034,False,342488.0,342788.0,342788.0,343288.0,342788,344361.0,342788.0,344361.0,342788.0,344361.0
YBR055C,PRP6,2,gene,344602,347301,-,Verified,2699,False,347326.0,347626.0,346826.0,347326.0,344510,347326.0,347326.0,344510.0,347326.0,344510.0
YBR056W,YBR056W,2,gene,347879,349384,+,Uncharacterized,1505,False,347455.0,347755.0,347755.0,348255.0,347755,349429.0,347755.0,349429.0,347755.0,349429.0
YBR057C,MUM2,2,gene,352193,353293,-,Verified,1100,False,353384.0,353684.0,352884.0,353384.0,352090,353384.0,353384.0,352090.0,353384.0,352090.0
YBR058C,UBP14,2,gene,353672,356017,-,Verified,2345,False,356042.0,356342.0,355542.0,356042.0,353517,356042.0,356042.0,353517.0,356042.0,353517.0
YBR058C-A,TSC3,2,gene,356324,356566,-,Verified,242,False,356626.0,356926.0,356126.0,356626.0,356154,356626.0,356626.0,356154.0,356626.0,356154.0
YBR059C,AKL1,2,gene,356861,360187,-,Verified,3326,False,360299.0,360599.0,359799.0,360299.0,356763,360299.0,360299.0,356763.0,360299.0,356763.0
YBR060C,ORC2,2,gene,360652,362514,-,Verified,1862,False,362633.0,362933.0,362133.0,362633.0,360610,362633.0,362633.0,360610.0,362633.0,360610.0
YBR061C,TRM7,2,gene,364787,365719,-,Verified,932,False,365727.0,366027.0,365227.0,365727.0,364635,365727.0,365727.0,364635.0,365727.0,364635.0
YBR062C,YBR062C,2,gene,365976,366600,-,Uncharacterized,624,False,366632.0,366932.0,366132.0,366632.0,365879,366632.0,366632.0,365879.0,366632.0,365879.0
YBR063C,YBR063C,2,gene,366970,368184,-,Uncharacterized,1214,,368184.0,368484.0,367684.0,368184.0,366970,368184.0,,,368184.0,366970.0
YBR065C,ECM2,2,gene,368584,369678,-,Verified,1094,False,369751.0,370051.0,369251.0,369751.0,368277,369751.0,369751.0,368277.0,369751.0,368277.0
YBR066C,NRG2,2,gene,370037,370699,-,Verified,662,False,370752.0,371052.0,370252.0,370752.0,369949,370752.0,370752.0,369949.0,370752.0,369949.0
YBR067C,TIP1,2,gene,372103,372735,-,Verified,632,False,372787.0,373087.0,372287.0,372787.0,371985,372787.0,372787.0,371985.0,372787.0,371985.0
YBR068C,BAP2,2,gene,373861,375690,-,Verified,1829,False,375730.0,376030.0,375230.0,375730.0,373643,375730.0,375730.0,373643.0,375730.0,373643.0
YBR069C,TAT1,2,gene,376574,378433,-,Verified,1859,False,378539.0,378839.0,378039.0,378539.0,376430,378539.0,378539.0,376430.0,378539.0,376430.0
YBR070C,ALG14,2,gene,379221,379934,-,Verified,713,False,379988.0,380288.0,379488.0,379988.0,379179,379988.0,379988.0,379179.0,379988.0,379179.0
YBR071W,YBR071W,2,gene,380411,381046,+,Uncharacterized,635,False,380040.0,380340.0,380340.0,380840.0,380340,381322.0,380340.0,381322.0,380340.0,381322.0
YBR072W,HSP26,2,gene,382030,382674,+,Verified,644,True,381453.0,381753.0,381753.0,382253.0,381753,382841.0,381753.0,382841.0,381753.0,382841.0
YBR072C-A,YBR072C-A,2,gene,382860,383021,-,Uncharacterized,161,,383021.0,383321.0,382521.0,383021.0,382860,383021.0,,,383021.0,382860.0
YBR073W,RDH54,2,gene,383112,385988,+,Verified,2876,False,382855.0,383155.0,383155.0,383655.0,383155,386051.0,383155.0,386051.0,383155.0,386051.0
YBR074W,YBR074W,2,gene,386286,389216,+,Uncharacterized,2930,False,385982.0,386282.0,386282.0,386782.0,386282,389332.0,386282.0,389332.0,386282.0,389332.0
YBR076W,ECM8,2,gene,390227,391291,+,Verified,1064,,389927.0,390227.0,390227.0,390727.0,390227,391291.0,,,390227.0,391291.0
YBR077C,SLM4,2,gene,391805,392293,-,Verified,488,False,392353.0,392653.0,391853.0,392353.0,391578,392353.0,392353.0,391578.0,392353.0,391578.0
YBR078W,ECM33,2,gene,393123,394742,+,Verified,1619,False,392648.0,392948.0,392948.0,393448.0,392948,394895.0,392948.0,394895.0,392948.0,394895.0
YBR079C,RPG1,2,gene,395383,398277,-,Verified,2894,False,398303.0,398603.0,397803.0,398303.0,395295,398303.0,398303.0,395295.0,398303.0,395295.0
YBR080C,SEC18,2,gene,398614,400890,-,Verified,2276,False,400917.0,401217.0,400417.0,400917.0,398465,400917.0,400917.0,398465.0,400917.0,398465.0
YBR081C,SPT7,2,gene,401253,405251,-,Verified,3998,False,405398.0,405698.0,404898.0,405398.0,401106,405398.0,405398.0,401106.0,405398.0,401106.0
YBR082C,UBC4,2,gene,406628,407169,-,Verified,541,False,407235.0,407535.0,406735.0,407235.0,406462,407235.0,407235.0,406462.0,407235.0,406462.0
YBR083W,TEC1,2,gene,409169,410629,+,Verified,1460,False,408823.0,409123.0,409123.0,409623.0,409123,410705.0,409123.0,410705.0,409123.0,410705.0
YBR084W,MIS1,2,gene,411054,413981,+,Verified,2927,False,410741.0,411041.0,411041.0,411541.0,411041,414074.0,411041.0,414074.0,411041.0,414074.0
YBR084C-A,RPL19A,2,gene,414186,415261,-,Verified,1075,False,415312.0,415612.0,414812.0,415312.0,414070,415312.0,415312.0,414070.0,415312.0,414070.0
YBR085W,AAC3,2,gene,415983,416906,+,Verified,923,False,415620.0,415920.0,415920.0,416420.0,415920,417078.0,415920.0,417078.0,415920.0,417078.0
YBR085C-A,YBR085C-A,2,gene,418907,419164,-,Uncharacterized,257,False,419194.0,419494.0,418694.0,419194.0,418549,419194.0,419194.0,418549.0,419194.0,418549.0
YBR086C,IST2,2,gene,420201,423041,-,Verified,2840,False,423345.0,423645.0,422845.0,423345.0,420079,423345.0,423345.0,420079.0,423345.0,420079.0
YBR087W,RFC5,2,gene,423765,424829,+,Verified,1064,False,423455.0,423755.0,423755.0,424255.0,423755,424890.0,423755.0,424890.0,423755.0,424890.0
YBR088C,POL30,2,gene,424990,425766,-,Verified,776,False,425807.0,426107.0,425307.0,425807.0,424924,425807.0,425807.0,424924.0,425807.0,424924.0
YBR089C-A,NHP6B,2,gene,426190,426873,-,Verified,683,,426873.0,427173.0,426373.0,426873.0,426190,426873.0,,,426873.0,426190.0
YBR090C,YBR090C,2,gene,426333,427058,-,Uncharacterized,725,,427058.0,427358.0,426558.0,427058.0,426333,427058.0,,,427058.0,426333.0
YBR091C,TIM12,2,gene,427155,427484,-,Verified,329,False,427526.0,427826.0,427026.0,427526.0,427062,427526.0,427526.0,427062.0,427526.0,427062.0
YBR092C,PHO3,2,gene,427698,429101,-,Verified,1403,False,429116.0,429416.0,428616.0,429116.0,427648,429116.0,429116.0,427648.0,429116.0,427648.0
YBR093C,PHO5,2,gene,429548,430951,-,Verified,1403,False,430987.0,431287.0,430487.0,430987.0,429493,430987.0,430987.0,429493.0,430987.0,429493.0
YBR094W,PBY1,2,gene,432036,434297,+,Verified,2261,False,431671.0,431971.0,431971.0,432471.0,431971,434403.0,431971.0,434403.0,431971.0,434403.0
YBR095C,RXT2,2,gene,434406,435698,-,Verified,1292,False,435739.0,436039.0,435239.0,435739.0,434315,435739.0,435739.0,434315.0,435739.0,434315.0
YBR096W,YBR096W,2,gene,436021,436713,+,Uncharacterized,692,False,435640.0,435940.0,435940.0,436440.0,435940,436782.0,435940.0,436782.0,435940.0,436782.0
YBR097W,VPS15,2,gene,436951,441315,+,Verified,4364,False,436621.0,436921.0,436921.0,437421.0,436921,441395.0,436921.0,441395.0,436921.0,441395.0
YBR098W,MMS4,2,gene,441515,443590,+,Verified,2075,False,441218.0,441518.0,441518.0,442018.0,441518,443746.0,441518.0,443746.0,441518.0,443746.0
YBR101C,FES1,2,gene,443821,444693,-,Verified,872,False,444766.0,445066.0,444266.0,444766.0,443744,444766.0,444766.0,443744.0,444766.0,443744.0
YBR102C,EXO84,2,gene,445062,447323,-,Verified,2261,False,447355.0,447655.0,446855.0,447355.0,444957,447355.0,447355.0,444957.0,447355.0,444957.0
YBR103W,SIF2,2,gene,447709,449316,+,Verified,1607,False,447250.0,447550.0,447550.0,448050.0,447550,449365.0,447550.0,449365.0,447550.0,449365.0
YBR104W,YMC2,2,gene,449667,450656,+,Verified,989,False,449280.0,449580.0,449580.0,450080.0,449580,450741.0,449580.0,450741.0,449580.0,450741.0
YBR105C,VID24,2,gene,450881,451969,-,Verified,1088,False,451996.0,452296.0,451496.0,451996.0,450722,451996.0,451996.0,450722.0,451996.0,450722.0
YBR106W,PHO88,2,gene,452658,453224,+,Verified,566,False,452326.0,452626.0,452626.0,453126.0,452626,453365.0,452626.0,453365.0,452626.0,453365.0
YBR107C,IML3,2,gene,453793,454530,-,Verified,737,False,454552.0,454852.0,454052.0,454552.0,453793,454552.0,454552.0,,454552.0,453793.0
YBR108W,AIM3,2,gene,454822,457665,+,Verified,2843,False,454508.0,454808.0,454808.0,455308.0,454808,457853.0,454808.0,457853.0,454808.0,457853.0
YBR109C,CMD1,2,gene,457919,458362,-,Verified,443,False,458402.0,458702.0,457902.0,458402.0,457725,458402.0,458402.0,457725.0,458402.0,457725.0
YBR110W,ALG1,2,gene,458872,460221,+,Verified,1349,False,458358.0,458658.0,458658.0,459158.0,458658,460319.0,458658.0,460319.0,458658.0,460319.0
YBR111C,YSA1,2,gene,461178,461873,-,Verified,695,False,461857.0,462157.0,461357.0,461857.0,461108,461857.0,461857.0,461108.0,461857.0,461108.0
YBR111W-A,SUS1,2,gene,462139,462579,+,Verified,440,False,461839.0,462139.0,462139.0,462639.0,462139,462743.0,462139.0,462743.0,462139.0,462743.0
YBR112C,CYC8,2,gene,462870,465770,-,Verified,2900,False,465965.0,466265.0,465465.0,465965.0,462643,465965.0,465965.0,462643.0,465965.0,462643.0
YBR114W,RAD16,2,gene,467248,469620,+,Verified,2372,False,466831.0,467131.0,467131.0,467631.0,467131,469680.0,467131.0,469680.0,467131.0,469680.0
YBR115C,LYS2,2,gene,469748,473926,-,Verified,4178,False,474014.0,474314.0,473514.0,474014.0,469612,474014.0,474014.0,469612.0,474014.0,469612.0
YBR117C,TKL2,2,gene,474392,476437,-,Verified,2045,False,476675.0,476975.0,476175.0,476675.0,474236,476675.0,476675.0,474236.0,476675.0,474236.0
YBR118W,TEF2,2,gene,477671,479047,+,Verified,1376,False,477350.0,477650.0,477650.0,478150.0,477650,479138.0,477650.0,479138.0,477650.0,479138.0
YBR119W,MUD1,2,gene,479338,480323,+,Verified,985,False,478999.0,479299.0,479299.0,479799.0,479299,480468.0,479299.0,480468.0,479299.0,480468.0
YBR120C,CBP6,2,gene,480435,480923,-,Verified,488,False,481007.0,481307.0,480507.0,481007.0,480376,481007.0,481007.0,480376.0,481007.0,480376.0
YBR121C,GRS1,2,gene,481364,483367,-,Verified,2003,False,483445.0,483745.0,482945.0,483445.0,481262,483445.0,483445.0,481262.0,483445.0,481262.0
YBR122C,MRPL36,2,gene,483970,484503,-,Verified,533,False,484537.0,484837.0,484037.0,484537.0,483775,484537.0,484537.0,483775.0,484537.0,483775.0
YBR123C,TFC1,2,gene,484742,486691,-,Verified,1949,False,486760.0,487060.0,486260.0,486760.0,484678,486760.0,486760.0,484678.0,486760.0,484678.0
YBR125C,PTC4,2,gene,487199,488380,-,Verified,1181,False,488560.0,488860.0,488060.0,488560.0,487062,488560.0,488560.0,487062.0,488560.0,487062.0
YBR126C,TPS1,2,gene,488905,490392,-,Verified,1487,False,490500.0,490800.0,490000.0,490500.0,488775,490500.0,490500.0,488775.0,490500.0,488775.0
YBR127C,VMA2,2,gene,491269,492822,-,Verified,1553,False,492887.0,493187.0,492387.0,492887.0,491104,492887.0,492887.0,491104.0,492887.0,491104.0
YBR128C,ATG14,2,gene,493081,494115,-,Verified,1034,False,494148.0,494448.0,493648.0,494148.0,492799,494148.0,494148.0,492799.0,494148.0,492799.0
YBR129C,OPY1,2,gene,494353,495339,-,Verified,986,False,495375.0,495675.0,494875.0,495375.0,494220,495375.0,495375.0,494220.0,495375.0,494220.0
YBR130C,SHE3,2,gene,495592,496869,-,Verified,1277,False,496930.0,497230.0,496430.0,496930.0,495480,496930.0,496930.0,495480.0,496930.0,495480.0
YBR131W,CCZ1,2,gene,497163,499277,+,Verified,2114,False,496820.0,497120.0,497120.0,497620.0,497120,499353.0,497120.0,499353.0,497120.0,499353.0
YBR132C,AGP2,2,gene,499652,501442,-,Verified,1790,False,501554.0,501854.0,501054.0,501554.0,499353,501554.0,501554.0,499353.0,501554.0,499353.0
YBR133C,HSL7,2,gene,501804,504287,-,Verified,2483,False,504401.0,504701.0,503901.0,504401.0,501664,504401.0,504401.0,501664.0,504401.0,501664.0
YBR135W,CKS1,2,gene,504854,505306,+,Verified,452,False,504455.0,504755.0,504755.0,505255.0,504755,505511.0,504755.0,505511.0,504755.0,505511.0
YBR136W,MEC1,2,gene,505668,512774,+,Verified,7106,False,505318.0,505618.0,505618.0,506118.0,505618,512971.0,505618.0,512971.0,505618.0,512971.0
YBR137W,YBR137W,2,gene,513044,513583,+,Verified,539,False,512653.0,512953.0,512953.0,513453.0,512953,513681.0,512953.0,513681.0,512953.0,513681.0
YBR138C,YBR138C,2,gene,513762,515336,-,Uncharacterized,1574,False,515406.0,515706.0,514906.0,515406.0,513614,515406.0,515406.0,513614.0,515406.0,513614.0
YBR139W,YBR139W,2,gene,515664,517190,+,Verified,1526,False,515360.0,515660.0,515660.0,516160.0,515660,517224.0,515660.0,517224.0,515660.0,517224.0
YBR140C,IRA1,2,gene,517350,526628,-,Verified,9278,,526628.0,526928.0,526128.0,526628.0,517350,526628.0,,,526628.0,517350.0
YBR141C,YBR141C,2,gene,527025,528038,-,Uncharacterized,1013,False,528059.0,528359.0,527559.0,528059.0,526865,528059.0,528059.0,526865.0,528059.0,526865.0
YBR142W,MAK5,2,gene,528317,530638,+,Verified,2321,False,527971.0,528271.0,528271.0,528771.0,528271,530646.0,528271.0,530646.0,528271.0,530646.0
YBR143C,SUP45,2,gene,530869,532182,-,Verified,1313,False,532222.0,532522.0,531722.0,532222.0,530736,532222.0,532222.0,530736.0,532222.0,530736.0
YBR145W,ADH5,2,gene,533762,534817,+,Verified,1055,False,533422.0,533722.0,533722.0,534222.0,533722,534919.0,533722.0,534919.0,533722.0,534919.0
YBR146W,MRPS9,2,gene,535260,536096,+,Verified,836,False,534898.0,535198.0,535198.0,535698.0,535198,536319.0,535198.0,536319.0,535198.0,536319.0
YBR147W,RTC2,2,gene,536575,537465,+,Verified,890,,536275.0,536575.0,536575.0,537075.0,536575,537465.0,,,536575.0,537465.0
YBR148W,YSW1,2,gene,537876,539705,+,Verified,1829,False,537390.0,537690.0,537690.0,538190.0,537690,539788.0,537690.0,539788.0,537690.0,539788.0
YBR149W,ARA1,2,gene,539987,541021,+,Verified,1034,False,539619.0,539919.0,539919.0,540419.0,539919,541119.0,539919.0,541119.0,539919.0,541119.0
YBR150C,TBS1,2,gene,541209,544493,-,Verified,3284,False,544525.0,544825.0,544025.0,544525.0,541144,544525.0,544525.0,541144.0,544525.0,541144.0
YBR151W,APD1,2,gene,545028,545978,+,Verified,950,False,544616.0,544916.0,544916.0,545416.0,544916,546109.0,544916.0,546109.0,544916.0,546109.0
YBR152W,SPP381,2,gene,546376,547251,+,Verified,875,False,546023.0,546323.0,546323.0,546823.0,546323,547251.0,546323.0,,546323.0,547251.0
YBR153W,RIB7,2,gene,547460,548194,+,Verified,734,False,547111.0,547411.0,547411.0,547911.0,547411,548242.0,547411.0,548242.0,547411.0,548242.0
YBR154C,RPB5,2,gene,548362,549009,-,Verified,647,False,549101.0,549401.0,548601.0,549101.0,548267,549101.0,549101.0,548267.0,549101.0,548267.0
YBR155W,CNS1,2,gene,549771,550928,+,Verified,1157,False,549427.0,549727.0,549727.0,550227.0,549727,551019.0,549727.0,551019.0,549727.0,551019.0
YBR156C,SLI15,2,gene,551104,553200,-,Verified,2096,False,553238.0,553538.0,552738.0,553238.0,550928,553238.0,553238.0,550928.0,553238.0,550928.0
YBR157C,ICS2,2,gene,553543,554310,-,Verified,767,False,554383.0,554683.0,553883.0,554383.0,553419,554383.0,554383.0,553419.0,554383.0,553419.0
YBR158W,AMN1,2,gene,556549,558198,+,Verified,1649,False,555987.0,556287.0,556287.0,556787.0,556287,558349.0,556287.0,558349.0,556287.0,558349.0
YBR159W,IFA38,2,gene,558685,559728,+,Verified,1043,False,558361.0,558661.0,558661.0,559161.0,558661,559816.0,558661.0,559816.0,558661.0,559816.0
YBR160W,CDC28,2,gene,560078,560974,+,Verified,896,False,559648.0,559948.0,559948.0,560448.0,559948,561069.0,559948.0,561069.0,559948.0,561069.0
YBR161W,CSH1,2,gene,561634,562764,+,Verified,1130,False,561108.0,561408.0,561408.0,561908.0,561408,563029.0,561408.0,563029.0,561408.0,563029.0
YBR162C,TOS1,2,gene,563203,564570,-,Verified,1367,False,564809.0,565109.0,564309.0,564809.0,562900,564809.0,564809.0,562900.0,564809.0,562900.0
YBR162W-A,YSY6,2,gene,565231,565428,+,Verified,197,False,564897.0,565197.0,565197.0,565697.0,565197,565527.0,565197.0,565527.0,565197.0,565527.0
YBR163W,EXO5,2,gene,565723,567480,+,Verified,1757,False,565340.0,565640.0,565640.0,566140.0,565640,567537.0,565640.0,567537.0,565640.0,567537.0
YBR164C,ARL1,2,gene,567875,568426,-,Verified,551,False,568546.0,568846.0,568046.0,568546.0,567774,568546.0,568546.0,567774.0,568546.0,567774.0
YBR165W,UBS1,2,gene,568852,569685,+,Verified,833,False,568461.0,568761.0,568761.0,569261.0,568761,569732.0,568761.0,569732.0,568761.0,569732.0
YBR166C,TYR1,2,gene,569842,571200,-,Verified,1358,False,571253.0,571553.0,570753.0,571253.0,569754,571253.0,571253.0,569754.0,571253.0,569754.0
YBR167C,POP7,2,gene,571468,571890,-,Verified,422,False,571927.0,572227.0,571427.0,571927.0,571401,571927.0,571927.0,571401.0,571927.0,571401.0
YBR168W,PEX32,2,gene,572371,573612,+,Verified,1241,False,571945.0,572245.0,572245.0,572745.0,572245,573781.0,572245.0,573781.0,572245.0,573781.0
YBR169C,SSE2,2,gene,573915,575996,-,Verified,2081,,575996.0,576296.0,575496.0,575996.0,573915,575996.0,,,575996.0,573915.0
YBR170C,NPL4,2,gene,576344,578086,-,Verified,1742,False,578160.0,578460.0,577660.0,578160.0,576215,578160.0,578160.0,576215.0,578160.0,576215.0
YBR171W,SEC66,2,gene,578364,578984,+,Verified,620,False,578039.0,578339.0,578339.0,578839.0,578339,579066.0,578339.0,579066.0,578339.0,579066.0
YBR172C,SMY2,2,gene,579150,581372,-,Verified,2222,False,581484.0,581784.0,580984.0,581484.0,579013,581484.0,581484.0,579013.0,581484.0,579013.0
YBR173C,UMP1,2,gene,581726,582172,-,Verified,446,False,582201.0,582501.0,581701.0,582201.0,581583,582201.0,582201.0,581583.0,582201.0,581583.0
YBR175W,SWD3,2,gene,582408,583355,+,Verified,947,False,582096.0,582396.0,582396.0,582896.0,582396,583459.0,582396.0,583459.0,582396.0,583459.0
YBR176W,ECM31,2,gene,583720,584658,+,Verified,938,False,583287.0,583587.0,583587.0,584087.0,583587,584804.0,583587.0,584804.0,583587.0,584804.0
YBR177C,EHT1,2,gene,584807,586162,-,Verified,1355,False,586194.0,586494.0,585694.0,586194.0,584685,586194.0,586194.0,584685.0,586194.0,584685.0
YBR179C,FZO1,2,gene,586547,589114,-,Verified,2567,False,589180.0,589480.0,588680.0,589180.0,586492,589180.0,589180.0,586492.0,589180.0,586492.0
YBR180W,DTR1,2,gene,589741,591459,+,Verified,1718,,589441.0,589741.0,589741.0,590241.0,589741,591459.0,,,589741.0,591459.0
YBR181C,RPS6B,2,gene,591712,592774,-,Verified,1062,False,592828.0,593128.0,592328.0,592828.0,591631,592828.0,592828.0,591631.0,592828.0,591631.0
YBR182C,SMP1,2,gene,593506,594864,-,Verified,1358,False,595028.0,595328.0,594528.0,595028.0,593201,595028.0,595028.0,593201.0,595028.0,593201.0
YBR182C-A,YBR182C-A,2,gene,595361,595555,-,Uncharacterized,194,,595555.0,595855.0,595055.0,595555.0,595361,595555.0,,,595555.0,595361.0
YBR183W,YPC1,2,gene,596115,597065,+,Verified,950,False,595607.0,595907.0,595907.0,596407.0,595907,597129.0,595907.0,597129.0,595907.0,597129.0
YBR184W,YBR184W,2,gene,597363,598934,+,Uncharacterized,1571,False,597064.0,597364.0,597364.0,597864.0,597364,599078.0,597364.0,599078.0,597364.0,599078.0
YBR185C,MBA1,2,gene,599123,599959,-,Verified,836,False,599979.0,600279.0,599479.0,599979.0,599005,599979.0,599979.0,599005.0,599979.0,599005.0
YBR186W,PCH2,2,gene,600553,602360,+,Verified,1807,,600253.0,600553.0,600553.0,601053.0,600553,602360.0,,,600553.0,602360.0
YBR187W,GDT1,2,gene,602634,603476,+,Uncharacterized,842,False,602251.0,602551.0,602551.0,603051.0,602551,603615.0,602551.0,603615.0,602551.0,603615.0
YBR188C,NTC20,2,gene,603685,604107,-,Verified,422,False,604183.0,604483.0,603683.0,604183.0,603531,604183.0,604183.0,603531.0,604183.0,603531.0
YBR189W,RPS9B,2,gene,604508,605508,+,Verified,1000,False,604171.0,604471.0,604471.0,604971.0,604471,605579.0,604471.0,605579.0,604471.0,605579.0
YBR191W,RPL21A,2,gene,606270,607140,+,Verified,870,False,605921.0,606221.0,606221.0,606721.0,606221,607243.0,606221.0,607243.0,606221.0,607243.0
YBR192W,RIM2,2,gene,607652,608785,+,Verified,1133,False,607203.0,607503.0,607503.0,608003.0,607503,609056.0,607503.0,609056.0,607503.0,609056.0
YBR193C,MED8,2,gene,609082,609753,-,Verified,671,False,609814.0,610114.0,609314.0,609814.0,608848,609814.0,609814.0,608848.0,609814.0,608848.0
YBR194W,AIM4,2,gene,610038,610409,+,Verified,371,False,609670.0,609970.0,609970.0,610470.0,609970,610566.0,609970.0,610566.0,609970.0,610566.0
YBR195C,MSI1,2,gene,610614,611882,-,Verified,1268,False,611876.0,612176.0,611376.0,611876.0,610491,611876.0,611876.0,610491.0,611876.0,610491.0
YBR196C,PGI1,2,gene,612236,613900,-,Verified,1664,False,613936.0,614236.0,613436.0,613936.0,612073,613936.0,613936.0,612073.0,613936.0,612073.0
YBR196C-A,YBR196C-A,2,gene,614024,614173,-,Uncharacterized,149,,614173.0,614473.0,613673.0,614173.0,614024,614173.0,,,614173.0,614024.0
YBR196C-B,YBR196C-B,2,gene,614526,614630,-,Uncharacterized,104,,614630.0,614930.0,614130.0,614630.0,614526,614630.0,,,614630.0,614526.0
YBR197C,YBR197C,2,gene,615203,615856,-,Uncharacterized,653,False,615880.0,616180.0,615380.0,615880.0,615203,615880.0,615880.0,,615880.0,615203.0
YBR198C,TAF5,2,gene,616127,618523,-,Verified,2396,False,618598.0,618898.0,618098.0,618598.0,616037,618598.0,618598.0,616037.0,618598.0,616037.0
YBR199W,KTR4,2,gene,618909,620303,+,Verified,1394,False,618517.0,618817.0,618817.0,619317.0,618817,620432.0,618817.0,620432.0,618817.0,620432.0
YBR200W,BEM1,2,gene,620872,622527,+,Verified,1655,False,620518.0,620818.0,620818.0,621318.0,620818,622750.0,620818.0,622750.0,620818.0,622750.0
YBR200W-A,YBR200W-A,2,gene,622983,623147,+,Uncharacterized,164,,622683.0,622983.0,622983.0,623483.0,622983,623147.0,,,622983.0,623147.0
YBR201W,DER1,2,gene,623576,624211,+,Verified,635,False,623141.0,623441.0,623441.0,623941.0,623441,624336.0,623441.0,624336.0,623441.0,624336.0
YBR201C-A,YBR201C-A,2,gene,624493,624696,-,Uncharacterized,203,False,624843.0,625143.0,624343.0,624843.0,624246,624843.0,624843.0,624246.0,624843.0,624246.0
YBR202W,MCM7,2,gene,625772,628309,+,Verified,2537,False,625443.0,625743.0,625743.0,626243.0,625743,628475.0,625743.0,628475.0,625743.0,628475.0
YBR203W,COS111,2,gene,629168,631942,+,Verified,2774,False,628566.0,628866.0,628866.0,629366.0,628866,632173.0,628866.0,632173.0,628866.0,632173.0
YBR204C,YBR204C,2,gene,632254,633381,-,Verified,1127,False,633444.0,633744.0,632944.0,633444.0,631994,633444.0,633444.0,631994.0,633444.0,631994.0
YBR205W,KTR3,2,gene,633622,634836,+,Verified,1214,False,633276.0,633576.0,633576.0,634076.0,633576,635015.0,633576.0,635015.0,633576.0,635015.0
YBR207W,FTH1,2,gene,635146,636543,+,Verified,1397,False,634795.0,635095.0,635095.0,635595.0,635095,636683.0,635095.0,636683.0,635095.0,636683.0
YBR208C,DUR1%2C2,2,gene,636703,642210,-,Verified,5507,,642210.0,642510.0,641710.0,642210.0,636703,642210.0,,,642210.0,636703.0
YBR210W,ERV15,2,gene,645550,645978,+,Verified,428,False,645213.0,645513.0,645513.0,646013.0,645513,646218.0,645513.0,646218.0,645513.0,646218.0
YBR211C,AME1,2,gene,646158,647132,-,Verified,974,False,647246.0,647546.0,646746.0,647246.0,646032,647246.0,647246.0,646032.0,647246.0,646032.0
YBR212W,NGR1,2,gene,647886,649904,+,Verified,2018,False,647181.0,647481.0,647481.0,647981.0,647481,650111.0,647481.0,650111.0,647481.0,650111.0
YBR213W,MET8,2,gene,650368,651192,+,Verified,824,False,649917.0,650217.0,650217.0,650717.0,650217,651316.0,650217.0,651316.0,650217.0,651316.0
YBR214W,SDS24,2,gene,651415,652998,+,Verified,1583,,651115.0,651415.0,651415.0,651915.0,651415,652998.0,,,651415.0,652998.0
YBR215W,HPC2,2,gene,653356,655317,+,Verified,1961,False,653016.0,653316.0,653316.0,653816.0,653316,655426.0,653316.0,655426.0,653316.0,655426.0
YBR216C,YBP1,2,gene,655576,657600,-,Verified,2024,False,657634.0,657934.0,657134.0,657634.0,655284,657634.0,657634.0,655284.0,657634.0,655284.0
YBR217W,ATG12,2,gene,657832,658392,+,Verified,560,False,657486.0,657786.0,657786.0,658286.0,657786,658721.0,657786.0,658721.0,657786.0,658721.0
YBR218C,PYC2,2,gene,658707,662249,-,Verified,3542,False,662312.0,662612.0,661812.0,662312.0,658592,662312.0,662312.0,658592.0,662312.0,658592.0
YBR219C,YBR219C,2,gene,662499,663303,-,Uncharacterized,804,,663303.0,663603.0,662803.0,663303.0,662499,663303.0,,,663303.0,662499.0
YBR220C,YBR220C,2,gene,662995,664677,-,Uncharacterized,1682,False,664745.0,665045.0,664245.0,664745.0,662857,664745.0,664745.0,662857.0,664745.0,662857.0
YBR221C,PDB1,2,gene,665153,666253,-,Verified,1100,False,666457.0,666757.0,665957.0,666457.0,664910,666457.0,666457.0,664910.0,666457.0,664910.0
YBR221W-A,YBR221W-A,2,gene,666538,666642,+,Uncharacterized,104,,666238.0,666538.0,666538.0,667038.0,666538,666642.0,,,666538.0,666642.0
YBR222C,PCS60,2,gene,666720,668351,-,Verified,1631,False,668379.0,668679.0,667879.0,668379.0,666607,668379.0,668379.0,666607.0,668379.0,666607.0
YBR223C,TDP1,2,gene,668663,670297,-,Verified,1634,False,670324.0,670624.0,669824.0,670324.0,668425,670324.0,670324.0,668425.0,670324.0,668425.0
YBR225W,YBR225W,2,gene,670627,673329,+,Uncharacterized,2702,False,670193.0,670493.0,670493.0,670993.0,670493,673586.0,670493.0,673586.0,670493.0,673586.0
YBR227C,MCX1,2,gene,673572,675134,-,Verified,1562,False,675193.0,675493.0,674693.0,675193.0,673515,675193.0,675193.0,673515.0,675193.0,673515.0
YBR228W,SLX1,2,gene,675313,676227,+,Verified,914,False,675014.0,675314.0,675314.0,675814.0,675314,676322.0,675314.0,676322.0,675314.0,676322.0
YBR229C,ROT2,2,gene,676357,679221,-,Verified,2864,False,679229.0,679529.0,678729.0,679229.0,676227,679229.0,679229.0,676227.0,679229.0,676227.0
YBR230C,OM14,2,gene,679549,680050,-,Verified,501,False,680089.0,680389.0,679589.0,680089.0,679462,680089.0,680089.0,679462.0,680089.0,679462.0
YBR230W-A,YBR230W-A,2,gene,680362,680562,+,Uncharacterized,200,False,679999.0,680299.0,680299.0,680799.0,680299,680708.0,680299.0,680708.0,680299.0,680708.0
YBR231C,SWC5,2,gene,682179,683090,-,Verified,911,False,683148.0,683448.0,682648.0,683148.0,682141,683148.0,683148.0,682141.0,683148.0,682141.0
YBR233W,PBP2,2,gene,683428,684669,+,Verified,1241,False,683001.0,683301.0,683301.0,683801.0,683301,684840.0,683301.0,684840.0,683301.0,684840.0
YBR233W-A,DAD3,2,gene,684977,685261,+,Verified,284,False,684659.0,684959.0,684959.0,685459.0,684959,685469.0,684959.0,685469.0,684959.0,685469.0
YBR234C,ARC40,2,gene,685438,686592,-,Verified,1154,False,686639.0,686939.0,686139.0,686639.0,685361,686639.0,686639.0,685361.0,686639.0,685361.0
YBR235W,YBR235W,2,gene,686901,690263,+,Uncharacterized,3362,False,686521.0,686821.0,686821.0,687321.0,686821,690361.0,686821.0,690361.0,686821.0,690361.0
YBR236C,ABD1,2,gene,690383,691693,-,Verified,1310,False,691732.0,692032.0,691232.0,691732.0,690268,691732.0,691732.0,690268.0,691732.0,690268.0
YBR237W,PRP5,2,gene,691969,694518,+,Verified,2549,False,691626.0,691926.0,691926.0,692426.0,691926,694612.0,691926.0,694612.0,691926.0,694612.0
YBR238C,YBR238C,2,gene,695107,697302,-,Verified,2195,False,697303.0,697603.0,696803.0,697303.0,695094,697303.0,697303.0,695094.0,697303.0,695094.0
YBR239C,ERT1,2,gene,698354,699943,-,Uncharacterized,1589,False,700094.0,700394.0,699594.0,700094.0,698266,700094.0,700094.0,698266.0,700094.0,698266.0
YBR240C,THI2,2,gene,700490,701842,-,Verified,1352,,701842.0,702142.0,701342.0,701842.0,700490,701842.0,,,701842.0,700490.0
YBR241C,YBR241C,2,gene,702589,704055,-,Uncharacterized,1466,False,704283.0,704583.0,703783.0,704283.0,702523,704283.0,704283.0,702523.0,704283.0,702523.0
YBR242W,YBR242W,2,gene,704670,705386,+,Uncharacterized,716,False,704203.0,704503.0,704503.0,705003.0,704503,705454.0,704503.0,705454.0,704503.0,705454.0
YBR243C,ALG7,2,gene,705447,706793,-,Verified,1346,False,706826.0,707126.0,706326.0,706826.0,705390,706826.0,706826.0,705390.0,706826.0,705390.0
YBR244W,GPX2,2,gene,707528,708016,+,Verified,488,False,707193.0,707493.0,707493.0,707993.0,707493,708137.0,707493.0,708137.0,707493.0,708137.0
YBR245C,ISW1,2,gene,708150,711539,-,Verified,3389,False,711386.0,711686.0,710886.0,711386.0,708055,711386.0,711386.0,708055.0,711386.0,708055.0
YBR246W,RRT2,2,gene,711591,712754,+,Uncharacterized,1163,False,711249.0,711549.0,711549.0,712049.0,711549,712895.0,711549.0,712895.0,711549.0,712895.0
YBR247C,ENP1,2,gene,713004,714455,-,Verified,1451,False,714477.0,714777.0,713977.0,714477.0,712888,714477.0,714477.0,712888.0,714477.0,712888.0
YBR248C,HIS7,2,gene,714807,716465,-,Verified,1658,False,716554.0,716854.0,716054.0,716554.0,714737,716554.0,716554.0,714737.0,716554.0,714737.0
YBR249C,ARO4,2,gene,716882,717994,-,Verified,1112,False,718085.0,718385.0,717585.0,718085.0,716795,718085.0,718085.0,716795.0,718085.0,716795.0
YBR250W,SPO23,2,gene,719033,720604,+,Verified,1571,,718733.0,719033.0,719033.0,719533.0,719033,720604.0,,,719033.0,720604.0
YBR251W,MRPS5,2,gene,721390,722313,+,Verified,923,False,721023.0,721323.0,721323.0,721823.0,721323,722395.0,721323.0,722395.0,721323.0,722395.0
YBR252W,DUT1,2,gene,722611,723054,+,Verified,443,False,722294.0,722594.0,722594.0,723094.0,722594,723128.0,722594.0,723128.0,722594.0,723128.0
YBR253W,SRB6,2,gene,723270,723635,+,Verified,365,False,722910.0,723210.0,723210.0,723710.0,723210,723728.0,723210.0,723728.0,723210.0,723728.0
YBR254C,TRS20,2,gene,723736,724263,-,Verified,527,False,724272.0,724572.0,723772.0,724272.0,723568,724272.0,724272.0,723568.0,724272.0,723568.0
YBR255W,MTC4,2,gene,724456,726540,+,Verified,2084,False,724134.0,724434.0,724434.0,724934.0,724434,726608.0,724434.0,726608.0,724434.0,726608.0
YBR255C-A,YBR255C-A,2,gene,726618,727074,-,Uncharacterized,456,False,727099.0,727399.0,726599.0,727099.0,726508,727099.0,727099.0,726508.0,727099.0,726508.0
YBR256C,RIB5,2,gene,727386,728102,-,Verified,716,False,728138.0,728438.0,727638.0,728138.0,727323,728138.0,728138.0,727323.0,728138.0,727323.0
YBR257W,POP4,2,gene,728885,729724,+,Verified,839,False,728555.0,728855.0,728855.0,729355.0,728855,729782.0,728855.0,729782.0,728855.0,729782.0
YBR258C,SHG1,2,gene,729734,730162,-,Verified,428,False,730196.0,730496.0,729696.0,730196.0,729667,730196.0,730196.0,729667.0,730196.0,729667.0
YBR259W,YBR259W,2,gene,730387,732453,+,Uncharacterized,2066,False,730039.0,730339.0,730339.0,730839.0,730339,732589.0,730339.0,732589.0,730339.0,732589.0
YBR260C,RGD1,2,gene,732639,734639,-,Verified,2000,False,734677.0,734977.0,734177.0,734677.0,732538,734677.0,734677.0,732538.0,734677.0,732538.0
YBR261C,TAE1,2,gene,734832,735530,-,Verified,698,False,735556.0,735856.0,735056.0,735556.0,734705,735556.0,735556.0,734705.0,735556.0,734705.0
YBR262C,AIM5,2,gene,735720,736040,-,Verified,320,False,736076.0,736376.0,735576.0,736076.0,735607,736076.0,736076.0,735607.0,736076.0,735607.0
YBR263W,SHM1,2,gene,736264,737736,+,Verified,1472,False,735925.0,736225.0,736225.0,736725.0,736225,737807.0,736225.0,737807.0,736225.0,737807.0
YBR264C,YPT10,2,gene,737770,738369,-,Verified,599,False,738408.0,738708.0,737908.0,738408.0,737734,738408.0,738408.0,737734.0,738408.0,737734.0
YBR265W,TSC10,2,gene,738582,739544,+,Verified,962,False,738247.0,738547.0,738547.0,739047.0,738547,739688.0,738547.0,739688.0,738547.0,739688.0
YBR267W,REI1,2,gene,739841,741022,+,Verified,1181,False,739525.0,739825.0,739825.0,740325.0,739825,741143.0,739825.0,741143.0,739825.0,741143.0
YBR268W,MRPL37,2,gene,741299,741616,+,Verified,317,False,740986.0,741286.0,741286.0,741786.0,741286,741717.0,741286.0,741717.0,741286.0,741717.0
YBR269C,FMP21,2,gene,742160,742576,-,Uncharacterized,416,False,742598.0,742898.0,742098.0,742598.0,742005,742598.0,742598.0,742005.0,742598.0,742005.0
YBR270C,BIT2,2,gene,742761,744398,-,Uncharacterized,1637,False,744701.0,745001.0,744201.0,744701.0,742724,744701.0,744701.0,742724.0,744701.0,742724.0
YBR271W,YBR271W,2,gene,744852,746111,+,Uncharacterized,1259,False,744536.0,744836.0,744836.0,745336.0,744836,746278.0,744836.0,746278.0,744836.0,746278.0
YBR272C,HSM3,2,gene,746361,747803,-,Verified,1442,False,747831.0,748131.0,747331.0,747831.0,746179,747831.0,747831.0,746179.0,747831.0,746179.0
YBR273C,UBX7,2,gene,748061,749371,-,Verified,1310,False,749403.0,749703.0,748903.0,749403.0,747955,749403.0,749403.0,747955.0,749403.0,747955.0
YBR274W,CHK1,2,gene,749594,751177,+,Verified,1583,False,749259.0,749559.0,749559.0,750059.0,749559,751339.0,749559.0,751339.0,749559.0,751339.0
YBR275C,RIF1,2,gene,751356,757106,-,Verified,5750,False,757221.0,757521.0,756721.0,757221.0,751217,757221.0,757221.0,751217.0,757221.0,751217.0
YBR276C,PPS1,2,gene,757620,760043,-,Verified,2423,False,760139.0,760439.0,759639.0,760139.0,757545,760139.0,760139.0,757545.0,760139.0,757545.0
YBR278W,DPB3,2,gene,760294,760899,+,Verified,605,False,759977.0,760277.0,760277.0,760777.0,760277,760992.0,760277.0,760992.0,760277.0,760992.0
YBR279W,PAF1,2,gene,761257,762594,+,Verified,1337,False,760930.0,761230.0,761230.0,761730.0,761230,762713.0,761230.0,762713.0,761230.0,762713.0
YBR280C,SAF1,2,gene,762784,764697,-,Verified,1913,False,764701.0,765001.0,764201.0,764701.0,762609,764701.0,764701.0,762609.0,764701.0,762609.0
YBR281C,DUG2,2,gene,764970,767606,-,Verified,2636,False,767656.0,767956.0,767156.0,767656.0,764861,767656.0,767656.0,764861.0,767656.0,764861.0
YBR282W,MRPL27,2,gene,768240,768680,+,Verified,440,False,767902.0,768202.0,768202.0,768702.0,768202,768802.0,768202.0,768802.0,768202.0,768802.0
YBR283C,SSH1,2,gene,768943,770415,-,Verified,1472,False,770569.0,770869.0,770069.0,770569.0,768792,770569.0,770569.0,768792.0,770569.0,768792.0
YBR284W,YBR284W,2,gene,771239,773632,+,Uncharacterized,2393,False,770928.0,771228.0,771228.0,771728.0,771228,773801.0,771228.0,773801.0,771228.0,773801.0
YBR285W,YBR285W,2,gene,773922,774356,+,Uncharacterized,434,False,773440.0,773740.0,773740.0,774240.0,773740,774356.0,773740.0,,773740.0,774356.0
YBR286W,APE3,2,gene,774700,776313,+,Verified,1613,False,774388.0,774688.0,774688.0,775188.0,774688,776380.0,774688.0,776380.0,774688.0,776380.0
YBR287W,YBR287W,2,gene,776571,777854,+,Uncharacterized,1283,False,776239.0,776539.0,776539.0,777039.0,776539,777969.0,776539.0,777969.0,776539.0,777969.0
YBR288C,APM3,2,gene,778012,779463,-,Verified,1451,False,779522.0,779822.0,779022.0,779522.0,777947,779522.0,779522.0,777947.0,779522.0,777947.0
YBR289W,SNF5,2,gene,779667,782384,+,Verified,2717,False,779339.0,779639.0,779639.0,780139.0,779639,782443.0,779639.0,782443.0,779639.0,782443.0
YBR290W,BSD2,2,gene,782591,783556,+,Verified,965,False,782285.0,782585.0,782585.0,783085.0,782585,783662.0,782585.0,783662.0,782585.0,783662.0
YBR291C,CTP1,2,gene,783673,784572,-,Verified,899,False,784609.0,784909.0,784109.0,784609.0,783628,784609.0,784609.0,783628.0,784609.0,783628.0
YBR293W,VBA2,2,gene,787006,788430,+,Verified,1424,False,786807.0,787107.0,787107.0,787607.0,787107,788646.0,787107.0,788646.0,787107.0,788646.0
YBR294W,SUL1,2,gene,789235,791814,+,Verified,2579,True,788700.0,789000.0,789000.0,789500.0,789000,791814.0,789000.0,,789000.0,791814.0
YBR295W,PCA1,2,gene,792849,796499,+,Verified,3650,False,792533.0,792833.0,792833.0,793333.0,792833,796622.0,792833.0,796622.0,792833.0,796622.0
YBR296C,PHO89,2,gene,796798,798522,-,Verified,1724,False,798589.0,798889.0,798089.0,798589.0,796521,798589.0,798589.0,796521.0,798589.0,796521.0
YBR296C-A,YBR296C-A,2,gene,800123,800242,-,Uncharacterized,119,False,800194.0,800494.0,799694.0,800194.0,800123,800194.0,800194.0,,800194.0,800123.0
YBR297W,MAL33,2,gene,800523,801929,+,Verified,1406,False,800185.0,800485.0,800485.0,800985.0,800485,802167.0,800485.0,802167.0,800485.0,802167.0
YBR298C,MAL31,2,gene,802631,804475,-,Verified,1844,,804475.0,804775.0,803975.0,804475.0,802631,804475.0,,,804475.0,802631.0
YBR298C-A,YBR298C-A,2,gene,805035,805256,-,Uncharacterized,221,False,805451.0,805751.0,804951.0,805451.0,805035,805451.0,805451.0,,805451.0,805035.0
YBR299W,MAL32,2,gene,805351,807105,+,Verified,1754,False,804842.0,805142.0,805142.0,805642.0,805142,807105.0,805142.0,,805142.0,807105.0
YBR301W,PAU24,2,gene,809057,809419,+,Verified,362,,808757.0,809057.0,809057.0,809557.0,809057,809419.0,,,809057.0,809419.0
YBR302C,COS2,2,gene,810340,811479,-,Verified,1139,False,811487.0,811787.0,810987.0,811487.0,810284,811487.0,811487.0,810284.0,811487.0,810284.0
YCL073C,YCL073C,3,gene,6479,8326,-,Uncharacterized,1847,,8326.0,8626.0,7826.0,8326.0,6479,8326.0,,,8326.0,6479.0
YCL069W,VBA3,3,gene,9706,11082,+,Verified,1376,,9406.0,9706.0,9706.0,10206.0,9706,11082.0,,,9706.0,11082.0
YCL068C,YCL068C,3,gene,11503,12285,-,Uncharacterized,782,,12285.0,12585.0,11785.0,12285.0,11503,12285.0,,,12285.0,11503.0
YCL067C,HMLALPHA2,3,gene,12386,13018,-,Verified%7Csilenced_gene,632,False,12888.0,13188.0,12388.0,12888.0,12298,12888.0,12888.0,12298.0,12888.0,12298.0
YCL066W,HMLALPHA1,3,gene,13282,13809,+,Verified%7Csilenced_gene,527,,12982.0,13282.0,13282.0,13782.0,13282,13809.0,,,13282.0,13809.0
YCL064C,CHA1,3,gene,15798,16880,-,Verified,1082,False,16891.0,17191.0,16391.0,16891.0,15713,16891.0,16891.0,15713.0,16891.0,15713.0
YCL063W,VAC17,3,gene,17290,18561,+,Verified,1271,False,16975.0,17275.0,17275.0,17775.0,17275,18694.0,17275.0,18694.0,17275.0,18694.0
YCL061C,MRC1,3,gene,18816,22106,-,Verified,3290,False,22155.0,22455.0,21655.0,22155.0,18625,22155.0,22155.0,18625.0,22155.0,18625.0
YCL059C,KRR1,3,gene,22429,23379,-,Verified,950,False,23405.0,23705.0,22905.0,23405.0,22319,23405.0,23405.0,22319.0,23405.0,22319.0
YCL058C,FYV5,3,gene,23523,23981,-,Verified,458,,23981.0,24281.0,23481.0,23981.0,23523,23981.0,,,23981.0,23523.0
YCL058W-A,ADF1,3,gene,23584,23925,+,Verified,341,False,23263.0,23563.0,23563.0,24063.0,23563,23991.0,23563.0,23991.0,23563.0,23991.0
YCL057C-A,YCL057C-A,3,gene,24032,24325,-,Uncharacterized,293,False,24353.0,24653.0,23853.0,24353.0,23905,24353.0,24353.0,23905.0,24353.0,23905.0
YCL057W,PRD1,3,gene,24768,26906,+,Verified,2138,False,24483.0,24783.0,24783.0,25283.0,24783,27036.0,24783.0,27036.0,24783.0,27036.0
YCL056C,YCL056C,3,gene,26925,27359,-,Uncharacterized,434,False,27391.0,27691.0,26891.0,27391.0,26898,27391.0,27391.0,26898.0,27391.0,26898.0
YCL055W,KAR4,3,gene,27929,28936,+,Verified,1007,False,27624.0,27924.0,27924.0,28424.0,27924,29020.0,27924.0,29020.0,27924.0,29020.0
YCL054W,SPB1,3,gene,31449,33974,+,Verified,2525,False,31133.0,31433.0,31433.0,31933.0,31433,34079.0,31433.0,34079.0,31433.0,34079.0
YCL052C,PBN1,3,gene,34143,35393,-,Verified,1250,False,35427.0,35727.0,34927.0,35427.0,33986,35427.0,35427.0,33986.0,35427.0,33986.0
YCL051W,LRE1,3,gene,35865,37616,+,Verified,1751,False,35285.0,35585.0,35585.0,36085.0,35585,37663.0,35585.0,37663.0,35585.0,37663.0
YCL050C,APA1,3,gene,37836,38801,-,Verified,965,False,38864.0,39164.0,38364.0,38864.0,37723,38864.0,38864.0,37723.0,38864.0,37723.0
YCL049C,YCL049C,3,gene,39786,40724,-,Uncharacterized,938,False,40780.0,41080.0,40280.0,40780.0,39604,40780.0,40780.0,39604.0,40780.0,39604.0
YCL048W-A,YCL048W-A,3,gene,41488,41727,+,Uncharacterized,239,,41188.0,41488.0,41488.0,41988.0,41488,41727.0,,,41488.0,41727.0
YCL048W,SPS22,3,gene,42165,43556,+,Verified,1391,,41865.0,42165.0,42165.0,42665.0,42165,43556.0,,,42165.0,43556.0
YCL047C,YCL047C,3,gene,43661,44437,-,Uncharacterized,776,False,44458.0,44758.0,43958.0,44458.0,43575,44458.0,44458.0,43575.0,44458.0,43575.0
YCL045C,EMC1,3,gene,44623,46905,-,Verified,2282,False,46946.0,47246.0,46446.0,46946.0,44563,46946.0,46946.0,44563.0,46946.0,44563.0
YCL044C,MGR1,3,gene,47111,48364,-,Verified,1253,False,48406.0,48706.0,47906.0,48406.0,46938,48406.0,48406.0,46938.0,48406.0,46938.0
YCL043C,PDI1,3,gene,48653,50221,-,Verified,1568,False,50259.0,50559.0,49759.0,50259.0,48591,50259.0,50259.0,48591.0,50259.0,48591.0
YCL042W,YCL042W,3,gene,50584,50943,+,Uncharacterized,359,False,50106.0,50406.0,50406.0,50906.0,50406,50943.0,50406.0,,50406.0,50943.0
YCL040W,GLK1,3,gene,50838,52340,+,Verified,1502,False,50510.0,50810.0,50810.0,51310.0,50810,52519.0,50810.0,52519.0,50810.0,52519.0
YCL039W,GID7,3,gene,52645,54882,+,Verified,2237,False,52326.0,52626.0,52626.0,53126.0,52626,54925.0,52626.0,54925.0,52626.0,54925.0
YCL038C,ATG22,3,gene,54941,56527,-,Verified,1586,False,56584.0,56884.0,56084.0,56584.0,54864,56584.0,56584.0,54864.0,56584.0,54864.0
YCL037C,SRO9,3,gene,57374,58678,-,Verified,1304,False,58746.0,59046.0,58246.0,58746.0,57288,58746.0,58746.0,57288.0,58746.0,57288.0
YCL036W,GFD2,3,gene,59026,60726,+,Verified,1700,False,58673.0,58973.0,58973.0,59473.0,58973,60823.0,58973.0,60823.0,58973.0,60823.0
YCL035C,GRX1,3,gene,60841,61173,-,Verified,332,False,61238.0,61538.0,60738.0,61238.0,60716,61238.0,61238.0,60716.0,61238.0,60716.0
YCL034W,LSB5,3,gene,61658,62722,+,Verified,1064,False,61335.0,61635.0,61635.0,62135.0,61635,62795.0,61635.0,62795.0,61635.0,62795.0
YCL033C,MXR2,3,gene,62776,63282,-,Verified,506,False,63248.0,63548.0,62748.0,63248.0,62706,63248.0,63248.0,62706.0,63248.0,62706.0
YCL032W,STE50,3,gene,63441,64481,+,Verified,1040,False,63065.0,63365.0,63365.0,63865.0,63365,64677.0,63365.0,64677.0,63365.0,64677.0
YCL031C,RRP7,3,gene,64675,65568,-,Verified,893,False,65620.0,65920.0,65120.0,65620.0,64557,65620.0,65620.0,64557.0,65620.0,64557.0
YCL030C,HIS4,3,gene,65934,68333,-,Verified,2399,False,68394.0,68694.0,67894.0,68394.0,65850,68394.0,68394.0,65850.0,68394.0,65850.0
YCL029C,BIK1,3,gene,68599,69921,-,Verified,1322,False,69982.0,70282.0,69482.0,69982.0,68339,69982.0,69982.0,68339.0,69982.0,68339.0
YCL028W,RNQ1,3,gene,70150,71367,+,Verified,1217,False,69819.0,70119.0,70119.0,70619.0,70119,71440.0,70119.0,71440.0,70119.0,71440.0
YCL027W,FUS1,3,gene,71803,73341,+,Verified,1538,False,71476.0,71776.0,71776.0,72276.0,71776,73433.0,71776.0,73433.0,71776.0,73433.0
YCL026C-B,HBN1,3,gene,73405,73986,-,Uncharacterized,581,False,74086.0,74386.0,73586.0,74086.0,73344,74086.0,74086.0,73344.0,74086.0,73344.0
YCL026C-A,FRM2,3,gene,74704,75285,-,Verified,581,False,75388.0,75688.0,74888.0,75388.0,74491,75388.0,75388.0,74491.0,75388.0,74491.0
YCL025C,AGP1,3,gene,76018,77919,-,Verified,1901,False,77951.0,78251.0,77451.0,77951.0,75926,77951.0,77951.0,75926.0,77951.0,75926.0
YCL024W,KCC4,3,gene,79162,82275,+,Verified,3113,False,78791.0,79091.0,79091.0,79591.0,79091,82387.0,79091.0,82387.0,79091.0,82387.0
YCL021W-A,YCL021W-A,3,gene,83620,83997,+,Uncharacterized,377,,83320.0,83620.0,83620.0,84120.0,83620,83997.0,,,83620.0,83997.0
YCL018W,LEU2,3,gene,91324,92418,+,Verified,1094,,91024.0,91324.0,91324.0,91824.0,91324,92418.0,,,91324.0,92418.0
YCL017C,NFS1,3,gene,92777,94270,-,Verified,1493,False,94386.0,94686.0,93886.0,94386.0,92620,94386.0,94386.0,92620.0,94386.0,92620.0
YCL016C,DCC1,3,gene,94621,95763,-,Verified,1142,False,95796.0,96096.0,95296.0,95796.0,94481,95796.0,95796.0,94481.0,95796.0,94481.0
YCL014W,BUD3,3,gene,96281,101191,+,Verified,4910,False,95879.0,96179.0,96179.0,96679.0,96179,101311.0,96179.0,101311.0,96179.0,101311.0
YCL012C,YCL012C,3,gene,101317,101788,-,Verified,471,False,101823.0,102123.0,101323.0,101823.0,101200,101823.0,101823.0,101200.0,101823.0,101200.0
YCL011C,GBP2,3,gene,102075,103358,-,Verified,1283,False,103403.0,103703.0,102903.0,103403.0,101991,103403.0,103403.0,101991.0,103403.0,101991.0
YCL010C,SGF29,3,gene,103571,104350,-,Verified,779,False,104371.0,104671.0,103871.0,104371.0,103571,104371.0,104371.0,,104371.0,103571.0
YCL009C,ILV6,3,gene,104619,105548,-,Verified,929,False,105595.0,105895.0,105095.0,105595.0,104472,105595.0,105595.0,104472.0,105595.0,104472.0
YCL008C,STP22,3,gene,105696,106853,-,Verified,1157,False,106858.0,107158.0,106358.0,106858.0,105565,106858.0,106858.0,105565.0,106858.0,105565.0
YCL005W-A,VMA9,3,gene,107023,107417,+,Verified,394,False,106699.0,106999.0,106999.0,107499.0,106999,107520.0,106999.0,107520.0,106999.0,107520.0
YCL005W,LDB16,3,gene,108021,108791,+,Verified,770,False,107676.0,107976.0,107976.0,108476.0,107976,108929.0,107976.0,108929.0,107976.0,108929.0
YCL004W,PGS1,3,gene,109105,110670,+,Verified,1565,False,108726.0,109026.0,109026.0,109526.0,109026,110748.0,109026.0,110748.0,109026.0,110748.0
YCL002C,YCL002C,3,gene,110808,111675,-,Uncharacterized,867,False,111703.0,112003.0,111203.0,111703.0,110547,111703.0,111703.0,110547.0,111703.0,110547.0
YCL001W,RER1,3,gene,111916,112482,+,Verified,566,False,111598.0,111898.0,111898.0,112398.0,111898,112529.0,111898.0,112529.0,111898.0,112529.0
YCL001W-A,YCL001W-A,3,gene,113080,113541,+,Uncharacterized,461,,112780.0,113080.0,113080.0,113580.0,113080,113541.0,,,113080.0,113541.0
YCL001W-B,YCL001W-B,3,gene,113770,114024,+,Uncharacterized,254,,113470.0,113770.0,113770.0,114270.0,113770,114024.0,,,113770.0,114024.0
YCR002C,CDC10,3,gene,117380,118348,-,Verified,968,False,118394.0,118694.0,117894.0,118394.0,117322,118394.0,118394.0,117322.0,118394.0,117322.0
YCR003W,MRPL32,3,gene,118620,119171,+,Verified,551,False,118299.0,118599.0,118599.0,119099.0,118599,119277.0,118599.0,119277.0,118599.0,119277.0
YCR004C,YCP4,3,gene,119575,120318,-,Verified,743,False,120509.0,120809.0,120009.0,120509.0,119469,120509.0,120509.0,119469.0,120509.0,119469.0
YCR005C,CIT2,3,gene,120946,122328,-,Verified,1382,False,122389.0,122689.0,121889.0,122389.0,120815,122389.0,122389.0,120815.0,122389.0,120815.0
YCR007C,YCR007C,3,gene,126011,126730,-,Uncharacterized,719,,126730.0,127030.0,126230.0,126730.0,126011,126730.0,,,126730.0,126011.0
YCR008W,SAT4,3,gene,128470,130281,+,Verified,1811,False,127708.0,128008.0,128008.0,128508.0,128008,130540.0,128008.0,130540.0,128008.0,130540.0
YCR009C,RVS161,3,gene,130745,131542,-,Verified,797,False,131624.0,131924.0,131124.0,131624.0,130647,131624.0,131624.0,130647.0,131624.0,130647.0
YCR010C,ADY2,3,gene,132273,133124,-,Verified,851,,133124.0,133424.0,132624.0,133124.0,132273,133124.0,,,133124.0,132273.0
YCR011C,ADP1,3,gene,133724,136873,-,Verified,3149,False,137025.0,137325.0,136525.0,137025.0,133668,137025.0,137025.0,133668.0,137025.0,133668.0
YCR012W,PGK1,3,gene,137746,138996,+,Verified,1250,False,137407.0,137707.0,137707.0,138207.0,137707,139155.0,137707.0,139155.0,137707.0,139155.0
YCR014C,POL4,3,gene,139185,140933,-,Verified,1748,,140933.0,141233.0,140433.0,140933.0,139185,140933.0,,,140933.0,139185.0
YCR015C,YCR015C,3,gene,141217,142170,-,Uncharacterized,953,False,142195.0,142495.0,141695.0,142195.0,141136,142195.0,142195.0,141136.0,142195.0,141136.0
YCR016W,YCR016W,3,gene,143634,144506,+,Uncharacterized,872,False,143309.0,143609.0,143609.0,144109.0,143609,144663.0,143609.0,144663.0,143609.0,144663.0
YCR017C,CWH43,3,gene,144773,147634,-,Verified,2861,False,147664.0,147964.0,147164.0,147664.0,144589,147664.0,147664.0,144589.0,147664.0,144589.0
YCR018C,SRD1,3,gene,148238,148903,-,Verified,665,False,148602.0,148902.0,148102.0,148602.0,148089,148602.0,148602.0,148089.0,148602.0,148089.0
YCR019W,MAK32,3,gene,152837,153928,+,Verified,1091,False,152412.0,152712.0,152712.0,153212.0,152712,154056.0,152712.0,154056.0,152712.0,154056.0
YCR020C,PET18,3,gene,154012,154659,-,Verified,647,,154659.0,154959.0,154159.0,154659.0,154012,154659.0,,,154659.0,154012.0
YCR020C-A,MAK31,3,gene,154830,155096,-,Verified,266,False,155115.0,155415.0,154615.0,155115.0,154681,155115.0,155115.0,154681.0,155115.0,154681.0
YCR020W-B,HTL1,3,gene,155320,155556,+,Verified,236,False,155011.0,155311.0,155311.0,155811.0,155311,155556.0,155311.0,,155311.0,155556.0
YCR021C,HSP30,3,gene,156109,157107,-,Verified,998,False,157208.0,157508.0,156708.0,157208.0,155931,157208.0,157208.0,155931.0,157208.0,155931.0
YCR023C,YCR023C,3,gene,158538,160373,-,Verified,1835,False,160464.0,160764.0,159964.0,160464.0,158298,160464.0,160464.0,158298.0,160464.0,158298.0
YCR024C,SLM5,3,gene,160744,162222,-,Verified,1478,,162222.0,162522.0,161722.0,162222.0,160744,162222.0,,,162222.0,160744.0
YCR024C-B,YCR024C-B,3,gene,162599,162865,-,Uncharacterized,266,,162865.0,163165.0,162365.0,162865.0,162599,162865.0,,,162865.0,162599.0
YCR024C-A,PMP1,3,gene,162945,163067,-,Verified,122,False,163259.0,163559.0,162759.0,163259.0,162632,163259.0,163259.0,162632.0,163259.0,162632.0
YCR026C,NPP1,3,gene,164111,166339,-,Verified,2228,False,166414.0,166714.0,165914.0,166414.0,163897,166414.0,166414.0,163897.0,166414.0,163897.0
YCR027C,RHB1,3,gene,167370,167999,-,Verified,629,False,168175.0,168475.0,167675.0,168175.0,167207,168175.0,168175.0,167207.0,168175.0,167207.0
YCR028C,FEN2,3,gene,170886,172424,-,Verified,1538,False,172543.0,172843.0,172043.0,172543.0,170632,172543.0,172543.0,170632.0,172543.0,170632.0
YCR028C-A,RIM1,3,gene,172950,173440,-,Verified,490,False,173481.0,173781.0,172981.0,173481.0,172759,173481.0,173481.0,172759.0,173481.0,172759.0
YCR030C,SYP1,3,gene,173826,176438,-,Verified,2612,False,176498.0,176798.0,175998.0,176498.0,173654,176498.0,176498.0,173654.0,176498.0,173654.0
YCR031C,RPS14A,3,gene,177500,178220,-,Verified,720,False,178262.0,178562.0,177762.0,178262.0,177400,178262.0,178262.0,177400.0,178262.0,177400.0
YCR032W,BPH1,3,gene,179520,186023,+,Verified,6503,False,179092.0,179392.0,179392.0,179892.0,179392,186145.0,179392.0,186145.0,179392.0,186145.0
YCR033W,SNT1,3,gene,186489,190169,+,Verified,3680,False,185989.0,186289.0,186289.0,186789.0,186289,190327.0,186289.0,190327.0,186289.0,190327.0
YCR034W,FEN1,3,gene,190592,191635,+,Verified,1043,False,190267.0,190567.0,190567.0,191067.0,190567,191803.0,190567.0,191803.0,190567.0,191803.0
YCR035C,RRP43,3,gene,191834,193018,-,Verified,1184,False,193029.0,193329.0,192529.0,193029.0,191690,193029.0,193029.0,191690.0,193029.0,191690.0
YCR036W,RBK1,3,gene,193297,194298,+,Verified,1001,False,192981.0,193281.0,193281.0,193781.0,193281,194385.0,193281.0,194385.0,193281.0,194385.0
YCR037C,PHO87,3,gene,194414,197185,-,Verified,2771,False,197217.0,197517.0,196717.0,197217.0,194324,197217.0,197217.0,194324.0,197217.0,194324.0
YCR038C,BUD5,3,gene,197621,199549,-,Verified,1928,,199549.0,199849.0,199049.0,199549.0,197621,199549.0,,,199549.0,197621.0
YCR039C,MATALPHA2,3,gene,199546,200178,-,Verified,632,False,200051.0,200351.0,199551.0,200051.0,199465,200051.0,200051.0,199465.0,200051.0,199465.0
YCR040W,MATALPHA1,3,gene,200442,200969,+,Verified,527,,200142.0,200442.0,200442.0,200942.0,200442,200969.0,,,200442.0,200969.0
YCR042C,TAF2,3,gene,201174,205397,-,Verified,4223,False,205421.0,205721.0,204921.0,205421.0,201056,205421.0,205421.0,201056.0,205421.0,201056.0
YCR043C,YCR043C,3,gene,206261,206644,-,Uncharacterized,383,False,206669.0,206969.0,206169.0,206669.0,206096,206669.0,206669.0,206096.0,206669.0,206096.0
YCR044C,PER1,3,gene,206877,207950,-,Verified,1073,False,207969.0,208269.0,207469.0,207969.0,206780,207969.0,207969.0,206780.0,207969.0,206780.0
YCR045C,RRT12,3,gene,208135,209610,-,Verified,1475,,209610.0,209910.0,209110.0,209610.0,208135,209610.0,,,209610.0,208135.0
YCR046C,IMG1,3,gene,209914,210423,-,Verified,509,False,210430.0,210730.0,209930.0,210430.0,209809,210430.0,210430.0,209809.0,210430.0,209809.0
YCR047C,BUD23,3,gene,210718,211545,-,Verified,827,False,211635.0,211935.0,211135.0,211635.0,210518,211635.0,211635.0,210518.0,211635.0,210518.0
YCR048W,ARE1,3,gene,211929,213761,+,Verified,1832,False,211586.0,211886.0,211886.0,212386.0,211886,213936.0,211886.0,213936.0,211886.0,213936.0
YCR050C,YCR050C,3,gene,213464,213772,-,Uncharacterized,308,,213772.0,214072.0,213272.0,213772.0,213464,213772.0,,,213772.0,213464.0
YCR051W,YCR051W,3,gene,214071,214739,+,Uncharacterized,668,False,213748.0,214048.0,214048.0,214548.0,214048,214872.0,214048.0,214872.0,214048.0,214872.0
YCR052W,RSC6,3,gene,214994,216445,+,Verified,1451,False,214660.0,214960.0,214960.0,215460.0,214960,216631.0,214960.0,216631.0,214960.0,216631.0
YCR053W,THR4,3,gene,216697,218241,+,Verified,1544,False,216357.0,216657.0,216657.0,217157.0,216657,218322.0,216657.0,218322.0,216657.0,218322.0
YCR054C,CTR86,3,gene,218376,220067,-,Verified,1691,False,220146.0,220446.0,219646.0,220146.0,218137,220146.0,220146.0,218137.0,220146.0,218137.0
YCR057C,PWP2,3,gene,220457,223228,-,Verified,2771,False,223291.0,223591.0,222791.0,223291.0,220345,223291.0,223291.0,220345.0,223291.0,220345.0
YCR059C,YIH1,3,gene,223454,224230,-,Verified,776,False,224248.0,224548.0,223748.0,224248.0,223274,224248.0,224248.0,223274.0,224248.0,223274.0
YCR060W,TAH1,3,gene,224399,224734,+,Verified,335,False,224087.0,224387.0,224387.0,224887.0,224387,224868.0,224387.0,224868.0,224387.0,224868.0
YCR061W,YCR061W,3,gene,225563,227458,+,Uncharacterized,1895,False,225206.0,225506.0,225506.0,226006.0,225506,227818.0,225506.0,227818.0,225506.0,227818.0
YCR063W,BUD31,3,gene,228318,228791,+,Verified,473,False,227981.0,228281.0,228281.0,228781.0,228281,228791.0,228281.0,,228281.0,228791.0
YCR065W,HCM1,3,gene,229310,231004,+,Verified,1694,False,228957.0,229257.0,229257.0,229757.0,229257,231353.0,229257.0,231353.0,229257.0,231353.0
YCR066W,RAD18,3,gene,231500,232963,+,Verified,1463,False,231151.0,231451.0,231451.0,231951.0,231451,233127.0,231451.0,233127.0,231451.0,233127.0
YCR067C,SED4,3,gene,233125,236322,-,Verified,3197,False,236430.0,236730.0,235930.0,236430.0,233029,236430.0,236430.0,233029.0,236430.0,233029.0
YCR068W,ATG15,3,gene,237214,238776,+,Verified,1562,False,236784.0,237084.0,237084.0,237584.0,237084,238776.0,237084.0,,237084.0,238776.0
YCR069W,CPR4,3,gene,239055,240011,+,Verified,956,False,238609.0,238909.0,238909.0,239409.0,238909,240131.0,238909.0,240131.0,238909.0,240131.0
YCR071C,IMG2,3,gene,240103,240543,-,Verified,440,False,240589.0,240889.0,240089.0,240589.0,240025,240589.0,240589.0,240025.0,240589.0,240025.0
YCR072C,RSA4,3,gene,240805,242352,-,Verified,1547,False,242379.0,242679.0,241879.0,242379.0,240725,242379.0,242379.0,240725.0,242379.0,240725.0
YCR073C,SSK22,3,gene,242588,246583,-,Verified,3995,False,246649.0,246949.0,246149.0,246649.0,242517,246649.0,246649.0,242517.0,246649.0,242517.0
YCR073W-A,SOL2,3,gene,246963,247910,+,Verified,947,False,246627.0,246927.0,246927.0,247427.0,246927,248025.0,246927.0,248025.0,246927.0,248025.0
YCR075C,ERS1,3,gene,248033,248815,-,Verified,782,False,248837.0,249137.0,248337.0,248837.0,247890,248837.0,248837.0,247890.0,248837.0,247890.0
YCR075W-A,YCR075W-A,3,gene,248975,249202,+,Uncharacterized,227,False,248682.0,248982.0,248982.0,249482.0,248982,249295.0,248982.0,249295.0,248982.0,249295.0
YCR076C,YCR076C,3,gene,249293,250045,-,Uncharacterized,752,False,250047.0,250347.0,249547.0,250047.0,249189,250047.0,250047.0,249189.0,250047.0,249189.0
YCR077C,PAT1,3,gene,250238,252628,-,Verified,2390,False,252662.0,252962.0,252162.0,252662.0,250101,252662.0,252662.0,250101.0,252662.0,250101.0
YCR079W,PTC6,3,gene,252845,254173,+,Verified,1328,False,252540.0,252840.0,252840.0,253340.0,252840,254300.0,252840.0,254300.0,252840.0,254300.0
YCR081W,SRB8,3,gene,254371,258654,+,Verified,4283,,254071.0,254371.0,254371.0,254871.0,254371,258654.0,,,254371.0,258654.0
YCR082W,AHC2,3,gene,258883,259269,+,Verified,386,False,258554.0,258854.0,258854.0,259354.0,258854,259363.0,258854.0,259363.0,258854.0,259363.0
YCR083W,TRX3,3,gene,259578,259961,+,Verified,383,False,259244.0,259544.0,259544.0,260044.0,259544,260078.0,259544.0,260078.0,259544.0,260078.0
YCR084C,TUP1,3,gene,260311,262452,-,Verified,2141,False,262678.0,262978.0,262178.0,262678.0,259973,262678.0,262678.0,259973.0,262678.0,259973.0
YCR086W,CSM1,3,gene,263392,263964,+,Verified,572,False,263049.0,263349.0,263349.0,263849.0,263349,264018.0,263349.0,264018.0,263349.0,264018.0
YCR087C-A,YCR087C-A,3,gene,264006,264467,-,Uncharacterized,461,False,264504.0,264804.0,264004.0,264504.0,263944,264504.0,264504.0,263944.0,264504.0,263944.0
YCR088W,ABP1,3,gene,265068,266846,+,Verified,1778,False,264731.0,265031.0,265031.0,265531.0,265031,266980.0,265031.0,266980.0,265031.0,266980.0
YCR089W,FIG2,3,gene,267434,272263,+,Verified,4829,False,266839.0,267139.0,267139.0,267639.0,267139,272323.0,267139.0,272323.0,267139.0,272323.0
YCR090C,YCR090C,3,gene,272315,272863,-,Uncharacterized,548,False,272892.0,273192.0,272392.0,272892.0,272249,272892.0,272892.0,272249.0,272892.0,272249.0
YCR091W,KIN82,3,gene,274404,276566,+,Verified,2162,,274104.0,274404.0,274404.0,274904.0,274404,276566.0,,,274404.0,276566.0
YCR092C,MSH3,3,gene,276764,279820,-,Verified,3056,False,279857.0,280157.0,279357.0,279857.0,276618,279857.0,279857.0,276618.0,279857.0,276618.0
YCR093W,CDC39,3,gene,280117,286443,+,Verified,6326,False,279788.0,280088.0,280088.0,280588.0,280088,286549.0,280088.0,286549.0,280088.0,286549.0
YCR094W,CDC50,3,gene,286762,287937,+,Verified,1175,False,286400.0,286700.0,286700.0,287200.0,286700,288212.0,286700.0,288212.0,286700.0,288212.0
YCR095C,OCA4,3,gene,288170,289258,-,Uncharacterized,1088,False,289297.0,289597.0,288797.0,289297.0,288115,289297.0,289297.0,288115.0,289297.0,288115.0
YCR095W-A,YCR095W-A,3,gene,289639,289797,+,Uncharacterized,158,False,289202.0,289502.0,289502.0,290002.0,289502,289797.0,289502.0,,289502.0,289797.0
YCR096C,HMRA2,3,gene,293179,293538,-,Verified%7Csilenced_gene,359,False,293681.0,293981.0,293181.0,293681.0,293096,293681.0,293681.0,293096.0,293681.0,293096.0
YCR097W,HMRA1,3,gene,293835,294321,+,Verified%7Csilenced_gene,486,False,293524.0,293824.0,293824.0,294324.0,293824,294339.0,293824.0,294339.0,293824.0,294339.0
YCR098C,GIT1,3,gene,297049,298605,-,Verified,1556,False,298580.0,298880.0,298080.0,298580.0,296796,298580.0,298580.0,296796.0,298580.0,296796.0
YCR099C,YCR099C,3,gene,300832,301299,-,Uncharacterized,467,,301299.0,301599.0,300799.0,301299.0,300832,301299.0,,,301299.0,300832.0
YCR100C,YCR100C,3,gene,301271,302221,-,Uncharacterized,950,,302221.0,302521.0,301721.0,302221.0,301271,302221.0,,,302221.0,301271.0
YCR101C,YCR101C,3,gene,302482,303030,-,Uncharacterized,548,False,303035.0,303335.0,302535.0,303035.0,302482,303035.0,303035.0,,303035.0,302482.0
YCR102C,YCR102C,3,gene,304361,305467,-,Uncharacterized,1106,False,305538.0,305838.0,305038.0,305538.0,304097,305538.0,305538.0,304097.0,305538.0,304097.0
YCR104W,PAU3,3,gene,307801,308175,+,Verified,374,False,307215.0,307515.0,307515.0,308015.0,307515,308175.0,307515.0,,307515.0,308175.0
YCR105W,ADH7,3,gene,309070,310155,+,Verified,1085,,308770.0,309070.0,309070.0,309570.0,309070,310155.0,,,309070.0,310155.0
YCR106W,RDS1,3,gene,310958,313456,+,Verified,2498,False,310629.0,310929.0,310929.0,311429.0,310929,313456.0,310929.0,,310929.0,313456.0
YCR107W,AAD3,3,gene,313890,314981,+,Verified,1091,,313590.0,313890.0,313890.0,314390.0,313890,314981.0,,,313890.0,314981.0
YCR108C,YCR108C,3,gene,315997,316188,-,Uncharacterized,191,,316188.0,316488.0,315688.0,316188.0,315997,316188.0,,,316188.0,315997.0
YDL248W,COS7,4,gene,1802,2953,+,Verified,1151,False,1493.0,1793.0,1793.0,2293.0,1793,2953.0,1793.0,,1793.0,2953.0
YDL247W,MPH2,4,gene,5985,7814,+,Verified,1829,,5685.0,5985.0,5985.0,6485.0,5985,7814.0,,,5985.0,7814.0
YDL246C,SOR2,4,gene,8683,9756,-,Uncharacterized,1073,,9756.0,10056.0,9256.0,9756.0,8683,9756.0,,,9756.0,8683.0
YDL245C,HXT15,4,gene,11657,13360,-,Verified,1703,,13360.0,13660.0,12860.0,13360.0,11657,13360.0,,,13360.0,11657.0
YDL244W,THI13,4,gene,16204,17226,+,Verified,1022,False,15641.0,15941.0,15941.0,16441.0,15941,17226.0,15941.0,,15941.0,17226.0
YDL243C,AAD4,4,gene,17577,18566,-,Verified,989,,18566.0,18866.0,18066.0,18566.0,17577,18566.0,,,18566.0,17577.0
YDL241W,YDL241W,4,gene,20635,21006,+,Uncharacterized,371,False,20254.0,20554.0,20554.0,21054.0,20554,21256.0,20554.0,21256.0,20554.0,21256.0
YDL240W,LRG1,4,gene,22823,25876,+,Verified,3053,False,22352.0,22652.0,22652.0,23152.0,22652,26120.0,22652.0,26120.0,22652.0,26120.0
YDL239C,ADY3,4,gene,26403,28775,-,Verified,2372,,28775.0,29075.0,28275.0,28775.0,26403,28775.0,,,28775.0,26403.0
YDL238C,GUD1,4,gene,28985,30454,-,Verified,1469,False,30483.0,30783.0,29983.0,30483.0,28920,30483.0,30483.0,28920.0,30483.0,28920.0
YDL237W,AIM6,4,gene,30657,31829,+,Verified,1172,False,30326.0,30626.0,30626.0,31126.0,30626,32013.0,30626.0,32013.0,30626.0,32013.0
YDL236W,PHO13,4,gene,32296,33234,+,Verified,938,False,31960.0,32260.0,32260.0,32760.0,32260,33417.0,32260.0,33417.0,32260.0,33417.0
YDL235C,YPD1,4,gene,33415,33918,-,Verified,503,False,34042.0,34342.0,33542.0,34042.0,33273,34042.0,34042.0,33273.0,34042.0,33273.0
YDL234C,GYP7,4,gene,34237,36477,-,Verified,2240,False,36615.0,36915.0,36115.0,36615.0,34201,36615.0,36615.0,34201.0,36615.0,34201.0
YDL233W,YDL233W,4,gene,36797,38173,+,Uncharacterized,1376,False,36475.0,36775.0,36775.0,37275.0,36775,38351.0,36775.0,38351.0,36775.0,38351.0
YDL232W,OST4,4,gene,38487,38597,+,Verified,110,False,38169.0,38469.0,38469.0,38969.0,38469,38856.0,38469.0,38856.0,38469.0,38856.0
YDL231C,BRE4,4,gene,38867,42244,-,Verified,3377,False,42356.0,42656.0,41856.0,42356.0,38808,42356.0,42356.0,38808.0,42356.0,38808.0
YDL230W,PTP1,4,gene,42700,43707,+,Verified,1007,False,42375.0,42675.0,42675.0,43175.0,42675,43744.0,42675.0,43744.0,42675.0,43744.0
YDL229W,SSB1,4,gene,44065,45906,+,Verified,1841,False,43736.0,44036.0,44036.0,44536.0,44036,46013.0,44036.0,46013.0,44036.0,46013.0
YDL227C,HO,4,gene,46271,48031,-,Verified,1760,False,48071.0,48371.0,47571.0,48071.0,46212,48071.0,48071.0,46212.0,48071.0,46212.0
YDL226C,GCS1,4,gene,51115,52173,-,Verified,1058,False,52197.0,52497.0,51697.0,52197.0,50886,52197.0,52197.0,50886.0,52197.0,50886.0
YDL225W,SHS1,4,gene,52445,54100,+,Verified,1655,False,52096.0,52396.0,52396.0,52896.0,52396,54186.0,52396.0,54186.0,52396.0,54186.0
YDL224C,WHI4,4,gene,54397,56346,-,Verified,1949,,56346.0,56646.0,55846.0,56346.0,54397,56346.0,,,56346.0,54397.0
YDL223C,HBT1,4,gene,57265,60405,-,Verified,3140,,60405.0,60705.0,59905.0,60405.0,57265,60405.0,,,60405.0,57265.0
YDL222C,FMP45,4,gene,60872,61801,-,Verified,929,,61801.0,62101.0,61301.0,61801.0,60872,61801.0,,,61801.0,60872.0
YDL220C,CDC13,4,gene,62244,65018,-,Verified,2774,False,65043.0,65343.0,64543.0,65043.0,62244,65043.0,65043.0,,65043.0,62244.0
YDL219W,DTD1,4,gene,65242,65765,+,Verified,523,False,64917.0,65217.0,65217.0,65717.0,65217,66036.0,65217.0,66036.0,65217.0,66036.0
YDL218W,YDL218W,4,gene,66493,67446,+,Uncharacterized,953,,66193.0,66493.0,66493.0,66993.0,66493,67446.0,,,66493.0,67446.0
YDL217C,TIM22,4,gene,67983,68606,-,Verified,623,False,68767.0,69067.0,68267.0,68767.0,67906,68767.0,68767.0,67906.0,68767.0,67906.0
YDL216C,RRI1,4,gene,68997,70319,-,Verified,1322,False,70315.0,70615.0,69815.0,70315.0,68884,70315.0,70315.0,68884.0,70315.0,68884.0
YDL215C,GDH2,4,gene,70640,73918,-,Verified,3278,False,74107.0,74407.0,73607.0,74107.0,70487,74107.0,74107.0,70487.0,74107.0,70487.0
YDL214C,PRR2,4,gene,74446,76545,-,Verified,2099,,76545.0,76845.0,76045.0,76545.0,74446,76545.0,,,76545.0,74446.0
YDL213C,NOP6,4,gene,77289,77966,-,Verified,677,False,77976.0,78276.0,77476.0,77976.0,77229,77976.0,77976.0,77229.0,77976.0,77229.0
YDL212W,SHR3,4,gene,78426,79058,+,Verified,632,False,78080.0,78380.0,78380.0,78880.0,78380,79207.0,78380.0,79207.0,78380.0,79207.0
YDL211C,YDL211C,4,gene,79294,80412,-,Uncharacterized,1118,False,80446.0,80746.0,79946.0,80446.0,79144,80446.0,80446.0,79144.0,80446.0,79144.0
YDL210W,UGA4,4,gene,84270,85985,+,Verified,1715,,83970.0,84270.0,84270.0,84770.0,84270,85985.0,,,84270.0,85985.0
YDL209C,CWC2,4,gene,86207,87226,-,Verified,1019,False,87249.0,87549.0,86749.0,87249.0,86012,87249.0,87249.0,86012.0,87249.0,86012.0
YDL208W,NHP2,4,gene,87512,87982,+,Verified,470,False,87168.0,87468.0,87468.0,87968.0,87468,88110.0,87468.0,88110.0,87468.0,88110.0
YDL207W,GLE1,4,gene,88248,89864,+,Verified,1616,False,87911.0,88211.0,88211.0,88711.0,88211,89945.0,88211.0,89945.0,88211.0,89945.0
YDL206W,YDL206W,4,gene,90176,92464,+,Uncharacterized,2288,False,89715.0,90015.0,90015.0,90515.0,90015,92491.0,90015.0,92491.0,90015.0,92491.0
YDL205C,HEM3,4,gene,92762,93745,-,Verified,983,False,93943.0,94243.0,93443.0,93943.0,92517,93943.0,93943.0,92517.0,93943.0,92517.0
YDL204W,RTN2,4,gene,94605,95786,+,Verified,1181,,94305.0,94605.0,94605.0,95105.0,94605,95786.0,,,94605.0,95786.0
YDL203C,ACK1,4,gene,96082,97953,-,Verified,1871,False,98153.0,98453.0,97653.0,98153.0,95823,98153.0,98153.0,95823.0,98153.0,95823.0
YDL202W,MRPL11,4,gene,98475,99224,+,Verified,749,False,98122.0,98422.0,98422.0,98922.0,98422,99371.0,98422.0,99371.0,98422.0,99371.0
YDL201W,TRM8,4,gene,99561,100421,+,Verified,860,False,99194.0,99494.0,99494.0,99994.0,99494,100505.0,99494.0,100505.0,99494.0,100505.0
YDL200C,MGT1,4,gene,100501,101067,-,Verified,566,False,101104.0,101404.0,100604.0,101104.0,100432,101104.0,101104.0,100432.0,101104.0,100432.0
YDL199C,YDL199C,4,gene,101290,103353,-,Uncharacterized,2063,,103353.0,103653.0,102853.0,103353.0,101290,103353.0,,,103353.0,101290.0
YDL198C,GGC1,4,gene,103649,104551,-,Verified,902,False,104657.0,104957.0,104157.0,104657.0,103528,104657.0,104657.0,103528.0,104657.0,103528.0
YDL197C,ASF2,4,gene,104917,106494,-,Verified,1577,False,106509.0,106809.0,106009.0,106509.0,104743,106509.0,106509.0,104743.0,106509.0,104743.0
YDL195W,SEC31,4,gene,107208,111029,+,Verified,3821,False,106790.0,107090.0,107090.0,107590.0,107090,111216.0,107090.0,111216.0,107090.0,111216.0
YDL194W,SNF3,4,gene,111580,114234,+,Verified,2654,False,111077.0,111377.0,111377.0,111877.0,111377,114402.0,111377.0,114402.0,111377.0,114402.0
YDL193W,NUS1,4,gene,114672,115799,+,Verified,1127,False,114306.0,114606.0,114606.0,115106.0,114606,116000.0,114606.0,116000.0,114606.0,116000.0
YDL192W,ARF1,4,gene,116321,116866,+,Verified,545,False,115985.0,116285.0,116285.0,116785.0,116285,117021.0,116285.0,117021.0,116285.0,117021.0
YDL191W,RPL35A,4,gene,117664,118517,+,Verified,853,False,117306.0,117606.0,117606.0,118106.0,117606,118617.0,117606.0,118617.0,117606.0,118617.0
YDL190C,UFD2,4,gene,118707,121592,-,Verified,2885,False,121788.0,122088.0,121288.0,121788.0,118656,121788.0,121788.0,118656.0,121788.0,118656.0
YDL189W,RBS1,4,gene,122078,123589,+,Verified,1511,False,121727.0,122027.0,122027.0,122527.0,122027,123684.0,122027.0,123684.0,122027.0,123684.0
YDL188C,PPH22,4,gene,123865,124998,-,Verified,1133,False,125181.0,125481.0,124681.0,125181.0,123712,125181.0,125181.0,123712.0,125181.0,123712.0
YDL186W,YDL186W,4,gene,125616,126449,+,Uncharacterized,833,,125316.0,125616.0,125616.0,126116.0,125616,126449.0,,,125616.0,126449.0
YDL185W,VMA1,4,gene,126787,130002,+,Verified,3215,False,126390.0,126690.0,126690.0,127190.0,126690,130108.0,126690.0,130108.0,126690.0,130108.0
YDL184C,RPL41A,4,gene,130407,130484,-,Verified,77,False,130507.0,130807.0,130007.0,130507.0,130198,130507.0,130507.0,130198.0,130507.0,130198.0
YDL183C,YDL183C,4,gene,130871,131833,-,Verified,962,False,131908.0,132208.0,131408.0,131908.0,130732,131908.0,131908.0,130732.0,131908.0,130732.0
YDL182W,LYS20,4,gene,133437,134723,+,Verified,1286,False,133112.0,133412.0,133412.0,133912.0,133412,134816.0,133412.0,134816.0,133412.0,134816.0
YDL181W,INH1,4,gene,135179,135436,+,Verified,257,False,134717.0,135017.0,135017.0,135517.0,135017,135545.0,135017.0,135545.0,135017.0,135545.0
YDL180W,YDL180W,4,gene,135896,137539,+,Uncharacterized,1643,False,135471.0,135771.0,135771.0,136271.0,135771,137584.0,135771.0,137584.0,135771.0,137584.0
YDL179W,PCL9,4,gene,138291,139205,+,Verified,914,False,137897.0,138197.0,138197.0,138697.0,138197,139358.0,138197.0,139358.0,138197.0,139358.0
YDL178W,DLD2,4,gene,139522,141114,+,Verified,1592,False,139206.0,139506.0,139506.0,140006.0,139506,141178.0,139506.0,141178.0,139506.0,141178.0
YDL177C,YDL177C,4,gene,141209,141721,-,Uncharacterized,512,False,141774.0,142074.0,141274.0,141774.0,141120,141774.0,141774.0,141120.0,141774.0,141120.0
YDL176W,YDL176W,4,gene,142097,144223,+,Verified,2126,False,141672.0,141972.0,141972.0,142472.0,141972,144339.0,141972.0,144339.0,141972.0,144339.0
YDL175C,AIR2,4,gene,144484,145518,-,Verified,1034,False,145543.0,145843.0,145043.0,145543.0,144267,145543.0,145543.0,144267.0,145543.0,144267.0
YDL174C,DLD1,4,gene,145826,147589,-,Verified,1763,False,147692.0,147992.0,147192.0,147692.0,145735,147692.0,147692.0,145735.0,147692.0,145735.0
YDL173W,PAR32,4,gene,148191,149078,+,Verified,887,False,147843.0,148143.0,148143.0,148643.0,148143,149205.0,148143.0,149205.0,148143.0,149205.0
YDL171C,GLT1,4,gene,149203,155640,-,Verified,6437,False,155897.0,156197.0,155397.0,155897.0,149074,155897.0,155897.0,149074.0,155897.0,149074.0
YDL170W,UGA3,4,gene,156318,157904,+,Verified,1586,False,155991.0,156291.0,156291.0,156791.0,156291,158036.0,156291.0,158036.0,156291.0,158036.0
YDL169C,UGX2,4,gene,158064,158735,-,Verified,671,,158735.0,159035.0,158235.0,158735.0,158064,158735.0,,,158735.0,158064.0
YDL168W,SFA1,4,gene,159604,160764,+,Verified,1160,False,159249.0,159549.0,159549.0,160049.0,159549,160817.0,159549.0,160817.0,159549.0,160817.0
YDL167C,NRP1,4,gene,160995,163154,-,Verified,2159,False,163198.0,163498.0,162698.0,163198.0,160817,163198.0,163198.0,160817.0,163198.0,160817.0
YDL166C,FAP7,4,gene,163449,164042,-,Verified,593,False,164097.0,164397.0,163597.0,164097.0,163388,164097.0,164097.0,163388.0,164097.0,163388.0
YDL165W,CDC36,4,gene,164290,164865,+,Verified,575,False,163929.0,164229.0,164229.0,164729.0,164229,164906.0,164229.0,164906.0,164229.0,164906.0
YDL164C,CDC9,4,gene,164987,167254,-,Verified,2267,False,167306.0,167606.0,166806.0,167306.0,164827,167306.0,167306.0,164827.0,167306.0,164827.0
YDL161W,ENT1,4,gene,167714,169078,+,Verified,1364,False,167399.0,167699.0,167699.0,168199.0,167699,169183.0,167699.0,169183.0,167699.0,169183.0
YDL160C-A,YDL160C-A,4,gene,169366,169608,-,Uncharacterized,242,False,169637.0,169937.0,169137.0,169637.0,169108,169637.0,169637.0,169108.0,169637.0,169108.0
YDL160C,DHH1,4,gene,170410,171930,-,Verified,1520,False,172215.0,172515.0,171715.0,172215.0,170233,172215.0,172215.0,170233.0,172215.0,170233.0
YDL159W-A,YDL159W-A,4,gene,172182,172313,+,Uncharacterized,131,,171882.0,172182.0,172182.0,172682.0,172182,172313.0,,,172182.0,172313.0
YDL159W,STE7,4,gene,172481,174028,+,Verified,1547,False,172136.0,172436.0,172436.0,172936.0,172436,174225.0,172436.0,174225.0,172436.0,174225.0
YDL157C,YDL157C,4,gene,174232,174588,-,Uncharacterized,356,False,174604.0,174904.0,174104.0,174604.0,174073,174604.0,174604.0,174073.0,174604.0,174073.0
YDL156W,YDL156W,4,gene,174918,176486,+,Uncharacterized,1568,False,174525.0,174825.0,174825.0,175325.0,174825,176486.0,174825.0,,174825.0,176486.0
YDL155W,CLB3,4,gene,176773,178056,+,Verified,1283,False,176334.0,176634.0,176634.0,177134.0,176634,178195.0,176634.0,178195.0,176634.0,178195.0
YDL154W,MSH5,4,gene,178334,181039,+,Verified,2705,,178034.0,178334.0,178334.0,178834.0,178334,181039.0,,,178334.0,181039.0
YDL153C,SAS10,4,gene,181186,183018,-,Verified,1832,False,183045.0,183345.0,182545.0,183045.0,181046,183045.0,183045.0,181046.0,183045.0,181046.0
YDL150W,RPC53,4,gene,183343,184611,+,Verified,1268,False,182933.0,183233.0,183233.0,183733.0,183233,184686.0,183233.0,184686.0,183233.0,184686.0
YDL149W,ATG9,4,gene,184925,187918,+,Verified,2993,False,184581.0,184881.0,184881.0,185381.0,184881,188019.0,184881.0,188019.0,184881.0,188019.0
YDL148C,NOP14,4,gene,188154,190586,-,Verified,2432,False,190617.0,190917.0,190117.0,190617.0,187951,190617.0,190617.0,187951.0,190617.0,187951.0
YDL147W,RPN5,4,gene,190924,192261,+,Verified,1337,False,190574.0,190874.0,190874.0,191374.0,190874,192408.0,190874.0,192408.0,190874.0,192408.0
YDL146W,LDB17,4,gene,192750,194225,+,Verified,1475,False,192268.0,192568.0,192568.0,193068.0,192568,194285.0,192568.0,194285.0,192568.0,194285.0
YDL145C,COP1,4,gene,194571,198176,-,Verified,3605,False,198432.0,198732.0,197932.0,198432.0,194410,198432.0,198432.0,194410.0,198432.0,194410.0
YDL144C,YDL144C,4,gene,198662,199732,-,Uncharacterized,1070,False,199743.0,200043.0,199243.0,199743.0,198571,199743.0,199743.0,198571.0,199743.0,198571.0
YDL143W,CCT4,4,gene,199996,201582,+,Verified,1586,False,199662.0,199962.0,199962.0,200462.0,199962,201681.0,199962.0,201681.0,199962.0,201681.0
YDL142C,CRD1,4,gene,201719,202570,-,Verified,851,False,202635.0,202935.0,202135.0,202635.0,201593,202635.0,202635.0,201593.0,202635.0,201593.0
YDL141W,BPL1,4,gene,203039,205111,+,Verified,2072,False,202501.0,202801.0,202801.0,203301.0,202801,205375.0,202801.0,205375.0,202801.0,205375.0
YDL140C,RPO21,4,gene,205360,210561,-,Verified,5201,False,211105.0,211405.0,210605.0,211105.0,205240,211105.0,211105.0,205240.0,211105.0,205240.0
YDL139C,SCM3,4,gene,211375,212046,-,Verified,671,False,212078.0,212378.0,211578.0,212078.0,211233,212078.0,212078.0,211233.0,212078.0,211233.0
YDL138W,RGT2,4,gene,213351,215642,+,Verified,2291,False,212876.0,213176.0,213176.0,213676.0,213176,215719.0,213176.0,215719.0,213176.0,215719.0
YDL137W,ARF2,4,gene,216158,217074,+,Verified,916,False,215738.0,216038.0,216038.0,216538.0,216038,217227.0,216038.0,217227.0,216038.0,217227.0
YDL136W,RPL35B,4,gene,217600,218367,+,Verified,767,False,217236.0,217536.0,217536.0,218036.0,217536,218456.0,217536.0,218456.0,217536.0,218456.0
YDL135C,RDI1,4,gene,218680,219288,-,Verified,608,False,219334.0,219634.0,218834.0,219334.0,218591,219334.0,219334.0,218591.0,219334.0,218591.0
YDL134C,PPH21,4,gene,219662,220771,-,Verified,1109,False,221284.0,221584.0,220784.0,221284.0,219556,221284.0,221284.0,219556.0,221284.0,219556.0
YDL133C-A,RPL41B,4,gene,221724,221801,-,Verified,77,False,221820.0,222120.0,221320.0,221820.0,221524,221820.0,221820.0,221524.0,221820.0,221524.0
YDL133W,YDL133W,4,gene,222427,223740,+,Uncharacterized,1313,False,221993.0,222293.0,222293.0,222793.0,222293,223782.0,222293.0,223782.0,222293.0,223782.0
YDL132W,CDC53,4,gene,224304,226751,+,Verified,2447,False,223691.0,223991.0,223991.0,224491.0,223991,226914.0,223991.0,226914.0,223991.0,226914.0
YDL131W,LYS21,4,gene,227393,228715,+,Verified,1322,False,227058.0,227358.0,227358.0,227858.0,227358,228818.0,227358.0,228818.0,227358.0,228818.0
YDL130W-A,STF1,4,gene,229171,229431,+,Verified,260,False,228796.0,229096.0,229096.0,229596.0,229096,229590.0,229096.0,229590.0,229096.0,229590.0
YDL130W,RPP1B,4,gene,229906,230527,+,Verified,621,False,229571.0,229871.0,229871.0,230371.0,229871,230621.0,229871.0,230621.0,229871.0,230621.0
YDL129W,YDL129W,4,gene,231024,231899,+,Uncharacterized,875,False,230573.0,230873.0,230873.0,231373.0,230873,231899.0,230873.0,,230873.0,231899.0
YDL128W,VCX1,4,gene,232652,233887,+,Verified,1235,False,232292.0,232592.0,232592.0,233092.0,232592,234061.0,232592.0,234061.0,232592.0,234061.0
YDL127W,PCL2,4,gene,234927,235853,+,Verified,926,False,234557.0,234857.0,234857.0,235357.0,234857,236021.0,234857.0,236021.0,234857.0,236021.0
YDL126C,CDC48,4,gene,236157,238664,-,Verified,2507,False,238715.0,239015.0,238215.0,238715.0,236082,238715.0,238715.0,236082.0,238715.0,236082.0
YDL125C,HNT1,4,gene,239019,239606,-,Verified,587,False,239599.0,239899.0,239099.0,239599.0,238907,239599.0,239599.0,238907.0,239599.0,238907.0
YDL124W,YDL124W,4,gene,240259,241197,+,Verified,938,False,239915.0,240215.0,240215.0,240715.0,240215,241270.0,240215.0,241270.0,240215.0,241270.0
YDL123W,SNA4,4,gene,241418,241840,+,Verified,422,False,241106.0,241406.0,241406.0,241906.0,241406,241840.0,241406.0,,241406.0,241840.0
YDL122W,UBP1,4,gene,242552,244981,+,Verified,2429,,242252.0,242552.0,242552.0,243052.0,242552,244981.0,,,242552.0,244981.0
YDL121C,YDL121C,4,gene,245133,245582,-,Uncharacterized,449,False,245594.0,245894.0,245094.0,245594.0,244934,245594.0,245594.0,244934.0,245594.0,244934.0
YDL120W,YFH1,4,gene,245923,246447,+,Verified,524,False,245544.0,245844.0,245844.0,246344.0,245844,246602.0,245844.0,246602.0,245844.0,246602.0
YDL119C,YDL119C,4,gene,246689,247612,-,Uncharacterized,923,,247612.0,247912.0,247112.0,247612.0,246689,247612.0,,,247612.0,246689.0
YDL118W,YDL118W,4,gene,247302,247682,+,Uncharacterized,380,,247002.0,247302.0,247302.0,247802.0,247302,247682.0,,,247302.0,247682.0
YDL117W,CYK3,4,gene,248581,251238,+,Verified,2657,False,247961.0,248261.0,248261.0,248761.0,248261,251373.0,248261.0,251373.0,248261.0,251373.0
YDL116W,NUP84,4,gene,251566,253746,+,Verified,2180,False,251200.0,251500.0,251500.0,252000.0,251500,253846.0,251500.0,253846.0,251500.0,253846.0
YDL115C,IWR1,4,gene,253995,255126,-,Verified,1131,False,255169.0,255469.0,254669.0,255169.0,253904,255169.0,255169.0,253904.0,255169.0,253904.0
YDL114W,YDL114W,4,gene,255604,256530,+,Uncharacterized,926,,255304.0,255604.0,255604.0,256104.0,255604,256530.0,,,255604.0,256530.0
YDL113C,ATG20,4,gene,256633,258555,-,Verified,1922,False,258642.0,258942.0,258142.0,258642.0,256538,258642.0,258642.0,256538.0,258642.0,256538.0
YDL112W,TRM3,4,gene,258915,263225,+,Verified,4310,False,258536.0,258836.0,258836.0,259336.0,258836,263335.0,258836.0,263335.0,258836.0,263335.0
YDL111C,RRP42,4,gene,263313,264110,-,Verified,797,False,264172.0,264472.0,263672.0,264172.0,263269,264172.0,264172.0,263269.0,264172.0,263269.0
YDL110C,TMA17,4,gene,264512,264964,-,Verified,452,False,265022.0,265322.0,264522.0,265022.0,264409,265022.0,265022.0,264409.0,265022.0,264409.0
YDL109C,YDL109C,4,gene,265258,267201,-,Uncharacterized,1943,,267201.0,267501.0,266701.0,267201.0,265258,267201.0,,,267201.0,265258.0
YDL108W,KIN28,4,gene,267698,268699,+,Verified,1001,False,267376.0,267676.0,267676.0,268176.0,267676,268786.0,267676.0,268786.0,267676.0,268786.0
YDL107W,MSS2,4,gene,268921,269976,+,Verified,1055,False,268601.0,268901.0,268901.0,269401.0,268901,270127.0,268901.0,270127.0,268901.0,270127.0
YDL106C,PHO2,4,gene,270222,271901,-,Verified,1679,False,271966.0,272266.0,271466.0,271966.0,270095,271966.0,271966.0,270095.0,271966.0,270095.0
YDL105W,NSE4,4,gene,272389,273597,+,Verified,1208,False,272049.0,272349.0,272349.0,272849.0,272349,273757.0,272349.0,273757.0,272349.0,273757.0
YDL104C,QRI7,4,gene,273653,274876,-,Verified,1223,False,274898.0,275198.0,274398.0,274898.0,273570,274898.0,274898.0,273570.0,274898.0,273570.0
YDL103C,QRI1,4,gene,275148,276581,-,Verified,1433,False,276655.0,276955.0,276155.0,276655.0,275056,276655.0,276655.0,275056.0,276655.0,275056.0
YDL102W,POL3,4,gene,276872,280165,+,Verified,3293,False,276481.0,276781.0,276781.0,277281.0,276781,280289.0,276781.0,280289.0,276781.0,280289.0
YDL101C,DUN1,4,gene,280307,281848,-,Verified,1541,False,281910.0,282210.0,281410.0,281910.0,280199,281910.0,281910.0,280199.0,281910.0,280199.0
YDL100C,GET3,4,gene,282112,283176,-,Verified,1064,False,283213.0,283513.0,282713.0,283213.0,282037,283213.0,283213.0,282037.0,283213.0,282037.0
YDL099W,BUG1,4,gene,283419,284444,+,Verified,1025,False,283100.0,283400.0,283400.0,283900.0,283400,284533.0,283400.0,284533.0,283400.0,284533.0
YDL098C,SNU23,4,gene,284581,285165,-,Verified,584,False,285167.0,285467.0,284667.0,285167.0,284444,285167.0,285167.0,284444.0,285167.0,284444.0
YDL097C,RPN6,4,gene,285391,286695,-,Verified,1304,False,286728.0,287028.0,286228.0,286728.0,285294,286728.0,286728.0,285294.0,286728.0,285294.0
YDL095W,PMT1,4,gene,287059,289512,+,Verified,2453,False,286680.0,286980.0,286980.0,287480.0,286980,289608.0,286980.0,289608.0,286980.0,289608.0
YDL093W,PMT5,4,gene,289909,292140,+,Verified,2231,False,289585.0,289885.0,289885.0,290385.0,289885,292421.0,289885.0,292421.0,289885.0,292421.0
YDL092W,SRP14,4,gene,292781,293221,+,Verified,440,False,292459.0,292759.0,292759.0,293259.0,292759,293358.0,292759.0,293358.0,292759.0,293358.0
YDL091C,UBX3,4,gene,293392,294759,-,Verified,1367,False,294856.0,295156.0,294356.0,294856.0,293299,294856.0,294856.0,293299.0,294856.0,293299.0
YDL090C,RAM1,4,gene,295034,296329,-,Verified,1295,False,296316.0,296616.0,295816.0,296316.0,294962,296316.0,296316.0,294962.0,296316.0,294962.0
YDL089W,NUR1,4,gene,296820,298274,+,Verified,1454,False,296195.0,296495.0,296495.0,296995.0,296495,298383.0,296495.0,298383.0,296495.0,298383.0
YDL088C,ASM4,4,gene,298417,300003,-,Verified,1586,False,300132.0,300432.0,299632.0,300132.0,298264,300132.0,300132.0,298264.0,300132.0,298264.0
YDL087C,LUC7,4,gene,300214,300999,-,Verified,785,False,301016.0,301316.0,300516.0,301016.0,300053,301016.0,301016.0,300053.0,301016.0,300053.0
YDL086W,YDL086W,4,gene,301413,302234,+,Uncharacterized,821,False,301109.0,301409.0,301409.0,301909.0,301409,302302.0,301409.0,302302.0,301409.0,302302.0
YDL085C-A,YDL085C-A,4,gene,302464,302670,-,Uncharacterized,206,False,302730.0,303030.0,302230.0,302730.0,302224,302730.0,302730.0,302224.0,302730.0,302224.0
YDL085W,NDE2,4,gene,303211,304848,+,Verified,1637,,302911.0,303211.0,303211.0,303711.0,303211,304848.0,,,303211.0,304848.0
YDL084W,SUB2,4,gene,305237,306577,+,Verified,1340,False,304822.0,305122.0,305122.0,305622.0,305122,306665.0,305122.0,306665.0,305122.0,306665.0
YDL083C,RPS16B,4,gene,306926,307789,-,Verified,863,False,307820.0,308120.0,307320.0,307820.0,306797,307820.0,307820.0,306797.0,307820.0,306797.0
YDL082W,RPL13A,4,gene,308424,309388,+,Verified,964,False,308053.0,308353.0,308353.0,308853.0,308353,309531.0,308353.0,309531.0,308353.0,309531.0
YDL081C,RPP1A,4,gene,309802,310122,-,Verified,320,False,310189.0,310489.0,309689.0,310189.0,309695,310189.0,310189.0,309695.0,310189.0,309695.0
YDL080C,THI3,4,gene,310642,312471,-,Verified,1829,False,312681.0,312981.0,312181.0,312681.0,310475,312681.0,312681.0,310475.0,312681.0,310475.0
YDL079C,MRK1,4,gene,312951,314748,-,Verified,1797,False,314983.0,315283.0,314483.0,314983.0,312824,314983.0,314983.0,312824.0,314983.0,312824.0
YDL078C,MDH3,4,gene,315357,316388,-,Verified,1031,False,316461.0,316761.0,315961.0,316461.0,315274,316461.0,316461.0,315274.0,316461.0,315274.0
YDL077C,VAM6,4,gene,316971,320120,-,Verified,3149,False,320291.0,320591.0,319791.0,320291.0,316857,320291.0,320291.0,316857.0,320291.0,316857.0
YDL076C,RXT3,4,gene,320668,321552,-,Verified,884,False,321676.0,321976.0,321176.0,321676.0,320410,321676.0,321676.0,320410.0,321676.0,320410.0
YDL075W,RPL31A,4,gene,322226,322988,+,Verified,762,False,321896.0,322196.0,322196.0,322696.0,322196,323056.0,322196.0,323056.0,322196.0,323056.0
YDL074C,BRE1,4,gene,324047,326149,-,Verified,2102,False,326222.0,326522.0,325722.0,326222.0,323954,326222.0,326222.0,323954.0,326222.0,323954.0
YDL073W,YDL073W,4,gene,326613,329567,+,Uncharacterized,2954,False,326134.0,326434.0,326434.0,326934.0,326434,329624.0,326434.0,329624.0,326434.0,329624.0
YDL072C,YET3,4,gene,329836,330447,-,Verified,611,False,330519.0,330819.0,330019.0,330519.0,329749,330519.0,330519.0,329749.0,330519.0,329749.0
YDL070W,BDF2,4,gene,331024,332940,+,Verified,1916,False,330693.0,330993.0,330993.0,331493.0,330993,333098.0,330993.0,333098.0,330993.0,333098.0
YDL069C,CBS1,4,gene,333121,333810,-,Verified,689,False,333643.0,333943.0,333143.0,333643.0,333004,333643.0,333643.0,333004.0,333643.0,333004.0
YDL067C,COX9,4,gene,334217,334396,-,Verified,179,False,334443.0,334743.0,333943.0,334443.0,333984,334443.0,334443.0,333984.0,334443.0,333984.0
YDL066W,IDP1,4,gene,334835,336121,+,Verified,1286,False,334519.0,334819.0,334819.0,335319.0,334819,336220.0,334819.0,336220.0,334819.0,336220.0
YDL065C,PEX19,4,gene,336249,337277,-,Verified,1028,False,337319.0,337619.0,336819.0,337319.0,336218,337319.0,337319.0,336218.0,337319.0,336218.0
YDL064W,UBC9,4,gene,337487,338070,+,Verified,583,False,337148.0,337448.0,337448.0,337948.0,337448,338171.0,337448.0,338171.0,337448.0,338171.0
YDL063C,YDL063C,4,gene,338272,340134,-,Verified,1862,False,340203.0,340503.0,339703.0,340203.0,338129,340203.0,340203.0,338129.0,340203.0,338129.0
YDL061C,RPS29B,4,gene,340628,341219,-,Verified,591,False,341216.0,341516.0,340716.0,341216.0,340462,341216.0,341216.0,340462.0,341216.0,340462.0
YDL060W,TSR1,4,gene,341619,343985,+,Verified,2366,False,341300.0,341600.0,341600.0,342100.0,341600,344125.0,341600.0,344125.0,341600.0,344125.0
YDL059C,RAD59,4,gene,344237,344953,-,Verified,716,False,345067.0,345367.0,344567.0,345067.0,343973,345067.0,345067.0,343973.0,345067.0,343973.0
YDL058W,USO1,4,gene,345665,351037,+,Verified,5372,False,345286.0,345586.0,345586.0,346086.0,345586,351191.0,345586.0,351191.0,345586.0,351191.0
YDL057W,YDL057W,4,gene,351434,352420,+,Uncharacterized,986,False,351088.0,351388.0,351388.0,351888.0,351388,352462.0,351388.0,352462.0,351388.0,352462.0
YDL056W,MBP1,4,gene,352877,355378,+,Verified,2501,False,352463.0,352763.0,352763.0,353263.0,352763,355454.0,352763.0,355454.0,352763.0,355454.0
YDL055C,PSA1,4,gene,355674,356759,-,Verified,1085,False,356909.0,357209.0,356409.0,356909.0,355432,356909.0,356909.0,355432.0,356909.0,355432.0
YDL054C,MCH1,4,gene,359825,361285,-,Verified,1460,False,361372.0,361672.0,360872.0,361372.0,359743,361372.0,361372.0,359743.0,361372.0,359743.0
YDL053C,PBP4,4,gene,361699,362256,-,Verified,557,False,362455.0,362755.0,361955.0,362455.0,361510,362455.0,362455.0,361510.0,362455.0,361510.0
YDL052C,SLC1,4,gene,362672,363583,-,Verified,911,False,363620.0,363920.0,363120.0,363620.0,362583,363620.0,363620.0,362583.0,363620.0,362583.0
YDL051W,LHP1,4,gene,363952,364779,+,Verified,827,False,363611.0,363911.0,363911.0,364411.0,363911,364892.0,363911.0,364892.0,363911.0,364892.0
YDL049C,KNH1,4,gene,365068,365874,-,Verified,806,False,366052.0,366352.0,365552.0,366052.0,365068,366052.0,366052.0,,366052.0,365068.0
YDL048C,STP4,4,gene,366739,368211,-,Verified,1472,,368211.0,368511.0,367711.0,368211.0,366739,368211.0,,,368211.0,366739.0
YDL047W,SIT4,4,gene,369771,370706,+,Verified,935,False,369267.0,369567.0,369567.0,370067.0,369567,371029.0,369567.0,371029.0,369567.0,371029.0
YDL046W,NPC2,4,gene,371240,371761,+,Verified,521,False,370874.0,371174.0,371174.0,371674.0,371174,372039.0,371174.0,372039.0,371174.0,372039.0
YDL045W-A,MRP10,4,gene,372248,372535,+,Verified,287,False,371905.0,372205.0,372205.0,372705.0,372205,372657.0,372205.0,372657.0,372205.0,372657.0
YDL045C,FAD1,4,gene,372688,373608,-,Verified,920,False,373745.0,374045.0,373245.0,373745.0,372562,373745.0,373745.0,372562.0,373745.0,372562.0
YDL044C,MTF2,4,gene,373967,375289,-,Verified,1322,False,375295.0,375595.0,374795.0,375295.0,373888,375295.0,375295.0,373888.0,375295.0,373888.0
YDL043C,PRP11,4,gene,375680,376480,-,Verified,800,False,376534.0,376834.0,376034.0,376534.0,375608,376534.0,376534.0,375608.0,376534.0,375608.0
YDL042C,SIR2,4,gene,376757,378445,-,Verified,1688,False,378506.0,378806.0,378006.0,378506.0,376644,378506.0,378506.0,376644.0,378506.0,376644.0
YDL040C,NAT1,4,gene,378874,381438,-,Verified,2564,False,381466.0,381766.0,380966.0,381466.0,378763,381466.0,381466.0,378763.0,381466.0,378763.0
YDL039C,PRM7,4,gene,381985,384081,-,Verified,2096,,384081.0,384381.0,383581.0,384081.0,381985,384081.0,,,384081.0,381985.0
YDL037C,BSC1,4,gene,384601,385587,-,Verified,986,False,385766.0,386066.0,385266.0,385766.0,384601,385766.0,385766.0,,385766.0,384601.0
YDL036C,PUS9,4,gene,387513,388901,-,Verified,1388,False,388882.0,389182.0,388382.0,388882.0,387377,388882.0,388882.0,387377.0,388882.0,387377.0
YDL035C,GPR1,4,gene,389172,392057,-,Verified,2885,False,392342.0,392642.0,391842.0,392342.0,389038,392342.0,392342.0,389038.0,392342.0,389038.0
YDL033C,SLM3,4,gene,392659,393912,-,Verified,1253,False,393960.0,394260.0,393460.0,393960.0,392407,393960.0,393960.0,392407.0,393960.0,392407.0
YDL031W,DBP10,4,gene,394217,397204,+,Verified,2987,False,393865.0,394165.0,394165.0,394665.0,394165,397293.0,394165.0,397293.0,394165.0,397293.0
YDL030W,PRP9,4,gene,397537,399129,+,Verified,1592,False,397159.0,397459.0,397459.0,397959.0,397459,399221.0,397459.0,399221.0,397459.0,399221.0
YDL029W,ARP2,4,gene,399340,400638,+,Verified,1298,False,399013.0,399313.0,399313.0,399813.0,399313,400762.0,399313.0,400762.0,399313.0,400762.0
YDL028C,MPS1,4,gene,400997,403291,-,Verified,2294,False,403416.0,403716.0,402916.0,403416.0,400833,403416.0,403416.0,400833.0,403416.0,400833.0
YDL027C,YDL027C,4,gene,403695,404957,-,Uncharacterized,1262,False,405004.0,405304.0,404504.0,405004.0,403688,405004.0,405004.0,403688.0,405004.0,403688.0
YDL025C,RTK1,4,gene,405344,407206,-,Verified,1862,False,407417.0,407717.0,406917.0,407417.0,405152,407417.0,407417.0,405152.0,407417.0,405152.0
YDL024C,DIA3,4,gene,408451,409857,-,Verified,1406,,409857.0,410157.0,409357.0,409857.0,408451,409857.0,,,409857.0,408451.0
YDL022W,GPD1,4,gene,411825,413000,+,Verified,1175,False,411461.0,411761.0,411761.0,412261.0,411761,413157.0,411761.0,413157.0,411761.0,413157.0
YDL021W,GPM2,4,gene,413953,414888,+,Verified,935,False,413619.0,413919.0,413919.0,414419.0,413919,415125.0,413919.0,415125.0,413919.0,415125.0
YDL020C,RPN4,4,gene,415113,416708,-,Verified,1595,False,416953.0,417253.0,416453.0,416953.0,415068,416953.0,416953.0,415068.0,416953.0,415068.0
YDL019C,OSH2,4,gene,417663,421514,-,Verified,3851,False,421725.0,422025.0,421225.0,421725.0,417581,421725.0,421725.0,417581.0,421725.0,417581.0
YDL018C,ERP3,4,gene,422833,423510,-,Verified,677,False,423571.0,423871.0,423071.0,423571.0,422566,423571.0,423571.0,422566.0,423571.0,422566.0
YDL017W,CDC7,4,gene,424209,425732,+,Verified,1523,False,423887.0,424187.0,424187.0,424687.0,424187,425847.0,424187.0,425847.0,424187.0,425847.0
YDL015C,TSC13,4,gene,426002,426934,-,Verified,932,False,426981.0,427281.0,426481.0,426981.0,425759,426981.0,426981.0,425759.0,426981.0,425759.0
YDL014W,NOP1,4,gene,427364,428347,+,Verified,983,False,426922.0,427222.0,427222.0,427722.0,427222,428563.0,427222.0,428563.0,427222.0,428563.0
YDL013W,SLX5,4,gene,429067,430926,+,Verified,1859,False,428631.0,428931.0,428931.0,429431.0,428931,431025.0,428931.0,431025.0,428931.0,431025.0
YDL012C,YDL012C,4,gene,431108,431517,-,Verified,409,False,431535.0,431835.0,431035.0,431535.0,430945,431535.0,431535.0,430945.0,431535.0,430945.0
YDL010W,GRX6,4,gene,432330,433025,+,Verified,695,False,431998.0,432298.0,432298.0,432798.0,432298,433313.0,432298.0,433313.0,432298.0,433313.0
YDL008W,APC11,4,gene,433497,433994,+,Verified,497,False,433198.0,433498.0,433498.0,433998.0,433498,434094.0,433498.0,434094.0,433498.0,434094.0
YDL007C-A,YDL007C-A,4,gene,436567,436824,-,Uncharacterized,257,,436824.0,437124.0,436324.0,436824.0,436567,436824.0,,,436824.0,436567.0
YDL007W,RPT2,4,gene,438047,439360,+,Verified,1313,False,437710.0,438010.0,438010.0,438510.0,438010,439423.0,438010.0,439423.0,438010.0,439423.0
YDL006W,PTC1,4,gene,439909,440754,+,Verified,845,False,439262.0,439562.0,439562.0,440062.0,439562,440859.0,439562.0,440859.0,439562.0,440859.0
YDL005C,MED2,4,gene,441014,442309,-,Verified,1295,False,442350.0,442650.0,441850.0,442350.0,440770,442350.0,442350.0,440770.0,442350.0,440770.0
YDL004W,ATP16,4,gene,443029,443511,+,Verified,482,False,442687.0,442987.0,442987.0,443487.0,442987,443710.0,442987.0,443710.0,442987.0,443710.0
YDL003W,MCD1,4,gene,444683,446383,+,Verified,1700,False,444286.0,444586.0,444586.0,445086.0,444586,446491.0,444586.0,446491.0,444586.0,446491.0
YDL002C,NHP10,4,gene,446967,447578,-,Verified,611,False,447649.0,447949.0,447149.0,447649.0,446685,447649.0,447649.0,446685.0,447649.0,446685.0
YDL001W,RMD1,4,gene,447984,449276,+,Verified,1292,False,447627.0,447927.0,447927.0,448427.0,447927,449393.0,447927.0,449393.0,447927.0,449393.0
YDR001C,NTH1,4,gene,450220,452475,-,Verified,2255,False,452545.0,452845.0,452045.0,452545.0,450147,452545.0,452545.0,450147.0,452545.0,450147.0
YDR002W,YRB1,4,gene,453045,453650,+,Verified,605,False,452691.0,452991.0,452991.0,453491.0,452991,453835.0,452991.0,453835.0,452991.0,453835.0
YDR003W,RCR2,4,gene,454122,454754,+,Verified,632,False,453705.0,454005.0,454005.0,454505.0,454005,455074.0,454005.0,455074.0,454005.0,455074.0
YDR003W-A,YDR003W-A,4,gene,454782,454904,+,Uncharacterized,122,,454482.0,454782.0,454782.0,455282.0,454782,454904.0,,,454782.0,454904.0
YDR004W,RAD57,4,gene,455201,456583,+,Verified,1382,False,454941.0,455241.0,455241.0,455741.0,455241,456744.0,455241.0,456744.0,455241.0,456744.0
YDR005C,MAF1,4,gene,456836,458103,-,Verified,1267,False,458221.0,458521.0,457721.0,458221.0,456670,458221.0,458221.0,456670.0,458221.0,456670.0
YDR006C,SOK1,4,gene,458542,461247,-,Verified,2705,False,461399.0,461699.0,460899.0,461399.0,458456,461399.0,461399.0,458456.0,461399.0,458456.0
YDR007W,TRP1,4,gene,461842,462516,+,Verified,674,False,461509.0,461809.0,461809.0,462309.0,461809,462612.0,461809.0,462612.0,461809.0,462612.0
YDR009W,GAL3,4,gene,463434,464996,+,Verified,1562,,463134.0,463434.0,463434.0,463934.0,463434,464996.0,,,463434.0,464996.0
YDR011W,SNQ2,4,gene,465919,470424,+,Verified,4505,False,465299.0,465599.0,465599.0,466099.0,465599,470605.0,465599.0,470605.0,465599.0,470605.0
YDR012W,RPL4B,4,gene,471853,472941,+,Verified,1088,False,471522.0,471822.0,471822.0,472322.0,471822,473019.0,471822.0,473019.0,471822.0,473019.0
YDR013W,PSF1,4,gene,473157,473783,+,Verified,626,False,472842.0,473142.0,473142.0,473642.0,473142,473873.0,473142.0,473873.0,473142.0,473873.0
YDR014W,RAD61,4,gene,474046,475989,+,Verified,1943,False,473755.0,474055.0,474055.0,474555.0,474055,476347.0,474055.0,476347.0,474055.0,476347.0
YDR014W-A,HED1,4,gene,477797,478285,+,Verified,488,False,477492.0,477792.0,477792.0,478292.0,477792,478432.0,477792.0,478432.0,477792.0,478432.0
YDR016C,DAD1,4,gene,478474,478758,-,Verified,284,False,478792.0,479092.0,478292.0,478792.0,478370,478792.0,478792.0,478370.0,478792.0,478370.0
YDR017C,KCS1,4,gene,479115,482267,-,Verified,3152,False,482282.0,482582.0,481782.0,482282.0,478946,482282.0,482282.0,478946.0,482282.0,478946.0
YDR018C,YDR018C,4,gene,482670,483860,-,Uncharacterized,1190,False,483929.0,484229.0,483429.0,483929.0,482670,483929.0,483929.0,,483929.0,482670.0
YDR019C,GCV1,4,gene,484163,485365,-,Verified,1202,False,485370.0,485670.0,484870.0,485370.0,483987,485370.0,485370.0,483987.0,485370.0,483987.0
YDR020C,DAS2,4,gene,485746,486444,-,Uncharacterized,698,False,486574.0,486874.0,486074.0,486574.0,485746,486574.0,486574.0,,486574.0,485746.0
YDR021W,FAL1,4,gene,486804,488003,+,Verified,1199,False,486398.0,486698.0,486698.0,487198.0,486698,488062.0,486698.0,488062.0,486698.0,488062.0
YDR022C,CIS1,4,gene,488072,488662,-,Verified,590,False,488691.0,488991.0,488191.0,488691.0,487962,488691.0,488691.0,487962.0,488691.0,487962.0
YDR023W,SES1,4,gene,489508,490896,+,Verified,1388,False,489175.0,489475.0,489475.0,489975.0,489475,491030.0,489475.0,491030.0,489475.0,491030.0
YDR025W,RPS11A,4,gene,491515,492324,+,Verified,809,False,491202.0,491502.0,491502.0,492002.0,491502,492422.0,491502.0,492422.0,491502.0,492422.0
YDR026C,YDR026C,4,gene,492556,494268,-,Verified,1712,False,494412.0,494712.0,493912.0,494412.0,492506,494412.0,494412.0,492506.0,494412.0,492506.0
YDR027C,VPS54,4,gene,494649,497318,-,Verified,2669,False,497436.0,497736.0,496936.0,497436.0,494577,497436.0,497436.0,494577.0,497436.0,494577.0
YDR028C,REG1,4,gene,497835,500879,-,Verified,3044,False,501360.0,501660.0,500860.0,501360.0,497558,501360.0,501360.0,497558.0,501360.0,497558.0
YDR030C,RAD28,4,gene,501753,503273,-,Verified,1520,False,503282.0,503582.0,502782.0,503282.0,501707,503282.0,503282.0,501707.0,503282.0,501707.0
YDR031W,MIC14,4,gene,503498,503863,+,Verified,365,False,503192.0,503492.0,503492.0,503992.0,503492,504012.0,503492.0,504012.0,503492.0,504012.0
YDR032C,PST2,4,gene,504099,504695,-,Verified,596,False,504765.0,505065.0,504265.0,504765.0,503947,504765.0,504765.0,503947.0,504765.0,503947.0
YDR033W,MRH1,4,gene,508147,509109,+,Verified,962,False,507602.0,507902.0,507902.0,508402.0,507902,509448.0,507902.0,509448.0,507902.0,509448.0
YDR034C,LYS14,4,gene,509737,512109,-,Verified,2372,False,512249.0,512549.0,511749.0,512249.0,509665,512249.0,512249.0,509665.0,512249.0,509665.0
YDR034C-A,YDR034C-A,4,gene,520516,520692,-,Uncharacterized,176,False,520907.0,521207.0,520407.0,520907.0,520516,520907.0,520907.0,,520907.0,520516.0
YDR034W-B,YDR034W-B,4,gene,521314,521469,+,Uncharacterized,155,False,520975.0,521275.0,521275.0,521775.0,521275,521762.0,521275.0,521762.0,521275.0,521762.0
YDR035W,ARO3,4,gene,521816,522928,+,Verified,1112,False,521488.0,521788.0,521788.0,522288.0,521788,523077.0,521788.0,523077.0,521788.0,523077.0
YDR036C,EHD3,4,gene,523211,524713,-,Verified,1502,False,524767.0,525067.0,524267.0,524767.0,523083,524767.0,524767.0,523083.0,524767.0,523083.0
YDR037W,KRS1,4,gene,525440,527215,+,Verified,1775,False,525111.0,525411.0,525411.0,525911.0,525411,527282.0,525411.0,527282.0,525411.0,527282.0
YDR038C,ENA5,4,gene,527422,530697,-,Verified,3275,False,530805.0,531105.0,530305.0,530805.0,527280,530805.0,530805.0,527280.0,530805.0,527280.0
YDR039C,ENA2,4,gene,531307,534582,-,Verified,3275,False,534679.0,534979.0,534179.0,534679.0,531189,534679.0,534679.0,531189.0,534679.0,531189.0
YDR040C,ENA1,4,gene,535192,538467,-,Verified,3275,False,538913.0,539213.0,538413.0,538913.0,535067,538913.0,538913.0,535067.0,538913.0,535067.0
YDR041W,RSM10,4,gene,539803,540414,+,Verified,611,False,539496.0,539796.0,539796.0,540296.0,539796,540587.0,539796.0,540587.0,539796.0,540587.0
YDR042C,YDR042C,4,gene,540601,541203,-,Uncharacterized,602,False,541279.0,541579.0,540779.0,541279.0,540493,541279.0,541279.0,540493.0,541279.0,540493.0
YDR043C,NRG1,4,gene,542674,543369,-,Verified,695,False,543572.0,543872.0,543072.0,543572.0,542552,543572.0,543572.0,542552.0,543572.0,542552.0
YDR044W,HEM13,4,gene,546642,547628,+,Verified,986,False,546193.0,546493.0,546493.0,546993.0,546493,547778.0,546493.0,547778.0,546493.0,547778.0
YDR045C,RPC11,4,gene,547978,548310,-,Verified,332,False,548466.0,548766.0,547966.0,548466.0,547759,548466.0,548466.0,547759.0,548466.0,547759.0
YDR046C,BAP3,4,gene,548762,550576,-,Verified,1814,False,550667.0,550967.0,550167.0,550667.0,548672,550667.0,550667.0,548672.0,550667.0,548672.0
YDR047W,HEM12,4,gene,551860,552948,+,Verified,1088,False,551437.0,551737.0,551737.0,552237.0,551737,553025.0,551737.0,553025.0,551737.0,553025.0
YDR049W,VMS1,4,gene,553254,555152,+,Uncharacterized,1898,False,552929.0,553229.0,553229.0,553729.0,553229,555284.0,553229.0,555284.0,553229.0,555284.0
YDR050C,TPI1,4,gene,555726,556472,-,Verified,746,False,556503.0,556803.0,556003.0,556503.0,555639,556503.0,556503.0,555639.0,556503.0,555639.0
YDR051C,DET1,4,gene,557056,558060,-,Verified,1004,False,558107.0,558407.0,557607.0,558107.0,557000,558107.0,558107.0,557000.0,558107.0,557000.0
YDR052C,DBF4,4,gene,558511,560625,-,Verified,2114,False,560781.0,561081.0,560281.0,560781.0,558271,560781.0,560781.0,558271.0,560781.0,558271.0
YDR054C,CDC34,4,gene,561440,562327,-,Verified,887,False,562502.0,562802.0,562002.0,562502.0,561083,562502.0,562502.0,561083.0,562502.0,561083.0
YDR055W,PST1,4,gene,563527,564861,+,Verified,1334,False,563167.0,563467.0,563467.0,563967.0,563467,565003.0,563467.0,565003.0,563467.0,565003.0
YDR056C,YDR056C,4,gene,565023,565640,-,Uncharacterized,617,False,565699.0,565999.0,565199.0,565699.0,564920,565699.0,565699.0,564920.0,565699.0,564920.0
YDR057W,YOS9,4,gene,565927,567555,+,Verified,1628,False,565591.0,565891.0,565891.0,566391.0,565891,567696.0,565891.0,567696.0,565891.0,567696.0
YDR058C,TGL2,4,gene,567723,568703,-,Verified,980,False,568743.0,569043.0,568243.0,568743.0,567592,568743.0,568743.0,567592.0,568743.0,567592.0
YDR059C,UBC5,4,gene,569234,569770,-,Verified,536,False,569837.0,570137.0,569337.0,569837.0,569137,569837.0,569837.0,569137.0,569837.0,569137.0
YDR060W,MAK21,4,gene,570649,573726,+,Verified,3077,False,570259.0,570559.0,570559.0,571059.0,570559,573815.0,570559.0,573815.0,570559.0,573815.0
YDR061W,YDR061W,4,gene,574164,575783,+,Uncharacterized,1619,,573864.0,574164.0,574164.0,574664.0,574164,575783.0,,,574164.0,575783.0
YDR062W,LCB2,4,gene,576474,578159,+,Verified,1685,False,575797.0,576097.0,576097.0,576597.0,576097,578447.0,576097.0,578447.0,576097.0,578447.0
YDR063W,AIM7,4,gene,578663,579112,+,Verified,449,False,578225.0,578525.0,578525.0,579025.0,578525,579214.0,578525.0,579214.0,578525.0,579214.0
YDR064W,RPS13,4,gene,579458,580452,+,Verified,994,False,579126.0,579426.0,579426.0,579926.0,579426,580531.0,579426.0,580531.0,579426.0,580531.0
YDR065W,RRG1,4,gene,580687,581784,+,Verified,1097,False,580388.0,580688.0,580688.0,581188.0,580688,581784.0,580688.0,,580688.0,581784.0
YDR066C,RTR2,4,gene,581908,582498,-,Uncharacterized,590,False,582621.0,582921.0,582121.0,582621.0,581881,582621.0,582621.0,581881.0,582621.0,581881.0
YDR067C,OCA6,4,gene,582791,583465,-,Uncharacterized,674,False,583541.0,583841.0,583041.0,583541.0,582761,583541.0,583541.0,582761.0,583541.0,582761.0
YDR068W,DOS2,4,gene,583713,584645,+,Verified,932,False,583366.0,583666.0,583666.0,584166.0,583666,584709.0,583666.0,584709.0,583666.0,584709.0
YDR069C,DOA4,4,gene,584939,587719,-,Verified,2780,False,587810.0,588110.0,587310.0,587810.0,584632,587810.0,587810.0,584632.0,587810.0,584632.0
YDR070C,FMP16,4,gene,588098,588379,-,Uncharacterized,281,,588379.0,588679.0,587879.0,588379.0,588098,588379.0,,,588379.0,588098.0
YDR071C,PAA1,4,gene,588827,589402,-,Verified,575,False,589466.0,589766.0,588966.0,589466.0,588743,589466.0,589466.0,588743.0,589466.0,588743.0
YDR072C,IPT1,4,gene,589761,591344,-,Verified,1583,False,591471.0,591771.0,590971.0,591471.0,589672,591471.0,591471.0,589672.0,591471.0,589672.0
YDR073W,SNF11,4,gene,592439,592948,+,Verified,509,False,592070.0,592370.0,592370.0,592870.0,592370,593211.0,592370.0,593211.0,592370.0,593211.0
YDR074W,TPS2,4,gene,593893,596583,+,Verified,2690,False,593373.0,593673.0,593673.0,594173.0,593673,596846.0,593673.0,596846.0,593673.0,596846.0
YDR075W,PPH3,4,gene,597156,598082,+,Verified,926,False,596683.0,596983.0,596983.0,597483.0,596983,598246.0,596983.0,598246.0,596983.0,598246.0
YDR076W,RAD55,4,gene,598468,599688,+,Verified,1220,False,598131.0,598431.0,598431.0,598931.0,598431,599688.0,598431.0,,598431.0,599688.0
YDR077W,SED1,4,gene,600793,601809,+,Verified,1016,False,600451.0,600751.0,600751.0,601251.0,600751,602139.0,600751.0,602139.0,600751.0,602139.0
YDR078C,SHU2,4,gene,602198,602869,-,Verified,671,False,602887.0,603187.0,602387.0,602887.0,602100,602887.0,602887.0,602100.0,602887.0,602100.0
YDR079W,PET100,4,gene,603064,603399,+,Verified,335,False,602733.0,603033.0,603033.0,603533.0,603033,603520.0,603033.0,603520.0,603033.0,603520.0
YDR079C-A,TFB5,4,gene,603593,603811,-,Verified,218,False,603846.0,604146.0,603346.0,603846.0,603382,603846.0,603846.0,603382.0,603846.0,603382.0
YDR080W,VPS41,4,gene,604008,606986,+,Verified,2978,False,603672.0,603972.0,603972.0,604472.0,603972,607167.0,603972.0,607167.0,603972.0,607167.0
YDR081C,PDC2,4,gene,607304,610081,-,Verified,2777,False,610169.0,610469.0,609669.0,610169.0,607277,610169.0,610169.0,607277.0,610169.0,607277.0
YDR082W,STN1,4,gene,610441,611925,+,Verified,1484,False,610050.0,610350.0,610350.0,610850.0,610350,612064.0,610350.0,612064.0,610350.0,612064.0
YDR083W,RRP8,4,gene,612073,613251,+,Verified,1178,False,611752.0,612052.0,612052.0,612552.0,612052,613340.0,612052.0,613340.0,612052.0,613340.0
YDR084C,TVP23,4,gene,613405,614004,-,Verified,599,False,614031.0,614331.0,613531.0,614031.0,613280,614031.0,614031.0,613280.0,614031.0,613280.0
YDR085C,AFR1,4,gene,614288,616150,-,Verified,1862,False,615276.0,615576.0,614776.0,615276.0,614201,615276.0,615276.0,614201.0,615276.0,614201.0
YDR086C,SSS1,4,gene,616928,617170,-,Verified,242,False,617264.0,617564.0,616764.0,617264.0,616739,617264.0,617264.0,616739.0,617264.0,616739.0
YDR087C,RRP1,4,gene,617470,618306,-,Verified,836,False,618336.0,618636.0,617836.0,618336.0,617378,618336.0,618336.0,617378.0,618336.0,617378.0
YDR088C,SLU7,4,gene,618497,619645,-,Verified,1148,False,619825.0,620125.0,619325.0,619825.0,618309,619825.0,619825.0,618309.0,619825.0,618309.0
YDR089W,YDR089W,4,gene,622112,624721,+,Uncharacterized,2609,False,621692.0,621992.0,621992.0,622492.0,621992,624895.0,621992.0,624895.0,621992.0,624895.0
YDR090C,YDR090C,4,gene,625066,625998,-,Uncharacterized,932,False,626113.0,626413.0,625613.0,626113.0,624730,626113.0,626113.0,624730.0,626113.0,624730.0
YDR091C,RLI1,4,gene,626708,628534,-,Verified,1826,False,628592.0,628892.0,628092.0,628592.0,626367,628592.0,628592.0,626367.0,628592.0,626367.0
YDR092W,UBC13,4,gene,629876,630605,+,Verified,729,False,629553.0,629853.0,629853.0,630353.0,629853,630700.0,629853.0,630700.0,629853.0,630700.0
YDR093W,DNF2,4,gene,631282,636120,+,Verified,4838,False,630721.0,631021.0,631021.0,631521.0,631021,636181.0,631021.0,636181.0,631021.0,636181.0
YDR096W,GIS1,4,gene,637139,639823,+,Verified,2684,False,636542.0,636842.0,636842.0,637342.0,636842,640136.0,636842.0,640136.0,636842.0,640136.0
YDR097C,MSH6,4,gene,640109,643837,-,Verified,3728,False,643876.0,644176.0,643376.0,643876.0,640049,643876.0,643876.0,640049.0,643876.0,640049.0
YDR098C,GRX3,4,gene,644178,645035,-,Verified,857,False,644969.0,645269.0,644469.0,644969.0,644130,644969.0,644969.0,644130.0,644969.0,644130.0
YDR099W,BMH2,4,gene,652781,654428,+,Verified,1647,False,652419.0,652719.0,652719.0,653219.0,652719,654651.0,652719.0,654651.0,652719.0,654651.0
YDR100W,TVP15,4,gene,655013,655444,+,Verified,431,False,654688.0,654988.0,654988.0,655488.0,654988,655571.0,654988.0,655571.0,654988.0,655571.0
YDR101C,ARX1,4,gene,655686,657467,-,Verified,1781,False,657495.0,657795.0,656995.0,657495.0,655568,657495.0,657495.0,655568.0,657495.0,655568.0
YDR103W,STE5,4,gene,658350,661103,+,Verified,2753,False,657417.0,657717.0,657717.0,658217.0,657717,661150.0,657717.0,661150.0,657717.0,661150.0
YDR104C,SPO71,4,gene,661173,664910,-,Verified,3737,False,664960.0,665260.0,664460.0,664960.0,661142,664960.0,664960.0,661142.0,664960.0,661142.0
YDR105C,TMS1,4,gene,665349,666770,-,Verified,1421,False,666822.0,667122.0,666322.0,666822.0,665279,666822.0,666822.0,665279.0,666822.0,665279.0
YDR106W,ARP10,4,gene,667004,667858,+,Verified,854,False,666687.0,666987.0,666987.0,667487.0,666987,667906.0,666987.0,667906.0,666987.0,667906.0
YDR107C,TMN2,4,gene,669016,671034,-,Verified,2018,False,671050.0,671350.0,670550.0,671050.0,668827,671050.0,671050.0,668827.0,671050.0,668827.0
YDR108W,TRS85,4,gene,671269,673365,+,Verified,2096,False,670934.0,671234.0,671234.0,671734.0,671234,673455.0,671234.0,673455.0,671234.0,673455.0
YDR109C,YDR109C,4,gene,673520,675667,-,Uncharacterized,2147,False,675659.0,675959.0,675159.0,675659.0,673373,675659.0,675659.0,673373.0,675659.0,673373.0
YDR110W,FOB1,4,gene,676102,677802,+,Verified,1700,False,675765.0,676065.0,676065.0,676565.0,676065,678008.0,676065.0,678008.0,676065.0,678008.0
YDR111C,ALT2,4,gene,678241,679764,-,Uncharacterized,1523,False,679957.0,680257.0,679457.0,679957.0,677934,679957.0,679957.0,677934.0,679957.0,677934.0
YDR113C,PDS1,4,gene,680496,681617,-,Verified,1121,False,681720.0,682020.0,681220.0,681720.0,680423,681720.0,681720.0,680423.0,681720.0,680423.0
YDR114C,YDR114C,4,gene,681924,682226,-,Uncharacterized,302,,682226.0,682526.0,681726.0,682226.0,681924,682226.0,,,682226.0,681924.0
YDR115W,YDR115W,4,gene,682175,682492,+,Uncharacterized,317,False,681836.0,682136.0,682136.0,682636.0,682136,682715.0,682136.0,682715.0,682136.0,682715.0
YDR116C,MRPL1,4,gene,682724,683581,-,Verified,857,False,683589.0,683889.0,683089.0,683589.0,682603,683589.0,683589.0,682603.0,683589.0,682603.0
YDR117C,TMA64,4,gene,683946,685643,-,Verified,1697,False,685669.0,685969.0,685169.0,685669.0,683902,685669.0,685669.0,683902.0,685669.0,683902.0
YDR118W,APC4,4,gene,685882,687840,+,Verified,1958,False,685545.0,685845.0,685845.0,686345.0,685845,688171.0,685845.0,688171.0,685845.0,688171.0
YDR119W,VBA4,4,gene,688227,690533,+,Uncharacterized,2306,False,687833.0,688133.0,688133.0,688633.0,688133,690591.0,688133.0,690591.0,688133.0,690591.0
YDR119W-A,YDR119W-A,4,gene,691014,691214,+,Uncharacterized,200,False,690686.0,690986.0,690986.0,691486.0,690986,691460.0,690986.0,691460.0,690986.0,691460.0
YDR120C,TRM1,4,gene,691549,693261,-,Verified,1712,False,693235.0,693535.0,692735.0,693235.0,691341,693235.0,693235.0,691341.0,693235.0,691341.0
YDR121W,DPB4,4,gene,693585,694175,+,Verified,590,False,693151.0,693451.0,693451.0,693951.0,693451,694284.0,693451.0,694284.0,693451.0,694284.0
YDR122W,KIN1,4,gene,694700,697894,+,Verified,3194,False,694113.0,694413.0,694413.0,694913.0,694413,698046.0,694413.0,698046.0,694413.0,698046.0
YDR123C,INO2,4,gene,698554,699468,-,Verified,914,False,699539.0,699839.0,699039.0,699539.0,698554,699539.0,699539.0,,699539.0,698554.0
YDR124W,YDR124W,4,gene,700315,701289,+,Uncharacterized,974,False,699561.0,699861.0,699861.0,700361.0,699861,701545.0,699861.0,701545.0,699861.0,701545.0
YDR125C,ECM18,4,gene,701397,702758,-,Verified,1361,False,702878.0,703178.0,702378.0,702878.0,701397,702878.0,702878.0,,702878.0,701397.0
YDR126W,SWF1,4,gene,703234,704244,+,Verified,1010,False,702930.0,703230.0,703230.0,703730.0,703230,704495.0,703230.0,704495.0,703230.0,704495.0
YDR127W,ARO1,4,gene,704484,709250,+,Verified,4766,False,704115.0,704415.0,704415.0,704915.0,704415,709369.0,704415.0,709369.0,704415.0,709369.0
YDR128W,MTC5,4,gene,709549,712995,+,Verified,3446,False,709216.0,709516.0,709516.0,710016.0,709516,713126.0,709516.0,713126.0,709516.0,713126.0
YDR129C,SAC6,4,gene,713340,715379,-,Verified,2039,False,715453.0,715753.0,714953.0,715453.0,713195,715453.0,715453.0,713195.0,715453.0,713195.0
YDR130C,FIN1,4,gene,715747,716622,-,Verified,875,False,716651.0,716951.0,716151.0,716651.0,715666,716651.0,716651.0,715666.0,716651.0,715666.0
YDR131C,YDR131C,4,gene,716790,718460,-,Uncharacterized,1670,False,718563.0,718863.0,718063.0,718563.0,716689,718563.0,718563.0,716689.0,718563.0,716689.0
YDR132C,YDR132C,4,gene,718816,720303,-,Uncharacterized,1487,False,720425.0,720725.0,719925.0,720425.0,718780,720425.0,720425.0,718780.0,720425.0,718780.0
YDR135C,YCF1,4,gene,723004,727551,-,Verified,4547,False,727607.0,727907.0,727107.0,727607.0,722915,727607.0,727607.0,722915.0,727607.0,722915.0
YDR137W,RGP1,4,gene,728259,730250,+,Verified,1991,False,727875.0,728175.0,728175.0,728675.0,728175,730408.0,728175.0,730408.0,728175.0,730408.0
YDR138W,HPR1,4,gene,730578,732836,+,Verified,2258,False,730266.0,730566.0,730566.0,731066.0,730566,732836.0,730566.0,,730566.0,732836.0
YDR139C,RUB1,4,gene,733618,733924,-,Verified,306,False,733951.0,734251.0,733451.0,733951.0,733448,733951.0,733951.0,733448.0,733951.0,733448.0
YDR140W,MTQ2,4,gene,734138,734803,+,Verified,665,False,733825.0,734125.0,734125.0,734625.0,734125,734910.0,734125.0,734910.0,734125.0,734910.0
YDR141C,DOP1,4,gene,734901,739997,-,Verified,5096,False,740046.0,740346.0,739546.0,740046.0,734690,740046.0,740046.0,734690.0,740046.0,734690.0
YDR142C,PEX7,4,gene,740473,741600,-,Verified,1127,False,741778.0,742078.0,741278.0,741778.0,740408,741778.0,741778.0,740408.0,741778.0,740408.0
YDR143C,SAN1,4,gene,742042,743874,-,Verified,1832,False,744021.0,744321.0,743521.0,744021.0,741849,744021.0,744021.0,741849.0,744021.0,741849.0
YDR144C,MKC7,4,gene,744311,746101,-,Verified,1790,False,746242.0,746542.0,745742.0,746242.0,744229,746242.0,746242.0,744229.0,746242.0,744229.0
YDR145W,TAF12,4,gene,746738,748357,+,Verified,1619,False,746373.0,746673.0,746673.0,747173.0,746673,748557.0,746673.0,748557.0,746673.0,748557.0
YDR146C,SWI5,4,gene,748613,750742,-,Verified,2129,False,750907.0,751207.0,750407.0,750907.0,748452,750907.0,750907.0,748452.0,750907.0,748452.0
YDR147W,EKI1,4,gene,751631,753235,+,Verified,1604,False,750900.0,751200.0,751200.0,751700.0,751200,753271.0,751200.0,753271.0,751200.0,753271.0
YDR148C,KGD2,4,gene,753675,755066,-,Verified,1391,False,755320.0,755620.0,754820.0,755320.0,753536,755320.0,755320.0,753536.0,755320.0,753536.0
YDR150W,NUM1,4,gene,755628,763874,+,Verified,8246,False,755267.0,755567.0,755567.0,756067.0,755567,763924.0,755567.0,763924.0,755567.0,763924.0
YDR151C,CTH1,4,gene,764178,765155,-,Verified,977,False,765333.0,765633.0,764833.0,765333.0,763981,765333.0,765333.0,763981.0,765333.0,763981.0
YDR152W,GIR2,4,gene,765706,766503,+,Verified,797,False,765340.0,765640.0,765640.0,766140.0,765640,766615.0,765640.0,766615.0,765640.0,766615.0
YDR153C,ENT5,4,gene,766736,767971,-,Verified,1235,False,768123.0,768423.0,767623.0,768123.0,766615,768123.0,768123.0,766615.0,768123.0,766615.0
YDR155C,CPR1,4,gene,768512,769000,-,Verified,488,False,769033.0,769333.0,768533.0,769033.0,768406,769033.0,769033.0,768406.0,769033.0,768406.0
YDR156W,RPA14,4,gene,769525,769938,+,Verified,413,False,769176.0,769476.0,769476.0,769976.0,769476,770055.0,769476.0,770055.0,769476.0,770055.0
YDR158W,HOM2,4,gene,770357,771454,+,Verified,1097,False,770023.0,770323.0,770323.0,770823.0,770323,771578.0,770323.0,771578.0,770323.0,771578.0
YDR159W,SAC3,4,gene,771877,775782,+,Verified,3905,False,771488.0,771788.0,771788.0,772288.0,771788,775824.0,771788.0,775824.0,771788.0,775824.0
YDR160W,SSY1,4,gene,776163,778721,+,Verified,2558,False,775686.0,775986.0,775986.0,776486.0,775986,778804.0,775986.0,778804.0,775986.0,778804.0
YDR161W,YDR161W,4,gene,779043,780206,+,Uncharacterized,1163,False,778717.0,779017.0,779017.0,779517.0,779017,780429.0,779017.0,780429.0,779017.0,780429.0
YDR162C,NBP2,4,gene,780390,781100,-,Verified,710,False,781233.0,781533.0,780733.0,781233.0,780180,781233.0,781233.0,780180.0,781233.0,780180.0
YDR163W,CWC15,4,gene,781423,781950,+,Verified,527,False,781051.0,781351.0,781351.0,781851.0,781351,782056.0,781351.0,782056.0,781351.0,782056.0
YDR164C,SEC1,4,gene,782041,784215,-,Verified,2174,False,784268.0,784568.0,783768.0,784268.0,781931,784268.0,784268.0,781931.0,784268.0,781931.0
YDR165W,TRM82,4,gene,784871,786205,+,Verified,1334,False,784535.0,784835.0,784835.0,785335.0,784835,786270.0,784835.0,786270.0,784835.0,786270.0
YDR166C,SEC5,4,gene,786306,789221,-,Verified,2915,False,789295.0,789595.0,788795.0,789295.0,786210,789295.0,789295.0,786210.0,789295.0,786210.0
YDR167W,TAF10,4,gene,789449,790069,+,Verified,620,False,789121.0,789421.0,789421.0,789921.0,789421,790189.0,789421.0,790189.0,789421.0,790189.0
YDR168W,CDC37,4,gene,790328,791848,+,Verified,1520,False,789989.0,790289.0,790289.0,790789.0,790289,791955.0,790289.0,791955.0,790289.0,791955.0
YDR169C,STB3,4,gene,792348,793889,-,Verified,1541,False,794256.0,794556.0,793756.0,794256.0,792105,794256.0,794256.0,792105.0,794256.0,792105.0
YDR169C-A,YDR169C-A,4,gene,794574,794723,-,Uncharacterized,149,,794723.0,795023.0,794223.0,794723.0,794574,794723.0,,,794723.0,794574.0
YDR170C,SEC7,4,gene,796193,802222,-,Verified,6029,False,802410.0,802710.0,801910.0,802410.0,795996,802410.0,802410.0,795996.0,802410.0,795996.0
YDR171W,HSP42,4,gene,806621,807748,+,Verified,1127,False,806236.0,806536.0,806536.0,807036.0,806536,807813.0,806536.0,807813.0,806536.0,807813.0
YDR172W,SUP35,4,gene,808324,810381,+,Verified,2057,False,807981.0,808281.0,808281.0,808781.0,808281,810558.0,808281.0,810558.0,808281.0,810558.0
YDR173C,ARG82,4,gene,810565,811632,-,Verified,1067,False,811678.0,811978.0,811178.0,811678.0,810449,811678.0,811678.0,810449.0,811678.0,810449.0
YDR174W,HMO1,4,gene,812110,812850,+,Verified,740,False,811788.0,812088.0,812088.0,812588.0,812088,813023.0,812088.0,813023.0,812088.0,813023.0
YDR175C,RSM24,4,gene,813193,814152,-,Verified,959,False,814208.0,814508.0,813708.0,814208.0,813078,814208.0,814208.0,813078.0,814208.0,813078.0
YDR176W,NGG1,4,gene,814452,816560,+,Verified,2108,False,814124.0,814424.0,814424.0,814924.0,814424,816613.0,814424.0,816613.0,814424.0,816613.0
YDR177W,UBC1,4,gene,816878,817525,+,Verified,647,False,816481.0,816781.0,816781.0,817281.0,816781,817668.0,816781.0,817668.0,816781.0,817668.0
YDR178W,SDH4,4,gene,817950,818495,+,Verified,545,False,817549.0,817849.0,817849.0,818349.0,817849,818699.0,817849.0,818699.0,817849.0,818699.0
YDR179C,CSN9,4,gene,818708,819196,-,Verified,488,False,819226.0,819526.0,818726.0,819226.0,818586,819226.0,819226.0,818586.0,819226.0,818586.0
YDR179W-A,YDR179W-A,4,gene,819433,820824,+,Uncharacterized,1391,False,819041.0,819341.0,819341.0,819841.0,819341,820914.0,819341.0,820914.0,819341.0,820914.0
YDR180W,SCC2,4,gene,821295,825776,+,Verified,4481,False,820853.0,821153.0,821153.0,821653.0,821153,825828.0,821153.0,825828.0,821153.0,825828.0
YDR181C,SAS4,4,gene,825910,827355,-,Verified,1445,False,827415.0,827715.0,826915.0,827415.0,825769,827415.0,827415.0,825769.0,827415.0,825769.0
YDR182W,CDC1,4,gene,827582,829057,+,Verified,1475,False,827233.0,827533.0,827533.0,828033.0,827533,829171.0,827533.0,829171.0,827533.0,829171.0
YDR182W-A,YDR182W-A,4,gene,829151,829354,+,Uncharacterized,203,,828851.0,829151.0,829151.0,829651.0,829151,829354.0,,,829151.0,829354.0
YDR183W,PLP1,4,gene,829585,830277,+,Verified,692,False,829231.0,829531.0,829531.0,830031.0,829531,830491.0,829531.0,830491.0,829531.0,830491.0
YDR184C,ATC1,4,gene,830629,831513,-,Verified,884,False,831543.0,831843.0,831043.0,831543.0,830392,831543.0,831543.0,830392.0,831543.0,830392.0
YDR185C,UPS3,4,gene,831934,832473,-,Verified,539,False,832580.0,832880.0,832080.0,832580.0,831730,832580.0,832580.0,831730.0,832580.0,831730.0
YDR186C,YDR186C,4,gene,832859,835492,-,Verified,2633,False,835685.0,835985.0,835185.0,835685.0,832743,835685.0,835685.0,832743.0,835685.0,832743.0
YDR188W,CCT6,4,gene,836421,838061,+,Verified,1640,False,836068.0,836368.0,836368.0,836868.0,836368,838225.0,836368.0,838225.0,836368.0,838225.0
YDR189W,SLY1,4,gene,838392,840392,+,Verified,2000,False,838051.0,838351.0,838351.0,838851.0,838351,840504.0,838351.0,840504.0,838351.0,840504.0
YDR190C,RVB1,4,gene,840604,841995,-,Verified,1391,False,842055.0,842355.0,841555.0,842055.0,840528,842055.0,842055.0,840528.0,842055.0,840528.0
YDR191W,HST4,4,gene,842337,843449,+,Verified,1112,False,842000.0,842300.0,842300.0,842800.0,842300,843559.0,842300.0,843559.0,842300.0,843559.0
YDR192C,NUP42,4,gene,843569,844861,-,Verified,1292,False,844941.0,845241.0,844441.0,844941.0,843478,844941.0,844941.0,843478.0,844941.0,843478.0
YDR194C,MSS116,4,gene,845952,847946,-,Verified,1994,False,847970.0,848270.0,847470.0,847970.0,845801,847970.0,847970.0,845801.0,847970.0,845801.0
YDR194W-A,YDR194W-A,4,gene,848071,848223,+,Uncharacterized,152,False,847820.0,848120.0,848120.0,848620.0,848120,848558.0,848120.0,848558.0,848120.0,848558.0
YDR195W,REF2,4,gene,848599,850200,+,Verified,1601,False,848065.0,848365.0,848365.0,848865.0,848365,850280.0,848365.0,850280.0,848365.0,850280.0
YDR196C,CAB5,4,gene,850274,850999,-,Verified,725,False,851000.0,851300.0,850500.0,851000.0,850185,851000.0,851000.0,850185.0,851000.0,850185.0
YDR197W,CBS2,4,gene,851228,852397,+,Verified,1169,False,850896.0,851196.0,851196.0,851696.0,851196,852505.0,851196.0,852505.0,851196.0,852505.0
YDR198C,RKM2,4,gene,852533,853972,-,Verified,1439,False,853999.0,854299.0,853499.0,853999.0,852397,853999.0,853999.0,852397.0,853999.0,852397.0
YDR200C,VPS64,4,gene,854279,856093,-,Verified,1814,False,856159.0,856459.0,855659.0,856159.0,854148,856159.0,856159.0,854148.0,856159.0,854148.0
YDR201W,SPC19,4,gene,856317,856814,+,Verified,497,False,855989.0,856289.0,856289.0,856789.0,856289,857040.0,856289.0,857040.0,856289.0,857040.0
YDR202C,RAV2,4,gene,856898,857953,-,Verified,1055,False,857985.0,858285.0,857485.0,857985.0,856765,857985.0,857985.0,856765.0,857985.0,856765.0
YDR204W,COQ4,4,gene,858137,859144,+,Verified,1007,False,857830.0,858130.0,858130.0,858630.0,858130,859277.0,858130.0,859277.0,858130.0,859277.0
YDR205W,MSC2,4,gene,859346,861520,+,Verified,2174,False,859046.0,859346.0,859346.0,859846.0,859346,861594.0,859346.0,861594.0,859346.0,861594.0
YDR206W,EBS1,4,gene,862054,864708,+,Verified,2654,False,861475.0,861775.0,861775.0,862275.0,861775,864939.0,861775.0,864939.0,861775.0,864939.0
YDR207C,UME6,4,gene,865012,867522,-,Verified,2510,False,867612.0,867912.0,867112.0,867612.0,864820,867612.0,867612.0,864820.0,867612.0,864820.0
YDR208W,MSS4,4,gene,868224,870563,+,Verified,2339,False,867801.0,868101.0,868101.0,868601.0,868101,870698.0,868101.0,870698.0,868101.0,870698.0
YDR210W,YDR210W,4,gene,871074,871301,+,Uncharacterized,227,False,870743.0,871043.0,871043.0,871543.0,871043,871480.0,871043.0,871480.0,871043.0,871480.0
YDR211W,GCD6,4,gene,884727,886865,+,Verified,2138,False,884373.0,884673.0,884673.0,885173.0,884673,887059.0,884673.0,887059.0,884673.0,887059.0
YDR212W,TCP1,4,gene,887232,888911,+,Verified,1679,False,886849.0,887149.0,887149.0,887649.0,887149,888995.0,887149.0,888995.0,887149.0,888995.0
YDR213W,UPC2,4,gene,889751,892492,+,Verified,2741,False,889233.0,889533.0,889533.0,890033.0,889533,892715.0,889533.0,892715.0,889533.0,892715.0
YDR214W,AHA1,4,gene,892875,893927,+,Verified,1052,False,892444.0,892744.0,892744.0,893244.0,892744,894020.0,892744.0,894020.0,892744.0,894020.0
YDR216W,ADR1,4,gene,895035,899006,+,Verified,3971,False,894237.0,894537.0,894537.0,895037.0,894537,899006.0,894537.0,,894537.0,899006.0
YDR217C,RAD9,4,gene,899551,903480,-,Verified,3929,False,903538.0,903838.0,903038.0,903538.0,899477,903538.0,903538.0,899477.0,903538.0,899477.0
YDR218C,SPR28,4,gene,903781,905052,-,Verified,1271,False,905063.0,905363.0,904563.0,905063.0,903781,905063.0,905063.0,,905063.0,903781.0
YDR219C,MFB1,4,gene,905455,906852,-,Verified,1397,False,907077.0,907377.0,906577.0,907077.0,905256,907077.0,907077.0,905256.0,907077.0,905256.0
YDR221W,GTB1,4,gene,907330,909438,+,Verified,2108,False,907031.0,907331.0,907331.0,907831.0,907331,909609.0,907331.0,909609.0,907331.0,909609.0
YDR222W,YDR222W,4,gene,910054,911301,+,Uncharacterized,1247,False,909719.0,910019.0,910019.0,910519.0,910019,911466.0,910019.0,911466.0,910019.0,911466.0
YDR223W,CRF1,4,gene,912099,913502,+,Verified,1403,False,911354.0,911654.0,911654.0,912154.0,911654,913502.0,911654.0,,911654.0,913502.0
YDR224C,HTB1,4,gene,914317,914712,-,Verified,395,False,914747.0,915047.0,914247.0,914747.0,914191,914747.0,914747.0,914191.0,914747.0,914191.0
YDR225W,HTA1,4,gene,915530,915928,+,Verified,398,False,915159.0,915459.0,915459.0,915959.0,915459,916088.0,915459.0,916088.0,915459.0,916088.0
YDR226W,ADK1,4,gene,916486,917154,+,Verified,668,False,916164.0,916464.0,916464.0,916964.0,916464,917282.0,916464.0,917282.0,916464.0,917282.0
YDR227W,SIR4,4,gene,917571,921647,+,Verified,4076,False,917159.0,917459.0,917459.0,917959.0,917459,921814.0,917459.0,921814.0,917459.0,921814.0
YDR228C,PCF11,4,gene,921926,923806,-,Verified,1880,False,923884.0,924184.0,923384.0,923884.0,921860,923884.0,923884.0,921860.0,923884.0,921860.0
YDR229W,IVY1,4,gene,924785,926146,+,Verified,1361,False,924393.0,924693.0,924693.0,925193.0,924693,926201.0,924693.0,926201.0,924693.0,926201.0
YDR231C,COX20,4,gene,926293,926910,-,Verified,617,False,926941.0,927241.0,926441.0,926941.0,926187,926941.0,926941.0,926187.0,926941.0,926187.0
YDR232W,HEM1,4,gene,927452,929098,+,Verified,1646,False,926920.0,927220.0,927220.0,927720.0,927220,929274.0,927220.0,929274.0,927220.0,929274.0
YDR233C,RTN1,4,gene,929470,930357,-,Verified,887,False,930397.0,930697.0,929897.0,930397.0,929325,930397.0,930397.0,929325.0,930397.0,929325.0
YDR234W,LYS4,4,gene,931129,933210,+,Verified,2081,False,930692.0,930992.0,930992.0,931492.0,930992,933327.0,930992.0,933327.0,930992.0,933327.0
YDR235W,PRP42,4,gene,933504,935138,+,Verified,1634,False,933205.0,933505.0,933505.0,934005.0,933505,935203.0,933505.0,935203.0,933505.0,935203.0
YDR236C,FMN1,4,gene,935236,935892,-,Verified,656,False,935918.0,936218.0,935418.0,935918.0,935128,935918.0,935918.0,935128.0,935918.0,935128.0
YDR237W,MRPL7,4,gene,936615,937493,+,Verified,878,False,936174.0,936474.0,936474.0,936974.0,936474,937620.0,936474.0,937620.0,936474.0,937620.0
YDR238C,SEC26,4,gene,937895,940816,-,Verified,2921,False,940850.0,941150.0,940350.0,940850.0,937700,940850.0,940850.0,937700.0,940850.0,937700.0
YDR239C,YDR239C,4,gene,941057,943420,-,Verified,2363,False,943430.0,943730.0,942930.0,943430.0,940999,943430.0,943430.0,940999.0,943430.0,940999.0
YDR240C,SNU56,4,gene,943674,945152,-,Verified,1478,False,945173.0,945473.0,944673.0,945173.0,943616,945173.0,945173.0,943616.0,945173.0,943616.0
YDR242W,AMD2,4,gene,946807,948456,+,Verified,1649,False,946412.0,946712.0,946712.0,947212.0,946712,948456.0,946712.0,,946712.0,948456.0
YDR243C,PRP28,4,gene,948518,950284,-,Verified,1766,False,950317.0,950617.0,949817.0,950317.0,948496,950317.0,950317.0,948496.0,950317.0,948496.0
YDR244W,PEX5,4,gene,950563,952401,+,Verified,1838,False,950239.0,950539.0,950539.0,951039.0,950539,952596.0,950539.0,952596.0,950539.0,952596.0
YDR245W,MNN10,4,gene,952800,953981,+,Verified,1181,False,952438.0,952738.0,952738.0,953238.0,952738,954137.0,952738.0,954137.0,952738.0,954137.0
YDR246W,TRS23,4,gene,954288,954947,+,Verified,659,False,953954.0,954254.0,954254.0,954754.0,954254,955116.0,954254.0,955116.0,954254.0,955116.0
YDR246W-A,YDR246W-A,4,gene,955133,955333,+,Uncharacterized,200,,954833.0,955133.0,955133.0,955633.0,955133,955333.0,,,955133.0,955333.0
YDR247W,VHS1,4,gene,956013,957398,+,Verified,1385,False,955345.0,955645.0,955645.0,956145.0,955645,957745.0,955645.0,957745.0,955645.0,957745.0
YDR248C,YDR248C,4,gene,957758,958339,-,Uncharacterized,581,False,958398.0,958698.0,957898.0,958398.0,957658,958398.0,958398.0,957658.0,958398.0,957658.0
YDR249C,YDR249C,4,gene,958681,959802,-,Uncharacterized,1121,False,960118.0,960418.0,959618.0,960118.0,958568,960118.0,960118.0,958568.0,960118.0,958568.0
YDR251W,PAM1,4,gene,960614,963106,+,Verified,2492,False,960009.0,960309.0,960309.0,960809.0,960309,963282.0,960309.0,963282.0,960309.0,963282.0
YDR252W,BTT1,4,gene,963412,963861,+,Verified,449,False,963111.0,963411.0,963411.0,963911.0,963411,963861.0,963411.0,,963411.0,963861.0
YDR253C,MET32,4,gene,963990,964565,-,Verified,575,True,964767.0,965067.0,964267.0,964767.0,963946,964767.0,964767.0,963946.0,964767.0,963946.0
YDR254W,CHL4,4,gene,965113,966489,+,Verified,1376,False,964742.0,965042.0,965042.0,965542.0,965042,966518.0,965042.0,966518.0,965042.0,966518.0
YDR255C,RMD5,4,gene,966557,967822,-,Verified,1265,False,967860.0,968160.0,967360.0,967860.0,966299,967860.0,967860.0,966299.0,967860.0,966299.0
YDR256C,CTA1,4,gene,968133,969680,-,Verified,1547,,969680.0,969980.0,969180.0,969680.0,968133,969680.0,,,969680.0,968133.0
YDR257C,RKM4,4,gene,969990,971474,-,Verified,1484,False,971479.0,971779.0,970979.0,971479.0,969687,971479.0,971479.0,969687.0,971479.0,969687.0
YDR258C,HSP78,4,gene,971808,974243,-,Verified,2435,False,974317.0,974617.0,973817.0,974317.0,971703,974317.0,974317.0,971703.0,974317.0,971703.0
YDR259C,YAP6,4,gene,974631,975782,-,Verified,1151,False,976004.0,976304.0,975504.0,976004.0,974495,976004.0,976004.0,974495.0,976004.0,974495.0
YDR260C,SWM1,4,gene,976717,977229,-,Verified,512,False,977259.0,977559.0,976759.0,977259.0,976378,977259.0,977259.0,976378.0,977259.0,976378.0
YDR261C,EXG2,4,gene,977521,979209,-,Verified,1688,False,979263.0,979563.0,978763.0,979263.0,977408,979263.0,979263.0,977408.0,979263.0,977408.0
YDR262W,YDR262W,4,gene,993134,993952,+,Uncharacterized,818,False,992824.0,993124.0,993124.0,993624.0,993124,994149.0,993124.0,994149.0,993124.0,994149.0
YDR263C,DIN7,4,gene,994242,995534,-,Verified,1292,,995534.0,995834.0,995034.0,995534.0,994242,995534.0,,,995534.0,994242.0
YDR264C,AKR1,4,gene,996029,998323,-,Verified,2294,False,998421.0,998721.0,997921.0,998421.0,995833,998421.0,998421.0,995833.0,998421.0,995833.0
YDR265W,PEX10,4,gene,998864,999877,+,Verified,1013,False,998309.0,998609.0,998609.0,999109.0,998609,1000065.0,998609.0,1000065.0,998609.0,1000065.0
YDR266C,YDR266C,4,gene,1000104,1002023,-,Verified,1919,False,1002226.0,1002526.0,1001726.0,1002226.0,999965,1002226.0,1002226.0,999965.0,1002226.0,999965.0
YDR267C,CIA1,4,gene,1002510,1003502,-,Verified,992,False,1003563.0,1003863.0,1003063.0,1003563.0,1002306,1003563.0,1003563.0,1002306.0,1003563.0,1002306.0
YDR268W,MSW1,4,gene,1004004,1005143,+,Verified,1139,False,1003666.0,1003966.0,1003966.0,1004466.0,1003966,1005257.0,1003966.0,1005257.0,1003966.0,1005257.0
YDR270W,CCC2,4,gene,1005675,1008689,+,Verified,3014,False,1005302.0,1005602.0,1005602.0,1006102.0,1005602,1009005.0,1005602.0,1009005.0,1005602.0,1009005.0
YDR272W,GLO2,4,gene,1009010,1009834,+,Verified,824,False,1008654.0,1008954.0,1008954.0,1009454.0,1008954,1009888.0,1008954.0,1009888.0,1008954.0,1009888.0
YDR273W,DON1,4,gene,1010176,1011273,+,Verified,1097,False,1009834.0,1010134.0,1010134.0,1010634.0,1010134,1011376.0,1010134.0,1011376.0,1010134.0,1011376.0
YDR275W,BSC2,4,gene,1012252,1012959,+,Verified,707,False,1011934.0,1012234.0,1012234.0,1012734.0,1012234,1013254.0,1012234.0,1013254.0,1012234.0,1013254.0
YDR276C,PMP3,4,gene,1013476,1013643,-,Verified,167,False,1013719.0,1014019.0,1013219.0,1013719.0,1013261,1013719.0,1013719.0,1013261.0,1013719.0,1013261.0
YDR277C,MTH1,4,gene,1014401,1015702,-,Verified,1301,,1015702.0,1016002.0,1015202.0,1015702.0,1014401,1015702.0,,,1015702.0,1014401.0
YDR279W,RNH202,4,gene,1019368,1020420,+,Verified,1052,False,1019002.0,1019302.0,1019302.0,1019802.0,1019302,1020456.0,1019302.0,1020456.0,1019302.0,1020456.0
YDR280W,RRP45,4,gene,1020747,1021664,+,Verified,917,False,1020318.0,1020618.0,1020618.0,1021118.0,1020618,1021769.0,1020618.0,1021769.0,1020618.0,1021769.0
YDR281C,PHM6,4,gene,1022007,1022321,-,Verified,314,False,1022377.0,1022677.0,1021877.0,1022377.0,1021841,1022377.0,1022377.0,1021841.0,1022377.0,1021841.0
YDR282C,YDR282C,4,gene,1023511,1024755,-,Uncharacterized,1244,False,1024763.0,1025063.0,1024263.0,1024763.0,1023312,1024763.0,1024763.0,1023312.0,1024763.0,1023312.0
YDR283C,GCN2,4,gene,1025070,1030049,-,Verified,4979,False,1030269.0,1030569.0,1029769.0,1030269.0,1024880,1030269.0,1030269.0,1024880.0,1030269.0,1024880.0
YDR284C,DPP1,4,gene,1030550,1031419,-,Verified,869,False,1031701.0,1032001.0,1031201.0,1031701.0,1030464,1031701.0,1031701.0,1030464.0,1031701.0,1030464.0
YDR285W,ZIP1,4,gene,1032436,1035063,+,Verified,2627,False,1031655.0,1031955.0,1031955.0,1032455.0,1031955,1035217.0,1031955.0,1035217.0,1031955.0,1035217.0
YDR286C,YDR286C,4,gene,1035231,1035575,-,Uncharacterized,344,False,1035806.0,1036106.0,1035306.0,1035806.0,1035140,1035806.0,1035806.0,1035140.0,1035806.0,1035140.0
YDR287W,INM2,4,gene,1035995,1036873,+,Verified,878,False,1035664.0,1035964.0,1035964.0,1036464.0,1035964,1037230.0,1035964.0,1037230.0,1035964.0,1037230.0
YDR288W,NSE3,4,gene,1037195,1038106,+,Verified,911,False,1036850.0,1037150.0,1037150.0,1037650.0,1037150,1038266.0,1037150.0,1038266.0,1037150.0,1038266.0
YDR289C,RTT103,4,gene,1038280,1039509,-,Verified,1229,False,1039565.0,1039865.0,1039065.0,1039565.0,1038074,1039565.0,1039565.0,1038074.0,1039565.0,1038074.0
YDR291W,HRQ1,4,gene,1039728,1042961,+,Uncharacterized,3233,False,1039391.0,1039691.0,1039691.0,1040191.0,1039691,1043010.0,1039691.0,1043010.0,1039691.0,1043010.0
YDR292C,SRP101,4,gene,1043146,1045011,-,Verified,1865,False,1045139.0,1045439.0,1044639.0,1045139.0,1043068,1045139.0,1045139.0,1043068.0,1045139.0,1043068.0
YDR293C,SSD1,4,gene,1045640,1049392,-,Verified,3752,False,1049447.0,1049747.0,1048947.0,1049447.0,1045320,1049447.0,1049447.0,1045320.0,1049447.0,1045320.0
YDR294C,DPL1,4,gene,1050459,1052228,-,Verified,1769,False,1052298.0,1052598.0,1051798.0,1052298.0,1050409,1052298.0,1052298.0,1050409.0,1052298.0,1050409.0
YDR295C,HDA2,4,gene,1052623,1054647,-,Verified,2024,False,1054911.0,1055211.0,1054411.0,1054911.0,1052543,1054911.0,1054911.0,1052543.0,1054911.0,1052543.0
YDR296W,MHR1,4,gene,1055212,1055892,+,Verified,680,False,1054858.0,1055158.0,1055158.0,1055658.0,1055158,1055980.0,1055158.0,1055980.0,1055158.0,1055980.0
YDR297W,SUR2,4,gene,1056551,1057600,+,Verified,1049,False,1056216.0,1056516.0,1056516.0,1057016.0,1056516,1057771.0,1056516.0,1057771.0,1056516.0,1057771.0
YDR298C,ATP5,4,gene,1058176,1058814,-,Verified,638,False,1058976.0,1059276.0,1058476.0,1058976.0,1058000,1058976.0,1058976.0,1058000.0,1058976.0,1058000.0
YDR299W,BFR2,4,gene,1059627,1061231,+,Verified,1604,False,1059293.0,1059593.0,1059593.0,1060093.0,1059593,1061323.0,1059593.0,1061323.0,1059593.0,1061323.0
YDR300C,PRO1,4,gene,1061505,1062791,-,Verified,1286,False,1062867.0,1063167.0,1062367.0,1062867.0,1061396,1062867.0,1062867.0,1061396.0,1062867.0,1061396.0
YDR301W,CFT1,4,gene,1063352,1067425,+,Verified,4073,False,1062978.0,1063278.0,1063278.0,1063778.0,1063278,1067560.0,1063278.0,1067560.0,1063278.0,1067560.0
YDR302W,GPI11,4,gene,1067731,1068390,+,Verified,659,False,1067370.0,1067670.0,1067670.0,1068170.0,1067670,1068464.0,1067670.0,1068464.0,1067670.0,1068464.0
YDR303C,RSC3,4,gene,1068729,1071386,-,Verified,2657,False,1071679.0,1071979.0,1071179.0,1071679.0,1068615,1071679.0,1071679.0,1068615.0,1071679.0,1068615.0
YDR304C,CPR5,4,gene,1071880,1072557,-,Verified,677,False,1072587.0,1072887.0,1072087.0,1072587.0,1071807,1072587.0,1072587.0,1071807.0,1072587.0,1071807.0
YDR305C,HNT2,4,gene,1072746,1073488,-,Verified,742,False,1073463.0,1073763.0,1072963.0,1073463.0,1072682,1073463.0,1073463.0,1072682.0,1073463.0,1072682.0
YDR306C,YDR306C,4,gene,1073735,1075171,-,Uncharacterized,1436,False,1075224.0,1075524.0,1074724.0,1075224.0,1073717,1075224.0,1075224.0,1073717.0,1075224.0,1073717.0
YDR307W,YDR307W,4,gene,1075865,1077853,+,Uncharacterized,1988,False,1075507.0,1075807.0,1075807.0,1076307.0,1075807,1077861.0,1075807.0,1077861.0,1075807.0,1077861.0
YDR308C,SRB7,4,gene,1078027,1078449,-,Verified,422,False,1078491.0,1078791.0,1077991.0,1078491.0,1077920,1078491.0,1078491.0,1077920.0,1078491.0,1077920.0
YDR309C,GIC2,4,gene,1079048,1080199,-,Verified,1151,False,1080250.0,1080550.0,1079750.0,1080250.0,1078685,1080250.0,1080250.0,1078685.0,1080250.0,1078685.0
YDR310C,SUM1,4,gene,1081128,1084316,-,Verified,3188,False,1084595.0,1084895.0,1084095.0,1084595.0,1080941,1084595.0,1084595.0,1080941.0,1084595.0,1080941.0
YDR311W,TFB1,4,gene,1085065,1086993,+,Verified,1928,False,1084768.0,1085068.0,1085068.0,1085568.0,1085068,1087096.0,1085068.0,1087096.0,1085068.0,1087096.0
YDR312W,SSF2,4,gene,1087581,1088942,+,Verified,1361,False,1087250.0,1087550.0,1087550.0,1088050.0,1087550,1089125.0,1087550.0,1089125.0,1087550.0,1089125.0
YDR313C,PIB1,4,gene,1089219,1090079,-,Verified,860,False,1090168.0,1090468.0,1089668.0,1090168.0,1089042,1090168.0,1090168.0,1089042.0,1090168.0,1089042.0
YDR314C,RAD34,4,gene,1090433,1092511,-,Verified,2078,False,1092547.0,1092847.0,1092047.0,1092547.0,1090169,1092547.0,1092547.0,1090169.0,1092547.0,1090169.0
YDR315C,IPK1,4,gene,1092741,1093586,-,Verified,845,False,1093588.0,1093888.0,1093088.0,1093588.0,1092669,1093588.0,1093588.0,1092669.0,1093588.0,1092669.0
YDR316W,OMS1,4,gene,1093763,1095178,+,Verified,1415,False,1093460.0,1093760.0,1093760.0,1094260.0,1093760,1095258.0,1093760.0,1095258.0,1093760.0,1095258.0
YDR317W,HIM1,4,gene,1102184,1103428,+,Verified,1244,False,1101862.0,1102162.0,1102162.0,1102662.0,1102162,1103515.0,1102162.0,1103515.0,1102162.0,1103515.0
YDR318W,MCM21,4,gene,1103758,1104947,+,Verified,1189,False,1103387.0,1103687.0,1103687.0,1104187.0,1103687,1105058.0,1103687.0,1105058.0,1103687.0,1105058.0
YDR319C,YDR319C,4,gene,1105003,1105827,-,Uncharacterized,824,False,1105875.0,1106175.0,1105375.0,1105875.0,1104930,1105875.0,1105875.0,1104930.0,1105875.0,1104930.0
YDR320C,SWA2,4,gene,1106095,1108101,-,Verified,2006,False,1108109.0,1108409.0,1107609.0,1108109.0,1106008,1108109.0,1108109.0,1106008.0,1108109.0,1106008.0
YDR320C-A,DAD4,4,gene,1108280,1108498,-,Verified,218,False,1108499.0,1108799.0,1107999.0,1108499.0,1108202,1108499.0,1108499.0,1108202.0,1108499.0,1108202.0
YDR321W,ASP1,4,gene,1108702,1109847,+,Verified,1145,False,1108372.0,1108672.0,1108672.0,1109172.0,1108672,1109999.0,1108672.0,1109999.0,1108672.0,1109999.0
YDR322W,MRPL35,4,gene,1110589,1111692,+,Verified,1103,False,1110279.0,1110579.0,1110579.0,1111079.0,1110579,1111787.0,1110579.0,1111787.0,1110579.0,1111787.0
YDR322C-A,TIM11,4,gene,1112003,1112293,-,Verified,290,False,1112338.0,1112638.0,1111838.0,1112338.0,1111798,1112338.0,1112338.0,1111798.0,1112338.0,1111798.0
YDR323C,PEP7,4,gene,1112480,1114027,-,Verified,1547,False,1114058.0,1114358.0,1113558.0,1114058.0,1112300,1114058.0,1114058.0,1112300.0,1114058.0,1112300.0
YDR324C,UTP4,4,gene,1114433,1116763,-,Verified,2330,False,1116704.0,1117004.0,1116204.0,1116704.0,1114254,1116704.0,1116704.0,1114254.0,1116704.0,1114254.0
YDR325W,YCG1,4,gene,1117126,1120233,+,Verified,3107,False,1116810.0,1117110.0,1117110.0,1117610.0,1117110,1120298.0,1117110.0,1120298.0,1117110.0,1120298.0
YDR326C,YSP2,4,gene,1120609,1124925,-,Verified,4316,False,1125114.0,1125414.0,1124614.0,1125114.0,1120466,1125114.0,1125114.0,1120466.0,1125114.0,1120466.0
YDR328C,SKP1,4,gene,1125434,1126018,-,Verified,584,False,1126057.0,1126357.0,1125557.0,1126057.0,1125233,1126057.0,1126057.0,1125233.0,1126057.0,1125233.0
YDR329C,PEX3,4,gene,1126270,1127595,-,Verified,1325,False,1127618.0,1127918.0,1127118.0,1127618.0,1126206,1127618.0,1127618.0,1126206.0,1127618.0,1126206.0
YDR330W,UBX5,4,gene,1127872,1129374,+,Verified,1502,False,1127501.0,1127801.0,1127801.0,1128301.0,1127801,1129567.0,1127801.0,1129567.0,1127801.0,1129567.0
YDR331W,GPI8,4,gene,1129588,1130823,+,Verified,1235,False,1129250.0,1129550.0,1129550.0,1130050.0,1129550,1130895.0,1129550.0,1130895.0,1129550.0,1130895.0
YDR332W,IRC3,4,gene,1131001,1133070,+,Verified,2069,False,1130677.0,1130977.0,1130977.0,1131477.0,1130977,1133144.0,1130977.0,1133144.0,1130977.0,1133144.0
YDR333C,YDR333C,4,gene,1133260,1135431,-,Uncharacterized,2171,False,1135436.0,1135736.0,1134936.0,1135436.0,1133038,1135436.0,1135436.0,1133038.0,1135436.0,1133038.0
YDR334W,SWR1,4,gene,1135932,1140476,+,Verified,4544,False,1135393.0,1135693.0,1135693.0,1136193.0,1135693,1140593.0,1135693.0,1140593.0,1135693.0,1140593.0
YDR335W,MSN5,4,gene,1141168,1144842,+,Verified,3674,False,1140512.0,1140812.0,1140812.0,1141312.0,1140812,1144933.0,1140812.0,1144933.0,1140812.0,1144933.0
YDR336W,YDR336W,4,gene,1145092,1146036,+,Uncharacterized,944,False,1144954.0,1145254.0,1145254.0,1145754.0,1145254,1146131.0,1145254.0,1146131.0,1145254.0,1146131.0
YDR337W,MRPS28,4,gene,1146319,1147179,+,Verified,860,False,1145971.0,1146271.0,1146271.0,1146771.0,1146271,1147246.0,1146271.0,1147246.0,1146271.0,1147246.0
YDR338C,YDR338C,4,gene,1147379,1149466,-,Uncharacterized,2087,False,1149526.0,1149826.0,1149026.0,1149526.0,1147256,1149526.0,1149526.0,1147256.0,1149526.0,1147256.0
YDR339C,FCF1,4,gene,1149951,1150520,-,Verified,569,False,1150532.0,1150832.0,1150032.0,1150532.0,1149873,1150532.0,1150532.0,1149873.0,1150532.0,1149873.0
YDR341C,YDR341C,4,gene,1151803,1153626,-,Verified,1823,False,1153663.0,1153963.0,1153163.0,1153663.0,1151640,1153663.0,1153663.0,1151640.0,1153663.0,1151640.0
YDR342C,HXT7,4,gene,1154216,1155928,-,Verified,1712,False,1156015.0,1156315.0,1155515.0,1156015.0,1154082,1156015.0,1156015.0,1154082.0,1156015.0,1154082.0
YDR343C,HXT6,4,gene,1159608,1161320,-,Verified,1712,,1161320.0,1161620.0,1160820.0,1161320.0,1159608,1161320.0,,,1161320.0,1159608.0
YDR345C,HXT3,4,gene,1162957,1164660,-,Verified,1703,False,1164693.0,1164993.0,1164193.0,1164693.0,1162814,1164693.0,1164693.0,1162814.0,1164693.0,1162814.0
YDR346C,SVF1,4,gene,1167214,1168659,-,Verified,1445,False,1168817.0,1169117.0,1168317.0,1168817.0,1166939,1168817.0,1168817.0,1166939.0,1168817.0,1166939.0
YDR347W,MRP1,4,gene,1169178,1170143,+,Verified,965,False,1168815.0,1169115.0,1169115.0,1169615.0,1169115,1170261.0,1169115.0,1170261.0,1169115.0,1170261.0
YDR348C,YDR348C,4,gene,1170326,1171825,-,Uncharacterized,1499,False,1172025.0,1172325.0,1171525.0,1172025.0,1170147,1172025.0,1172025.0,1170147.0,1172025.0,1170147.0
YDR349C,YPS7,4,gene,1172386,1174176,-,Verified,1790,False,1174259.0,1174559.0,1173759.0,1174259.0,1172218,1174259.0,1174259.0,1172218.0,1174259.0,1172218.0
YDR350C,ATP22,4,gene,1176120,1178174,-,Verified,2054,False,1178203.0,1178503.0,1177703.0,1178203.0,1176033,1178203.0,1178203.0,1176033.0,1178203.0,1176033.0
YDR351W,SBE2,4,gene,1178666,1181260,+,Verified,2594,False,1178146.0,1178446.0,1178446.0,1178946.0,1178446,1181410.0,1178446.0,1181410.0,1178446.0,1181410.0
YDR352W,YDR352W,4,gene,1181801,1182754,+,Uncharacterized,953,False,1181324.0,1181624.0,1181624.0,1182124.0,1181624,1182984.0,1181624.0,1182984.0,1181624.0,1182984.0
YDR353W,TRR1,4,gene,1183299,1184258,+,Verified,959,False,1182952.0,1183252.0,1183252.0,1183752.0,1183252,1184338.0,1183252.0,1184338.0,1183252.0,1184338.0
YDR354W,TRP4,4,gene,1184747,1185889,+,Verified,1142,False,1184322.0,1184622.0,1184622.0,1185122.0,1184622,1185959.0,1184622.0,1185959.0,1184622.0,1185959.0
YDR356W,SPC110,4,gene,1186107,1188941,+,Verified,2834,False,1185738.0,1186038.0,1186038.0,1186538.0,1186038,1189269.0,1186038.0,1189269.0,1186038.0,1189269.0
YDR357C,CNL1,4,gene,1189199,1189567,-,Uncharacterized,368,False,1189721.0,1190021.0,1189221.0,1189721.0,1189151,1189721.0,1189721.0,1189151.0,1189721.0,1189151.0
YDR358W,GGA1,4,gene,1190059,1191732,+,Verified,1673,False,1189708.0,1190008.0,1190008.0,1190508.0,1190008,1191894.0,1190008.0,1191894.0,1190008.0,1191894.0
YDR359C,EAF1,4,gene,1191936,1194884,-,Verified,2948,False,1194880.0,1195180.0,1194380.0,1194880.0,1191754,1194880.0,1194880.0,1191754.0,1194880.0,1191754.0
YDR361C,BCP1,4,gene,1195412,1196263,-,Verified,851,False,1196298.0,1196598.0,1195798.0,1196298.0,1195162,1196298.0,1196298.0,1195162.0,1196298.0,1195162.0
YDR362C,TFC6,4,gene,1196679,1198697,-,Verified,2018,False,1198808.0,1199108.0,1198308.0,1198808.0,1196629,1198808.0,1198808.0,1196629.0,1198808.0,1196629.0
YDR363W,ESC2,4,gene,1199183,1200553,+,Verified,1370,False,1198735.0,1199035.0,1199035.0,1199535.0,1199035,1200722.0,1199035.0,1200722.0,1199035.0,1200722.0
YDR363W-A,SEM1,4,gene,1202128,1202397,+,Verified,269,False,1201813.0,1202113.0,1202113.0,1202613.0,1202113,1202651.0,1202113.0,1202651.0,1202113.0,1202651.0
YDR364C,CDC40,4,gene,1202843,1204210,-,Verified,1367,False,1204244.0,1204544.0,1203744.0,1204244.0,1202570,1204244.0,1204244.0,1202570.0,1204244.0,1202570.0
YDR365C,ESF1,4,gene,1204497,1206383,-,Verified,1886,False,1206454.0,1206754.0,1205954.0,1206454.0,1204411,1206454.0,1206454.0,1204411.0,1206454.0,1204411.0
YDR366C,YDR366C,4,gene,1212438,1212836,-,Uncharacterized,398,False,1212900.0,1213200.0,1212400.0,1212900.0,1212245,1212900.0,1212900.0,1212245.0,1212900.0,1212245.0
YDR367W,KEI1,4,gene,1212848,1213614,+,Verified,766,False,1212469.0,1212769.0,1212769.0,1213269.0,1212769,1213676.0,1212769.0,1213676.0,1212769.0,1213676.0
YDR368W,YPR1,4,gene,1213904,1214842,+,Verified,938,False,1213554.0,1213854.0,1213854.0,1214354.0,1213854,1215005.0,1213854.0,1215005.0,1213854.0,1215005.0
YDR369C,XRS2,4,gene,1215016,1217580,-,Verified,2564,False,1217604.0,1217904.0,1217104.0,1217604.0,1214911,1217604.0,1217604.0,1214911.0,1217604.0,1214911.0
YDR370C,YDR370C,4,gene,1217782,1219110,-,Uncharacterized,1328,False,1219111.0,1219411.0,1218611.0,1219111.0,1217729,1219111.0,1219111.0,1217729.0,1219111.0,1217729.0
YDR371W,CTS2,4,gene,1219413,1220948,+,Uncharacterized,1535,False,1219051.0,1219351.0,1219351.0,1219851.0,1219351,1221057.0,1219351.0,1221057.0,1219351.0,1221057.0
YDR372C,VPS74,4,gene,1221112,1222149,-,Verified,1037,False,1222413.0,1222713.0,1221913.0,1222413.0,1220968,1222413.0,1222413.0,1220968.0,1222413.0,1220968.0
YDR373W,FRQ1,4,gene,1222759,1223331,+,Verified,572,False,1222347.0,1222647.0,1222647.0,1223147.0,1222647,1223458.0,1222647.0,1223458.0,1222647.0,1223458.0
YDR374C,YDR374C,4,gene,1223474,1224394,-,Uncharacterized,920,,1224394.0,1224694.0,1223894.0,1224394.0,1223474,1224394.0,,,1224394.0,1223474.0
YDR374W-A,YDR374W-A,4,gene,1224757,1225026,+,Uncharacterized,269,False,1224458.0,1224758.0,1224758.0,1225258.0,1224758,1225272.0,1224758.0,1225272.0,1224758.0,1225272.0
YDR375C,BCS1,4,gene,1225166,1226536,-,Verified,1370,False,1226537.0,1226837.0,1226037.0,1226537.0,1225095,1226537.0,1226537.0,1225095.0,1226537.0,1225095.0
YDR376W,ARH1,4,gene,1226822,1228303,+,Verified,1481,False,1226513.0,1226813.0,1226813.0,1227313.0,1226813,1228372.0,1226813.0,1228372.0,1226813.0,1228372.0
YDR377W,ATP17,4,gene,1228611,1228916,+,Verified,305,False,1228217.0,1228517.0,1228517.0,1229017.0,1228517,1229190.0,1228517.0,1229190.0,1228517.0,1229190.0
YDR378C,LSM6,4,gene,1229349,1229609,-,Verified,260,False,1229628.0,1229928.0,1229128.0,1229628.0,1229186,1229628.0,1229628.0,1229186.0,1229628.0,1229186.0
YDR379W,RGA2,4,gene,1230167,1233196,+,Verified,3029,False,1229734.0,1230034.0,1230034.0,1230534.0,1230034,1233280.0,1230034.0,1233280.0,1230034.0,1233280.0
YDR379C-A,YDR379C-A,4,gene,1233278,1233517,-,Verified,239,False,1233548.0,1233848.0,1233048.0,1233548.0,1233145,1233548.0,1233548.0,1233145.0,1233548.0,1233145.0
YDR380W,ARO10,4,gene,1234218,1236125,+,Verified,1907,False,1233814.0,1234114.0,1234114.0,1234614.0,1234114,1236251.0,1234114.0,1236251.0,1234114.0,1236251.0
YDR381W,YRA1,4,gene,1236558,1238004,+,Verified,1446,False,1236162.0,1236462.0,1236462.0,1236962.0,1236462,1238197.0,1236462.0,1238197.0,1236462.0,1238197.0
YDR381C-A,YDR381C-A,4,gene,1238312,1238850,-,Verified,538,False,1239082.0,1239382.0,1238582.0,1239082.0,1238204,1239082.0,1239082.0,1238204.0,1239082.0,1238204.0
YDR382W,RPP2B,4,gene,1239492,1239824,+,Verified,332,False,1239112.0,1239412.0,1239412.0,1239912.0,1239412,1239970.0,1239412.0,1239970.0,1239412.0,1239970.0
YDR383C,NKP1,4,gene,1239960,1240676,-,Verified,716,False,1240699.0,1240999.0,1240199.0,1240699.0,1239899,1240699.0,1240699.0,1239899.0,1240699.0,1239899.0
YDR384C,ATO3,4,gene,1241204,1242031,-,Verified,827,False,1242117.0,1242417.0,1241617.0,1242117.0,1241044,1242117.0,1242117.0,1241044.0,1242117.0,1241044.0
YDR385W,EFT2,4,gene,1243230,1245758,+,Verified,2528,False,1242885.0,1243185.0,1243185.0,1243685.0,1243185,1245911.0,1243185.0,1245911.0,1243185.0,1245911.0
YDR386W,MUS81,4,gene,1246084,1247982,+,Verified,1898,False,1245777.0,1246077.0,1246077.0,1246577.0,1246077,1248092.0,1246077.0,1248092.0,1246077.0,1248092.0
YDR387C,YDR387C,4,gene,1248154,1249821,-,Uncharacterized,1667,False,1249968.0,1250268.0,1249468.0,1249968.0,1248019,1249968.0,1249968.0,1248019.0,1249968.0,1248019.0
YDR388W,RVS167,4,gene,1250186,1251634,+,Verified,1448,False,1249861.0,1250161.0,1250161.0,1250661.0,1250161,1251756.0,1250161.0,1251756.0,1250161.0,1251756.0
YDR389W,SAC7,4,gene,1252537,1254501,+,Verified,1964,False,1251716.0,1252016.0,1252016.0,1252516.0,1252016,1254757.0,1252016.0,1254757.0,1252016.0,1254757.0
YDR390C,UBA2,4,gene,1254937,1256847,-,Verified,1910,False,1256877.0,1257177.0,1256377.0,1256877.0,1254853,1256877.0,1256877.0,1254853.0,1256877.0,1254853.0
YDR391C,YDR391C,4,gene,1257358,1258056,-,Uncharacterized,698,False,1258068.0,1258368.0,1257568.0,1258068.0,1257301,1258068.0,1258068.0,1257301.0,1258068.0,1257301.0
YDR392W,SPT3,4,gene,1258696,1259709,+,Verified,1013,False,1258327.0,1258627.0,1258627.0,1259127.0,1258627,1259840.0,1258627.0,1259840.0,1258627.0,1259840.0
YDR393W,SHE9,4,gene,1259901,1261271,+,Verified,1370,,1259601.0,1259901.0,1259901.0,1260401.0,1259901,1261271.0,,,1259901.0,1261271.0
YDR394W,RPT3,4,gene,1261681,1262967,+,Verified,1286,False,1261278.0,1261578.0,1261578.0,1262078.0,1261578,1263063.0,1261578.0,1263063.0,1261578.0,1263063.0
YDR395W,SXM1,4,gene,1263324,1266158,+,Verified,2834,False,1262903.0,1263203.0,1263203.0,1263703.0,1263203,1266252.0,1263203.0,1266252.0,1263203.0,1266252.0
YDR397C,NCB2,4,gene,1266366,1266898,-,Verified,532,False,1266949.0,1267249.0,1266449.0,1266949.0,1266196,1266949.0,1266949.0,1266196.0,1266949.0,1266196.0
YDR398W,UTP5,4,gene,1267471,1269402,+,Verified,1931,False,1267136.0,1267436.0,1267436.0,1267936.0,1267436,1269509.0,1267436.0,1269509.0,1267436.0,1269509.0
YDR399W,HPT1,4,gene,1270068,1270733,+,Verified,665,False,1269700.0,1270000.0,1270000.0,1270500.0,1270000,1270847.0,1270000.0,1270847.0,1270000.0,1270847.0
YDR400W,URH1,4,gene,1271063,1272085,+,Verified,1022,False,1270744.0,1271044.0,1271044.0,1271544.0,1271044,1272255.0,1271044.0,1272255.0,1271044.0,1272255.0
YDR402C,DIT2,4,gene,1272234,1273703,-,Verified,1469,,1273703.0,1274003.0,1273203.0,1273703.0,1272234,1273703.0,,,1273703.0,1272234.0
YDR403W,DIT1,4,gene,1274602,1276212,+,Verified,1610,,1274302.0,1274602.0,1274602.0,1275102.0,1274602,1276212.0,,,1274602.0,1276212.0
YDR404C,RPB7,4,gene,1276654,1277169,-,Verified,515,False,1277362.0,1277662.0,1276862.0,1277362.0,1276507,1277362.0,1277362.0,1276507.0,1277362.0,1276507.0
YDR405W,MRP20,4,gene,1277646,1278437,+,Verified,791,False,1277294.0,1277594.0,1277594.0,1278094.0,1277594,1278579.0,1277594.0,1278579.0,1277594.0,1278579.0
YDR406W,PDR15,4,gene,1279210,1283799,+,Verified,4589,False,1278790.0,1279090.0,1279090.0,1279590.0,1279090,1283914.0,1279090.0,1283914.0,1279090.0,1283914.0
YDR407C,TRS120,4,gene,1284069,1287938,-,Verified,3869,False,1288019.0,1288319.0,1287519.0,1288019.0,1284001,1288019.0,1288019.0,1284001.0,1288019.0,1284001.0
YDR408C,ADE8,4,gene,1288215,1288859,-,Verified,644,False,1288921.0,1289221.0,1288421.0,1288921.0,1288046,1288921.0,1288921.0,1288046.0,1288921.0,1288046.0
YDR409W,SIZ1,4,gene,1289406,1292120,+,Verified,2714,False,1289068.0,1289368.0,1289368.0,1289868.0,1289368,1292453.0,1289368.0,1292453.0,1289368.0,1292453.0
YDR410C,STE14,4,gene,1292372,1293091,-,Verified,719,False,1293155.0,1293455.0,1292655.0,1293155.0,1292301,1293155.0,1293155.0,1292301.0,1293155.0,1292301.0
YDR411C,DFM1,4,gene,1293369,1294394,-,Verified,1025,False,1294417.0,1294717.0,1293917.0,1294417.0,1293306,1294417.0,1294417.0,1293306.0,1294417.0,1293306.0
YDR412W,RRP17,4,gene,1294693,1295400,+,Verified,707,False,1294345.0,1294645.0,1294645.0,1295145.0,1294645,1295552.0,1294645.0,1295552.0,1294645.0,1295552.0
YDR414C,ERD1,4,gene,1295598,1296686,-,Verified,1088,False,1296864.0,1297164.0,1296364.0,1296864.0,1295441,1296864.0,1296864.0,1295441.0,1296864.0,1295441.0
YDR415C,YDR415C,4,gene,1297037,1298161,-,Uncharacterized,1124,False,1298206.0,1298506.0,1297706.0,1298206.0,1296948,1298206.0,1298206.0,1296948.0,1298206.0,1296948.0
YDR416W,SYF1,4,gene,1298432,1301011,+,Verified,2579,False,1298037.0,1298337.0,1298337.0,1298837.0,1298337,1301044.0,1298337.0,1301044.0,1298337.0,1301044.0
YDR418W,RPL12B,4,gene,1301616,1302113,+,Verified,497,False,1301291.0,1301591.0,1301591.0,1302091.0,1301591,1302215.0,1301591.0,1302215.0,1301591.0,1302215.0
YDR419W,RAD30,4,gene,1303174,1305072,+,Verified,1898,False,1302869.0,1303169.0,1303169.0,1303669.0,1303169,1305430.0,1303169.0,1305430.0,1303169.0,1305430.0
YDR420W,HKR1,4,gene,1306267,1311675,+,Verified,5408,False,1305701.0,1306001.0,1306001.0,1306501.0,1306001,1311863.0,1306001.0,1311863.0,1306001.0,1311863.0
YDR421W,ARO80,4,gene,1312040,1314892,+,Verified,2852,False,1311651.0,1311951.0,1311951.0,1312451.0,1311951,1315163.0,1311951.0,1315163.0,1311951.0,1315163.0
YDR422C,SIP1,4,gene,1315326,1317773,-,Verified,2447,False,1317830.0,1318130.0,1317330.0,1317830.0,1315271,1317830.0,1317830.0,1315271.0,1317830.0,1315271.0
YDR423C,CAD1,4,gene,1318046,1319275,-,Verified,1229,False,1319248.0,1319548.0,1318748.0,1319248.0,1317978,1319248.0,1319248.0,1317978.0,1319248.0,1317978.0
YDR424C,DYN2,4,gene,1319387,1319841,-,Verified,454,False,1319868.0,1320168.0,1319368.0,1319868.0,1319345,1319868.0,1319868.0,1319345.0,1319868.0,1319345.0
YDR425W,SNX41,4,gene,1320064,1321941,+,Verified,1877,False,1319715.0,1320015.0,1320015.0,1320515.0,1320015,1321941.0,1320015.0,,1320015.0,1321941.0
YDR427W,RPN9,4,gene,1322205,1323386,+,Verified,1181,False,1321874.0,1322174.0,1322174.0,1322674.0,1322174,1323469.0,1322174.0,1323469.0,1322174.0,1323469.0
YDR428C,BNA7,4,gene,1323454,1324239,-,Verified,785,False,1324268.0,1324568.0,1323768.0,1324268.0,1323348,1324268.0,1324268.0,1323348.0,1324268.0,1323348.0
YDR429C,TIF35,4,gene,1324477,1325301,-,Verified,824,False,1325320.0,1325620.0,1324820.0,1325320.0,1324353,1325320.0,1325320.0,1324353.0,1325320.0,1324353.0
YDR430C,CYM1,4,gene,1325501,1328470,-,Verified,2969,False,1328528.0,1328828.0,1328028.0,1328528.0,1325451,1328528.0,1328528.0,1325451.0,1328528.0,1325451.0
YDR432W,NPL3,4,gene,1328783,1330027,+,Verified,1244,False,1328456.0,1328756.0,1328756.0,1329256.0,1328756,1330136.0,1328756.0,1330136.0,1328756.0,1330136.0
YDR434W,GPI17,4,gene,1331237,1332841,+,Verified,1604,False,1330842.0,1331142.0,1331142.0,1331642.0,1331142,1332957.0,1331142.0,1332957.0,1331142.0,1332957.0
YDR435C,PPM1,4,gene,1332983,1333969,-,Verified,986,False,1333982.0,1334282.0,1333482.0,1333982.0,1332858,1333982.0,1333982.0,1332858.0,1333982.0,1332858.0
YDR436W,PPZ2,4,gene,1334821,1336953,+,Verified,2132,False,1334277.0,1334577.0,1334577.0,1335077.0,1334577,1337116.0,1334577.0,1337116.0,1334577.0,1337116.0
YDR437W,GPI19,4,gene,1337352,1337774,+,Verified,422,False,1336994.0,1337294.0,1337294.0,1337794.0,1337294,1337774.0,1337294.0,,1337294.0,1337774.0
YDR438W,THI74,4,gene,1338274,1339386,+,Verified,1112,False,1337912.0,1338212.0,1338212.0,1338712.0,1338212,1339487.0,1338212.0,1339487.0,1338212.0,1339487.0
YDR439W,LRS4,4,gene,1339676,1340719,+,Verified,1043,False,1339325.0,1339625.0,1339625.0,1340125.0,1339625,1340911.0,1339625.0,1340911.0,1339625.0,1340911.0
YDR440W,DOT1,4,gene,1342493,1344241,+,Verified,1748,False,1342099.0,1342399.0,1342399.0,1342899.0,1342399,1344329.0,1342399.0,1344329.0,1342399.0,1344329.0
YDR441C,APT2,4,gene,1344517,1345062,-,Verified,545,False,1345212.0,1345512.0,1344712.0,1345212.0,1344353,1345212.0,1345212.0,1344353.0,1345212.0,1344353.0
YDR443C,SSN2,4,gene,1345676,1349938,-,Verified,4262,False,1350028.0,1350328.0,1349528.0,1350028.0,1345343,1350028.0,1350028.0,1345343.0,1350028.0,1345343.0
YDR444W,YDR444W,4,gene,1350290,1352353,+,Uncharacterized,2063,False,1349926.0,1350226.0,1350226.0,1350726.0,1350226,1352403.0,1350226.0,1352403.0,1350226.0,1352403.0
YDR446W,ECM11,4,gene,1353725,1354633,+,Verified,908,False,1353410.0,1353710.0,1353710.0,1354210.0,1353710,1354633.0,1353710.0,,1353710.0,1354633.0
YDR447C,RPS17B,4,gene,1354829,1355553,-,Verified,724,False,1355575.0,1355875.0,1355075.0,1355575.0,1354712,1355575.0,1355575.0,1354712.0,1355575.0,1354712.0
YDR448W,ADA2,4,gene,1356065,1357369,+,Verified,1304,False,1355713.0,1356013.0,1356013.0,1356513.0,1356013,1357599.0,1356013.0,1357599.0,1356013.0,1357599.0
YDR449C,UTP6,4,gene,1357580,1358902,-,Verified,1322,False,1358932.0,1359232.0,1358432.0,1358932.0,1357523,1358932.0,1358932.0,1357523.0,1358932.0,1357523.0
YDR450W,RPS18A,4,gene,1359923,1360798,+,Verified,875,False,1359603.0,1359903.0,1359903.0,1360403.0,1359903,1360916.0,1359903.0,1360916.0,1359903.0,1360916.0
YDR451C,YHP1,4,gene,1361120,1362181,-,Verified,1061,False,1362235.0,1362535.0,1361735.0,1362235.0,1360909,1362235.0,1362235.0,1360909.0,1362235.0,1360909.0
YDR452W,PPN1,4,gene,1362878,1364902,+,Verified,2024,False,1362441.0,1362741.0,1362741.0,1363241.0,1362741,1365091.0,1362741.0,1365091.0,1362741.0,1365091.0
YDR453C,TSA2,4,gene,1365072,1365662,-,Verified,590,False,1365402.0,1365702.0,1364902.0,1365402.0,1364989,1365402.0,1365402.0,1364989.0,1365402.0,1364989.0
YDR454C,GUK1,4,gene,1366264,1366827,-,Verified,563,False,1366865.0,1367165.0,1366365.0,1366865.0,1366162,1366865.0,1366865.0,1366162.0,1366865.0,1366162.0
YDR456W,NHX1,4,gene,1367485,1369386,+,Verified,1901,False,1367158.0,1367458.0,1367458.0,1367958.0,1367458,1369493.0,1367458.0,1369493.0,1367458.0,1369493.0
YDR457W,TOM1,4,gene,1369790,1379596,+,Verified,9806,False,1369377.0,1369677.0,1369677.0,1370177.0,1369677,1379653.0,1369677.0,1379653.0,1369677.0,1379653.0
YDR458C,HEH2,4,gene,1380055,1382046,-,Verified,1991,False,1382096.0,1382396.0,1381596.0,1382096.0,1379882,1382096.0,1382096.0,1379882.0,1382096.0,1379882.0
YDR459C,PFA5,4,gene,1382319,1383443,-,Verified,1124,False,1383540.0,1383840.0,1383040.0,1383540.0,1382153,1383540.0,1383540.0,1382153.0,1383540.0,1382153.0
YDR460W,TFB3,4,gene,1383811,1384776,+,Verified,965,False,1383372.0,1383672.0,1383672.0,1384172.0,1383672,1384878.0,1383672.0,1384878.0,1383672.0,1384878.0
YDR461W,MFA1,4,gene,1385176,1385286,+,Verified,110,False,1384854.0,1385154.0,1385154.0,1385654.0,1385154,1385433.0,1385154.0,1385433.0,1385154.0,1385433.0
YDR461C-A,YDR461C-A,4,gene,1385524,1385766,-,Uncharacterized,242,False,1385843.0,1386143.0,1385343.0,1385843.0,1385388,1385843.0,1385843.0,1385388.0,1385843.0,1385388.0
YDR462W,MRPL28,4,gene,1386073,1386516,+,Verified,443,False,1385720.0,1386020.0,1386020.0,1386520.0,1386020,1386640.0,1386020.0,1386640.0,1386020.0,1386640.0
YDR463W,STP1,4,gene,1386816,1388375,+,Verified,1559,False,1386489.0,1386789.0,1386789.0,1387289.0,1386789,1388579.0,1386789.0,1388579.0,1386789.0,1388579.0
YDR464W,SPP41,4,gene,1388872,1393179,+,Verified,4307,False,1388482.0,1388782.0,1388782.0,1389282.0,1388782,1393338.0,1388782.0,1393338.0,1388782.0,1393338.0
YDR465C,RMT2,4,gene,1393336,1394574,-,Verified,1238,False,1394618.0,1394918.0,1394118.0,1394618.0,1393201,1394618.0,1394618.0,1393201.0,1394618.0,1393201.0
YDR466W,PKH3,4,gene,1395121,1397817,+,Verified,2696,False,1394708.0,1395008.0,1395008.0,1395508.0,1395008,1398051.0,1395008.0,1398051.0,1395008.0,1398051.0
YDR468C,TLG1,4,gene,1398026,1398700,-,Verified,674,False,1398753.0,1399053.0,1398253.0,1398753.0,1397904,1398753.0,1398753.0,1397904.0,1398753.0,1397904.0
YDR469W,SDC1,4,gene,1399015,1399542,+,Verified,527,False,1398715.0,1399015.0,1399015.0,1399515.0,1399015,1399608.0,1399015.0,1399608.0,1399015.0,1399608.0
YDR470C,UGO1,4,gene,1399706,1401214,-,Verified,1508,False,1401300.0,1401600.0,1400800.0,1401300.0,1399535,1401300.0,1401300.0,1399535.0,1401300.0,1399535.0
YDR471W,RPL27B,4,gene,1401770,1402564,+,Verified,794,False,1401446.0,1401746.0,1401746.0,1402246.0,1401746,1402682.0,1401746.0,1402682.0,1401746.0,1402682.0
YDR472W,TRS31,4,gene,1403322,1404173,+,Verified,851,False,1402953.0,1403253.0,1403253.0,1403753.0,1403253,1404298.0,1403253.0,1404298.0,1403253.0,1404298.0
YDR473C,PRP3,4,gene,1404445,1405854,-,Verified,1409,False,1405926.0,1406226.0,1405426.0,1405926.0,1404208,1405926.0,1405926.0,1404208.0,1405926.0,1404208.0
YDR475C,JIP4,4,gene,1407464,1410094,-,Verified,2630,,1410094.0,1410394.0,1409594.0,1410094.0,1407464,1410094.0,,,1410094.0,1407464.0
YDR476C,YDR476C,4,gene,1410453,1411127,-,Uncharacterized,674,False,1411146.0,1411446.0,1410646.0,1411146.0,1410252,1411146.0,1411146.0,1410252.0,1411146.0,1410252.0
YDR477W,SNF1,4,gene,1412373,1414274,+,Verified,1901,False,1411780.0,1412080.0,1412080.0,1412580.0,1412080,1414403.0,1412080.0,1414403.0,1412080.0,1414403.0
YDR478W,SNM1,4,gene,1414575,1415171,+,Verified,596,False,1414239.0,1414539.0,1414539.0,1415039.0,1414539,1415238.0,1414539.0,1415238.0,1414539.0,1415238.0
YDR479C,PEX29,4,gene,1415210,1416874,-,Verified,1664,False,1416923.0,1417223.0,1416423.0,1416923.0,1415127,1416923.0,1416923.0,1415127.0,1416923.0,1415127.0
YDR480W,DIG2,4,gene,1417399,1418370,+,Verified,971,False,1417026.0,1417326.0,1417326.0,1417826.0,1417326,1418525.0,1417326.0,1418525.0,1417326.0,1418525.0
YDR481C,PHO8,4,gene,1418550,1420250,-,Verified,1700,False,1420284.0,1420584.0,1419784.0,1420284.0,1418441,1420284.0,1420284.0,1418441.0,1420284.0,1418441.0
YDR482C,CWC21,4,gene,1420431,1420838,-,Verified,407,False,1420876.0,1421176.0,1420376.0,1420876.0,1420332,1420876.0,1420876.0,1420332.0,1420876.0,1420332.0
YDR483W,KRE2,4,gene,1421157,1422485,+,Verified,1328,False,1420832.0,1421132.0,1421132.0,1421632.0,1421132,1422614.0,1421132.0,1422614.0,1421132.0,1422614.0
YDR484W,VPS52,4,gene,1422763,1424688,+,Verified,1925,False,1422415.0,1422715.0,1422715.0,1423215.0,1422715,1424822.0,1422715.0,1424822.0,1422715.0,1424822.0
YDR485C,VPS72,4,gene,1424820,1427207,-,Verified,2387,False,1427235.0,1427535.0,1426735.0,1427235.0,1424564,1427235.0,1427235.0,1424564.0,1427235.0,1424564.0
YDR486C,VPS60,4,gene,1427431,1428120,-,Verified,689,False,1428130.0,1428430.0,1427630.0,1428130.0,1427304,1428130.0,1428130.0,1427304.0,1428130.0,1427304.0
YDR487C,RIB3,4,gene,1428354,1428980,-,Verified,626,False,1429060.0,1429360.0,1428560.0,1429060.0,1428260,1429060.0,1429060.0,1428260.0,1429060.0,1428260.0
YDR488C,PAC11,4,gene,1429188,1430789,-,Verified,1601,False,1430839.0,1431139.0,1430339.0,1430839.0,1429022,1430839.0,1430839.0,1429022.0,1430839.0,1429022.0
YDR489W,SLD5,4,gene,1431012,1431896,+,Verified,884,False,1430704.0,1431004.0,1431004.0,1431504.0,1431004,1431977.0,1431004.0,1431977.0,1431004.0,1431977.0
YDR490C,PKH1,4,gene,1431968,1434268,-,Verified,2300,False,1434354.0,1434654.0,1433854.0,1434354.0,1431801,1434354.0,1434354.0,1431801.0,1434354.0,1431801.0
YDR492W,IZH1,4,gene,1434924,1435874,+,Verified,950,False,1434471.0,1434771.0,1434771.0,1435271.0,1434771,1435967.0,1434771.0,1435967.0,1434771.0,1435967.0
YDR493W,MZM1,4,gene,1436217,1436588,+,Verified,371,False,1435830.0,1436130.0,1436130.0,1436630.0,1436130,1436709.0,1436130.0,1436709.0,1436130.0,1436709.0
YDR494W,RSM28,4,gene,1436930,1438015,+,Verified,1085,False,1436567.0,1436867.0,1436867.0,1437367.0,1436867,1438093.0,1436867.0,1438093.0,1436867.0,1438093.0
YDR495C,VPS3,4,gene,1438115,1441150,-,Verified,3035,False,1441196.0,1441496.0,1440696.0,1441196.0,1437923,1441196.0,1441196.0,1437923.0,1441196.0,1437923.0
YDR496C,PUF6,4,gene,1441433,1443403,-,Verified,1970,False,1443432.0,1443732.0,1442932.0,1443432.0,1441360,1443432.0,1443432.0,1441360.0,1443432.0,1441360.0
YDR497C,ITR1,4,gene,1443713,1445467,-,Verified,1754,False,1445543.0,1445843.0,1445043.0,1445543.0,1443630,1445543.0,1445543.0,1443630.0,1445543.0,1443630.0
YDR498C,SEC20,4,gene,1445843,1446994,-,Verified,1151,False,1447038.0,1447338.0,1446538.0,1447038.0,1445771,1447038.0,1447038.0,1445771.0,1447038.0,1445771.0
YDR499W,LCD1,4,gene,1447830,1450073,+,Verified,2243,False,1447492.0,1447792.0,1447792.0,1448292.0,1447792,1450194.0,1447792.0,1450194.0,1447792.0,1450194.0
YDR500C,RPL37B,4,gene,1450198,1450853,-,Verified,655,False,1450902.0,1451202.0,1450402.0,1450902.0,1450109,1450902.0,1450902.0,1450109.0,1450902.0,1450109.0
YDR501W,PLM2,4,gene,1451353,1452918,+,Verified,1565,False,1451030.0,1451330.0,1451330.0,1451830.0,1451330,1453099.0,1451330.0,1453099.0,1451330.0,1453099.0
YDR502C,SAM2,4,gene,1453310,1454464,-,Verified,1154,False,1454513.0,1454813.0,1454013.0,1454513.0,1453018,1454513.0,1454513.0,1453018.0,1454513.0,1453018.0
YDR503C,LPP1,4,gene,1455042,1455866,-,Verified,824,False,1455950.0,1456250.0,1455450.0,1455950.0,1454884,1455950.0,1455950.0,1454884.0,1455950.0,1454884.0
YDR504C,SPG3,4,gene,1456311,1456694,-,Verified,383,,1456694.0,1456994.0,1456194.0,1456694.0,1456311,1456694.0,,,1456694.0,1456311.0
YDR505C,PSP1,4,gene,1456695,1459220,-,Verified,2525,False,1459410.0,1459710.0,1458910.0,1459410.0,1456402,1459410.0,1459410.0,1456402.0,1459410.0,1456402.0
YDR506C,YDR506C,4,gene,1459728,1461554,-,Uncharacterized,1826,False,1461573.0,1461873.0,1461073.0,1461573.0,1459728,1461573.0,1461573.0,,1461573.0,1459728.0
YDR507C,GIN4,4,gene,1462358,1465786,-,Verified,3428,False,1465912.0,1466212.0,1465412.0,1465912.0,1462178,1465912.0,1465912.0,1462178.0,1465912.0,1462178.0
YDR508C,GNP1,4,gene,1466453,1468444,-,Verified,1991,False,1468489.0,1468789.0,1467989.0,1468489.0,1466240,1468489.0,1468489.0,1466240.0,1468489.0,1466240.0
YDR510W,SMT3,4,gene,1469400,1469705,+,Verified,305,False,1469016.0,1469316.0,1469316.0,1469816.0,1469316,1469835.0,1469316.0,1469835.0,1469316.0,1469835.0
YDR511W,ACN9,4,gene,1470017,1470418,+,Verified,401,False,1469733.0,1470033.0,1470033.0,1470533.0,1470033,1470502.0,1470033.0,1470502.0,1470033.0,1470502.0
YDR512C,EMI1,4,gene,1470500,1471063,-,Verified,563,False,1470810.0,1471110.0,1470310.0,1470810.0,1470398,1470810.0,1470810.0,1470398.0,1470810.0,1470398.0
YDR513W,GRX2,4,gene,1471017,1471448,+,Verified,431,False,1470696.0,1470996.0,1470996.0,1471496.0,1470996,1471531.0,1470996.0,1471531.0,1470996.0,1471531.0
YDR514C,YDR514C,4,gene,1471548,1472999,-,Uncharacterized,1451,False,1473075.0,1473375.0,1472575.0,1473075.0,1471453,1473075.0,1473075.0,1471453.0,1473075.0,1471453.0
YDR515W,SLF1,4,gene,1473429,1474772,+,Verified,1343,False,1472914.0,1473214.0,1473214.0,1473714.0,1473214,1474848.0,1473214.0,1474848.0,1473214.0,1474848.0
YDR516C,EMI2,4,gene,1474974,1476476,-,Verified,1502,,1476476.0,1476776.0,1475976.0,1476476.0,1474974,1476476.0,,,1476476.0,1474974.0
YDR517W,GRH1,4,gene,1477239,1478357,+,Verified,1118,False,1476846.0,1477146.0,1477146.0,1477646.0,1477146,1478461.0,1477146.0,1478461.0,1477146.0,1478461.0
YDR518W,EUG1,4,gene,1478608,1480161,+,Verified,1553,False,1478284.0,1478584.0,1478584.0,1479084.0,1478584,1480212.0,1478584.0,1480212.0,1478584.0,1480212.0
YDR519W,FPR2,4,gene,1480425,1480832,+,Verified,407,False,1480118.0,1480418.0,1480418.0,1480918.0,1480418,1481041.0,1480418.0,1481041.0,1480418.0,1481041.0
YDR520C,URC2,4,gene,1481085,1483403,-,Uncharacterized,2318,False,1483502.0,1483802.0,1483002.0,1483502.0,1480951,1483502.0,1483502.0,1480951.0,1483502.0,1480951.0
YDR522C,SPS2,4,gene,1483795,1485303,-,Verified,1508,,1485303.0,1485603.0,1484803.0,1485303.0,1483795,1485303.0,,,1485303.0,1483795.0
YDR523C,SPS1,4,gene,1485566,1487038,-,Verified,1472,,1487038.0,1487338.0,1486538.0,1487038.0,1485566,1487038.0,,,1487038.0,1485566.0
YDR524C,AGE1,4,gene,1487542,1488990,-,Verified,1448,False,1489058.0,1489358.0,1488558.0,1489058.0,1487272,1489058.0,1489058.0,1487272.0,1489058.0,1487272.0
YDR524W-C,YDR524W-C,4,gene,1489403,1489492,+,Uncharacterized,89,,1489103.0,1489403.0,1489403.0,1489903.0,1489403,1489492.0,,,1489403.0,1489492.0
YDR524C-B,YDR524C-B,4,gene,1489598,1489798,-,Uncharacterized,200,False,1489844.0,1490144.0,1489344.0,1489844.0,1489268,1489844.0,1489844.0,1489268.0,1489844.0,1489268.0
YDR525W-A,SNA2,4,gene,1490596,1490835,+,Verified,239,False,1490211.0,1490511.0,1490511.0,1491011.0,1490511,1491063.0,1490511.0,1491063.0,1490511.0,1491063.0
YDR527W,RBA50,4,gene,1491094,1492413,+,Verified,1319,False,1490714.0,1491014.0,1491014.0,1491514.0,1491014,1492492.0,1491014.0,1492492.0,1491014.0,1492492.0
YDR528W,HLR1,4,gene,1494586,1495857,+,Verified,1271,False,1493980.0,1494280.0,1494280.0,1494780.0,1494280,1495981.0,1494280.0,1495981.0,1494280.0,1495981.0
YDR529C,QCR7,4,gene,1496165,1496548,-,Verified,383,False,1496586.0,1496886.0,1496086.0,1496586.0,1495976,1496586.0,1496586.0,1495976.0,1496586.0,1495976.0
YDR530C,APA2,4,gene,1496791,1497768,-,Verified,977,False,1497774.0,1498074.0,1497274.0,1497774.0,1496639,1497774.0,1497774.0,1496639.0,1497774.0,1496639.0
YDR531W,CAB1,4,gene,1498232,1499335,+,Verified,1103,False,1497842.0,1498142.0,1498142.0,1498642.0,1498142,1499409.0,1498142.0,1499409.0,1498142.0,1499409.0
YDR532C,KRE28,4,gene,1499396,1500553,-,Verified,1157,False,1500589.0,1500889.0,1500089.0,1500589.0,1499335,1500589.0,1500589.0,1499335.0,1500589.0,1499335.0
YDR533C,HSP31,4,gene,1501447,1502160,-,Verified,713,False,1502200.0,1502500.0,1501700.0,1502200.0,1501381,1502200.0,1502200.0,1501381.0,1502200.0,1501381.0
YDR534C,FIT1,4,gene,1503314,1504900,-,Verified,1586,False,1504923.0,1505223.0,1504423.0,1504923.0,1503314,1504923.0,1504923.0,,1504923.0,1503314.0
YDR536W,STL1,4,gene,1508005,1509714,+,Verified,1709,,1507705.0,1508005.0,1508005.0,1508505.0,1508005,1509714.0,,,1508005.0,1509714.0
YDR538W,PAD1,4,gene,1510902,1511630,+,Verified,728,False,1510553.0,1510853.0,1510853.0,1511353.0,1510853,1511854.0,1510853.0,1511854.0,1510853.0,1511854.0
YDR539W,FDC1,4,gene,1512094,1513605,+,Verified,1511,False,1511763.0,1512063.0,1512063.0,1512563.0,1512063,1513666.0,1512063.0,1513666.0,1512063.0,1513666.0
YDR540C,IRC4,4,gene,1517136,1517675,-,Verified,539,False,1517759.0,1518059.0,1517259.0,1517759.0,1516828,1517759.0,1517759.0,1516828.0,1517759.0,1516828.0
YDR541C,YDR541C,4,gene,1519664,1520698,-,Uncharacterized,1034,False,1520870.0,1521170.0,1520370.0,1520870.0,1519462,1520870.0,1520870.0,1519462.0,1520870.0,1519462.0
YDR542W,PAU10,4,gene,1523249,1523611,+,Verified,362,,1522949.0,1523249.0,1523249.0,1523749.0,1523249,1523611.0,,,1523249.0,1523611.0
YDR545W,YRF1-1,4,gene,1526321,1531711,+,Verified,5390,False,1525616.0,1525916.0,1525916.0,1526416.0,1525916,1531789.0,1525916.0,1531789.0,1525916.0,1531789.0
YEL077C,YEL077C,5,gene,264,4097,-,Uncharacterized,3833,,4097.0,4397.0,3597.0,4097.0,264,4097.0,,,4097.0,264.0
YEL076C-A,YEL076C-A,5,gene,4185,5114,-,Uncharacterized,929,,5114.0,5414.0,4614.0,5114.0,4185,5114.0,,,5114.0,4185.0
YEL076C,YEL076C,5,gene,4464,5114,-,Uncharacterized,650,,5114.0,5414.0,4614.0,5114.0,4464,5114.0,,,5114.0,4464.0
YEL075C,YEL075C,5,gene,5345,5713,-,Uncharacterized,368,,5713.0,6013.0,5213.0,5713.0,5345,5713.0,,,5713.0,5345.0
YEL073C,YEL073C,5,gene,7230,7553,-,Uncharacterized,323,,7553.0,7853.0,7053.0,7553.0,7230,7553.0,,,7553.0,7230.0
YEL072W,RMD6,5,gene,13720,14415,+,Verified,695,False,13301.0,13601.0,13601.0,14101.0,13601,14746.0,13601.0,14746.0,13601.0,14746.0
YEL071W,DLD3,5,gene,16355,17845,+,Verified,1490,False,16043.0,16343.0,16343.0,16843.0,16343,17968.0,16343.0,17968.0,16343.0,17968.0
YEL070W,DSF1,5,gene,19589,21097,+,Uncharacterized,1508,,19289.0,19589.0,19589.0,20089.0,19589,21097.0,,,19589.0,21097.0
YEL069C,HXT13,5,gene,21537,23231,-,Verified,1694,,23231.0,23531.0,22731.0,23231.0,21537,23231.0,,,23231.0,21537.0
YEL067C,YEL067C,5,gene,26189,26776,-,Uncharacterized,587,False,26539.0,26839.0,26039.0,26539.0,26189,26539.0,26539.0,,26539.0,26189.0
YEL066W,HPA3,5,gene,26667,27206,+,Verified,539,False,26403.0,26703.0,26703.0,27203.0,26703,27284.0,26703.0,27284.0,26703.0,27284.0
YEL065W,SIT1,5,gene,27657,29543,+,Verified,1886,False,27338.0,27638.0,27638.0,28138.0,27638,29621.0,27638.0,29621.0,27638.0,29621.0
YEL064C,AVT2,5,gene,29797,31239,-,Verified,1442,False,31285.0,31585.0,30785.0,31285.0,29689,31285.0,31285.0,29689.0,31285.0,29689.0
YEL063C,CAN1,5,gene,31694,33466,-,Verified,1772,False,33686.0,33986.0,33186.0,33686.0,31415,33686.0,33686.0,31415.0,33686.0,31415.0
YEL062W,NPR2,5,gene,34407,36254,+,Verified,1847,,34107.0,34407.0,34407.0,34907.0,34407,36254.0,,,34407.0,36254.0
YEL061C,CIN8,5,gene,36535,39537,-,Verified,3002,False,39671.0,39971.0,39171.0,39671.0,36274,39671.0,39671.0,36274.0,39671.0,36274.0
YEL060C,PRB1,5,gene,40046,41953,-,Verified,1907,False,42009.0,42309.0,41509.0,42009.0,39896,42009.0,42009.0,39896.0,42009.0,39896.0
YEL059C-A,SOM1,5,gene,42400,42624,-,Verified,224,False,42702.0,43002.0,42202.0,42702.0,42365,42702.0,42702.0,42365.0,42702.0,42365.0
YEL058W,PCM1,5,gene,43252,44925,+,Verified,1673,False,42915.0,43215.0,43215.0,43715.0,43215,45000.0,43215.0,45000.0,43215.0,45000.0
YEL057C,YEL057C,5,gene,45020,45721,-,Uncharacterized,701,False,46035.0,46335.0,45535.0,46035.0,44943,46035.0,46035.0,44943.0,46035.0,44943.0
YEL056W,HAT2,5,gene,47168,48373,+,Verified,1205,False,46818.0,47118.0,47118.0,47618.0,47118,48484.0,47118.0,48484.0,47118.0,48484.0
YEL055C,POL5,5,gene,48471,51539,-,Verified,3068,False,51595.0,51895.0,51095.0,51595.0,48282,51595.0,51595.0,48282.0,51595.0,48282.0
YEL054C,RPL12A,5,gene,52721,53218,-,Verified,497,False,53246.0,53546.0,52746.0,53246.0,52484,53246.0,53246.0,52484.0,53246.0,52484.0
YEL053C,MAK10,5,gene,53901,56102,-,Verified,2201,False,56149.0,56449.0,55649.0,56149.0,53819,56149.0,56149.0,53819.0,56149.0,53819.0
YEL052W,AFG1,5,gene,56571,58100,+,Verified,1529,False,56236.0,56536.0,56536.0,57036.0,56536,58167.0,56536.0,58167.0,56536.0,58167.0
YEL051W,VMA8,5,gene,58378,59148,+,Verified,770,False,58032.0,58332.0,58332.0,58832.0,58332,59255.0,58332.0,59255.0,58332.0,59255.0
YEL050C,RML2,5,gene,59670,60851,-,Verified,1181,False,60903.0,61203.0,60403.0,60903.0,59517,60903.0,60903.0,59517.0,60903.0,59517.0
YEL049W,PAU2,5,gene,63728,64090,+,Verified,362,False,63129.0,63429.0,63429.0,63929.0,63429,64090.0,63429.0,,63429.0,64090.0
YEL048C,TCA17,5,gene,64709,65167,-,Verified,458,False,65189.0,65489.0,64689.0,65189.0,64709,65189.0,65189.0,,65189.0,64709.0
YEL047C,YEL047C,5,gene,65385,66797,-,Verified,1412,False,66812.0,67112.0,66312.0,66812.0,65306,66812.0,66812.0,65306.0,66812.0,65306.0
YEL046C,GLY1,5,gene,67629,68792,-,Verified,1163,False,68895.0,69195.0,68395.0,68895.0,67507,68895.0,68895.0,67507.0,68895.0,67507.0
YEL044W,IES6,5,gene,69757,70257,+,Verified,500,False,69441.0,69741.0,69741.0,70241.0,69741,70309.0,69741.0,70309.0,69741.0,70309.0
YEL043W,YEL043W,5,gene,70478,73348,+,Verified,2870,False,70145.0,70445.0,70445.0,70945.0,70445,73415.0,70445.0,73415.0,70445.0,73415.0
YEL042W,GDA1,5,gene,73771,75327,+,Verified,1556,False,73388.0,73688.0,73688.0,74188.0,73688,75474.0,73688.0,75474.0,73688.0,75474.0
YEL041W,YEF1,5,gene,75944,77431,+,Verified,1487,False,75376.0,75676.0,75676.0,76176.0,75676,77757.0,75676.0,77757.0,75676.0,77757.0
YEL040W,UTR2,5,gene,78053,79456,+,Verified,1403,False,77738.0,78038.0,78038.0,78538.0,78038,79603.0,78038.0,79603.0,78038.0,79603.0
YEL039C,CYC7,5,gene,79636,79977,-,Verified,341,False,80126.0,80426.0,79626.0,80126.0,79636,80126.0,80126.0,,80126.0,79636.0
YEL038W,UTR4,5,gene,80462,81145,+,Verified,683,False,80116.0,80416.0,80416.0,80916.0,80416,81197.0,80416.0,81197.0,80416.0,81197.0
YEL037C,RAD23,5,gene,81407,82603,-,Verified,1196,False,82763.0,83063.0,82263.0,82763.0,81246,82763.0,82763.0,81246.0,82763.0,81246.0
YEL036C,ANP1,5,gene,83050,84552,-,Verified,1502,False,84698.0,84998.0,84198.0,84698.0,82967,84698.0,84698.0,82967.0,84698.0,82967.0
YEL035C,UTR5,5,gene,85045,85545,-,Uncharacterized,500,,85545.0,85845.0,85045.0,85545.0,85045,85545.0,,,85545.0,85045.0
YEL034W,HYP2,5,gene,85676,86149,+,Verified,473,False,85316.0,85616.0,85616.0,86116.0,85616,86368.0,85616.0,86368.0,85616.0,86368.0
YEL033W,MTC7,5,gene,86179,86598,+,Uncharacterized,419,,85879.0,86179.0,86179.0,86679.0,86179,86598.0,,,86179.0,86598.0
YEL032W,MCM3,5,gene,86937,89852,+,Verified,2915,False,86587.0,86887.0,86887.0,87387.0,86887,90005.0,86887.0,90005.0,86887.0,90005.0
YEL031W,SPF1,5,gene,90258,93905,+,Verified,3647,False,89928.0,90228.0,90228.0,90728.0,90228,94008.0,90228.0,94008.0,90228.0,94008.0
YEL030W,ECM10,5,gene,94644,96578,+,Verified,1934,,94344.0,94644.0,94644.0,95144.0,94644,96578.0,,,94644.0,96578.0
YEL029C,BUD16,5,gene,96858,97796,-,Verified,938,False,97862.0,98162.0,97362.0,97862.0,96591,97862.0,97862.0,96591.0,97862.0,96591.0
YEL027W,VMA3,5,gene,100769,101251,+,Verified,482,False,100400.0,100700.0,100700.0,101200.0,100700,101505.0,100700.0,101505.0,100700.0,101505.0
YEL026W,SNU13,5,gene,101943,102323,+,Verified,380,False,101554.0,101854.0,101854.0,102354.0,101854,102395.0,101854.0,102395.0,101854.0,102395.0
YEL025C,YEL025C,5,gene,102581,106147,-,Uncharacterized,3566,False,106165.0,106465.0,105665.0,106165.0,102298,106165.0,106165.0,102298.0,106165.0,102298.0
YEL024W,RIP1,5,gene,107260,107907,+,Verified,647,False,106900.0,107200.0,107200.0,107700.0,107200,107907.0,107200.0,,107200.0,107907.0
YEL023C,YEL023C,5,gene,108504,110552,-,Uncharacterized,2048,False,111114.0,111414.0,110614.0,111114.0,108386,111114.0,111114.0,108386.0,111114.0,108386.0
YEL022W,GEA2,5,gene,111421,115800,+,Verified,4379,False,111055.0,111355.0,111355.0,111855.0,111355,115877.0,111355.0,115877.0,111355.0,115877.0
YEL021W,URA3,5,gene,116167,116970,+,Verified,803,,115867.0,116167.0,116167.0,116667.0,116167,116970.0,,,116167.0,116970.0
YEL020W-A,TIM9,5,gene,117211,117474,+,Verified,263,False,116895.0,117195.0,117195.0,117695.0,117195,117591.0,117195.0,117591.0,117195.0,117591.0
YEL020C,YEL020C,5,gene,118617,120299,-,Uncharacterized,1682,,120299.0,120599.0,119799.0,120299.0,118617,120299.0,,,120299.0,118617.0
YEL019C,MMS21,5,gene,120498,121301,-,Verified,803,False,121312.0,121612.0,120812.0,121312.0,120282,121312.0,121312.0,120282.0,121312.0,120282.0
YEL018W,EAF5,5,gene,121471,122310,+,Verified,839,False,121168.0,121468.0,121468.0,121968.0,121468,122401.0,121468.0,122401.0,121468.0,122401.0
YEL017C-A,PMP2,5,gene,122798,122929,-,Verified,131,False,122960.0,123260.0,122460.0,122960.0,122659,122960.0,122960.0,122659.0,122960.0,122659.0
YEL017W,GTT3,5,gene,123657,124670,+,Verified,1013,False,123348.0,123648.0,123648.0,124148.0,123648,124762.0,123648.0,124762.0,123648.0,124762.0
YEL016C,NPP2,5,gene,124737,126218,-,Verified,1481,False,126397.0,126697.0,125897.0,126397.0,124538,126397.0,126397.0,124538.0,126397.0,124538.0
YEL015W,EDC3,5,gene,126629,128284,+,Verified,1655,False,126297.0,126597.0,126597.0,127097.0,126597,128451.0,126597.0,128451.0,126597.0,128451.0
YEL013W,VAC8,5,gene,128825,130561,+,Verified,1736,False,128289.0,128589.0,128589.0,129089.0,128589,130736.0,128589.0,130736.0,128589.0,130736.0
YEL012W,UBC8,5,gene,131772,132551,+,Verified,779,False,131378.0,131678.0,131678.0,132178.0,131678,132661.0,131678.0,132661.0,131678.0,132661.0
YEL011W,GLC3,5,gene,133120,135234,+,Verified,2114,,132820.0,133120.0,133120.0,133620.0,133120,135234.0,,,133120.0,135234.0
YEL009C,GCN4,5,gene,138918,139763,-,Verified,845,False,140335.0,140635.0,139835.0,140335.0,138824,140335.0,140335.0,138824.0,140335.0,138824.0
YEL007W,YEL007W,5,gene,141892,143892,+,Uncharacterized,2000,False,141341.0,141641.0,141641.0,142141.0,141641,143926.0,141641.0,143926.0,141641.0,143926.0
YEL006W,YEA6,5,gene,144327,145334,+,Verified,1007,False,143971.0,144271.0,144271.0,144771.0,144271,145703.0,144271.0,145703.0,144271.0,145703.0
YEL005C,VAB2,5,gene,145907,146755,-,Verified,848,False,146792.0,147092.0,146292.0,146792.0,145826,146792.0,146792.0,145826.0,146792.0,145826.0
YEL004W,YEA4,5,gene,146951,147979,+,Verified,1028,False,146620.0,146920.0,146920.0,147420.0,146920,148313.0,146920.0,148313.0,146920.0,148313.0
YEL003W,GIM4,5,gene,148176,148599,+,Verified,423,False,147868.0,148168.0,148168.0,148668.0,148168,148724.0,148168.0,148724.0,148168.0,148724.0
YEL002C,WBP1,5,gene,148722,150014,-,Verified,1292,False,150065.0,150365.0,149565.0,150065.0,148650,150065.0,150065.0,148650.0,150065.0,148650.0
YEL001C,IRC22,5,gene,150301,150978,-,Verified,677,False,151006.0,151306.0,150506.0,151006.0,150207,151006.0,151006.0,150207.0,151006.0,150207.0
YER001W,MNN1,5,gene,153520,155808,+,Verified,2288,False,153172.0,153472.0,153472.0,153972.0,153472,155913.0,153472.0,155913.0,153472.0,155913.0
YER002W,NOP16,5,gene,156803,157498,+,Verified,695,False,156455.0,156755.0,156755.0,157255.0,156755,157587.0,156755.0,157587.0,156755.0,157587.0
YER003C,PMI40,5,gene,157736,159118,-,Verified,1382,False,159163.0,159463.0,158663.0,159163.0,157673,159163.0,159163.0,157673.0,159163.0,157673.0
YER004W,FMP52,5,gene,159580,160275,+,Verified,695,False,159271.0,159571.0,159571.0,160071.0,159571,160530.0,159571.0,160530.0,159571.0,160530.0
YER005W,YND1,5,gene,160550,162442,+,Verified,1892,,160250.0,160550.0,160550.0,161050.0,160550,162442.0,,,160550.0,162442.0
YER006W,NUG1,5,gene,162723,164285,+,Verified,1562,False,162397.0,162697.0,162697.0,163197.0,162697,164380.0,162697.0,164380.0,162697.0,164380.0
YER007W,PAC2,5,gene,164527,166083,+,Verified,1556,False,164205.0,164505.0,164505.0,165005.0,164505,166239.0,164505.0,166239.0,164505.0,166239.0
YER007C-A,TMA20,5,gene,166237,166885,-,Verified,648,False,166926.0,167226.0,166426.0,166926.0,166049,166926.0,166926.0,166049.0,166926.0,166049.0
YER008C,SEC3,5,gene,167808,171818,-,Verified,4010,False,171885.0,172185.0,171385.0,171885.0,167736,171885.0,171885.0,167736.0,171885.0,167736.0
YER009W,NTF2,5,gene,172115,172492,+,Verified,377,False,171782.0,172082.0,172082.0,172582.0,172082,172667.0,172082.0,172667.0,172082.0,172667.0
YER010C,YER010C,5,gene,172634,173338,-,Verified,704,False,173368.0,173668.0,172868.0,173368.0,172569,173368.0,173368.0,172569.0,173368.0,172569.0
YER011W,TIR1,5,gene,175248,176012,+,Verified,764,False,174895.0,175195.0,175195.0,175695.0,175195,176167.0,175195.0,176167.0,175195.0,176167.0
YER012W,PRE1,5,gene,177835,178431,+,Verified,596,False,177474.0,177774.0,177774.0,178274.0,177774,178561.0,177774.0,178561.0,177774.0,178561.0
YER013W,PRP22,5,gene,178841,182278,+,Verified,3437,False,178508.0,178808.0,178808.0,179308.0,178808,182358.0,178808.0,182358.0,178808.0,182358.0
YER014W,HEM14,5,gene,182600,184219,+,Verified,1619,False,182270.0,182570.0,182570.0,183070.0,182570,184331.0,182570.0,184331.0,182570.0,184331.0
YER014C-A,BUD25,5,gene,183731,184700,-,Verified,969,,184700.0,185000.0,184200.0,184700.0,183731,184700.0,,,184700.0,183731.0
YER015W,FAA2,5,gene,184541,186775,+,Verified,2234,False,184220.0,184520.0,184520.0,185020.0,184520,187015.0,184520.0,187015.0,184520.0,187015.0
YER016W,BIM1,5,gene,188277,189311,+,Verified,1034,False,187944.0,188244.0,188244.0,188744.0,188244,189430.0,188244.0,189430.0,188244.0,189430.0
YER017C,AFG3,5,gene,189503,191788,-,Verified,2285,False,191870.0,192170.0,191370.0,191870.0,189323,191870.0,191870.0,189323.0,191870.0,189323.0
YER018C,SPC25,5,gene,191959,192624,-,Verified,665,False,192688.0,192988.0,192188.0,192688.0,191886,192688.0,192688.0,191886.0,192688.0,191886.0
YER019W,ISC1,5,gene,192797,194230,+,Verified,1433,False,192585.0,192885.0,192885.0,193385.0,192885,194320.0,192885.0,194320.0,192885.0,194320.0
YER019C-A,SBH2,5,gene,194273,194539,-,Verified,266,False,194593.0,194893.0,194093.0,194593.0,194219,194593.0,194593.0,194219.0,194593.0,194219.0
YER020W,GPA2,5,gene,195168,196517,+,Verified,1349,False,194775.0,195075.0,195075.0,195575.0,195075,196692.0,195075.0,196692.0,195075.0,196692.0
YER021W,RPN3,5,gene,196948,198519,+,Verified,1571,False,196587.0,196887.0,196887.0,197387.0,196887,198646.0,196887.0,198646.0,196887.0,198646.0
YER022W,SRB4,5,gene,198812,200875,+,Verified,2063,False,198477.0,198777.0,198777.0,199277.0,198777,200975.0,198777.0,200975.0,198777.0,200975.0
YER023W,PRO3,5,gene,201076,201936,+,Verified,860,False,200741.0,201041.0,201041.0,201541.0,201041,202006.0,201041.0,202006.0,201041.0,202006.0
YER024W,YAT2,5,gene,202192,204963,+,Verified,2771,,201892.0,202192.0,202192.0,202692.0,202192,204963.0,,,202192.0,204963.0
YER025W,GCD11,5,gene,205251,206834,+,Verified,1583,False,204926.0,205226.0,205226.0,205726.0,205226,207095.0,205226.0,207095.0,205226.0,207095.0
YER026C,CHO1,5,gene,207644,208474,-,Verified,830,False,208506.0,208806.0,208006.0,208506.0,207516,208506.0,208506.0,207516.0,208506.0,207516.0
YER027C,GAL83,5,gene,208979,210232,-,Verified,1253,False,210305.0,210605.0,209805.0,210305.0,208963,210305.0,210305.0,208963.0,210305.0,208963.0
YER028C,MIG3,5,gene,210692,211876,-,Verified,1184,False,211906.0,212206.0,211406.0,211906.0,210637,211906.0,211906.0,210637.0,211906.0,210637.0
YER029C,SMB1,5,gene,212587,213177,-,Verified,590,False,213244.0,213544.0,212744.0,213244.0,212508,213244.0,213244.0,212508.0,213244.0,212508.0
YER030W,CHZ1,5,gene,213437,213898,+,Verified,461,False,213130.0,213430.0,213430.0,213930.0,213430,214023.0,213430.0,214023.0,213430.0,214023.0
YER031C,YPT31,5,gene,214076,214747,-,Verified,671,False,214782.0,215082.0,214282.0,214782.0,213867,214782.0,214782.0,213867.0,214782.0,213867.0
YER032W,FIR1,5,gene,215063,217693,+,Verified,2630,False,214708.0,215008.0,215008.0,215508.0,215008,217884.0,215008.0,217884.0,215008.0,217884.0
YER033C,ZRG8,5,gene,218057,221287,-,Verified,3230,,221287.0,221587.0,220787.0,221287.0,218057,221287.0,,,221287.0,218057.0
YER034W,YER034W,5,gene,221846,222403,+,Uncharacterized,557,False,221534.0,221834.0,221834.0,222334.0,221834,222619.0,221834.0,222619.0,221834.0,222619.0
YER035W,EDC2,5,gene,222639,223076,+,Verified,437,False,222265.0,222565.0,222565.0,223065.0,222565,223214.0,222565.0,223214.0,222565.0,223214.0
YER036C,ARB1,5,gene,223367,225199,-,Verified,1832,False,225233.0,225533.0,224733.0,225233.0,223262,225233.0,225233.0,223262.0,225233.0,223262.0
YER037W,PHM8,5,gene,225889,226854,+,Verified,965,False,225509.0,225809.0,225809.0,226309.0,225809,226854.0,225809.0,,225809.0,226854.0
YER038C,KRE29,5,gene,226858,228252,-,Verified,1394,False,228233.0,228533.0,227733.0,228233.0,226858,228233.0,228233.0,,228233.0,226858.0
YER039C,HVG1,5,gene,228456,229205,-,Verified,749,False,229503.0,229803.0,229003.0,229503.0,228321,229503.0,229503.0,228321.0,229503.0,228321.0
YER039C-A,YER039C-A,5,gene,229263,229481,-,Uncharacterized,218,False,229503.0,229803.0,229003.0,229503.0,229263,229503.0,229503.0,,229503.0,229263.0
YER040W,GLN3,5,gene,229795,231987,+,Verified,2192,False,229414.0,229714.0,229714.0,230214.0,229714,232250.0,229714.0,232250.0,229714.0,232250.0
YER041W,YEN1,5,gene,232461,234740,+,Verified,2279,False,232086.0,232386.0,232386.0,232886.0,232386,234903.0,232386.0,234903.0,232386.0,234903.0
YER042W,MXR1,5,gene,234937,235491,+,Verified,554,False,234618.0,234918.0,234918.0,235418.0,234918,235655.0,234918.0,235655.0,234918.0,235655.0
YER043C,SAH1,5,gene,235770,237119,-,Verified,1349,False,237144.0,237444.0,236644.0,237144.0,235553,237144.0,237144.0,235553.0,237144.0,235553.0
YER044C,ERG28,5,gene,237570,238016,-,Verified,446,False,238056.0,238356.0,237556.0,238056.0,237446,238056.0,238056.0,237446.0,238056.0,237446.0
YER044C-A,MEI4,5,gene,238460,239774,-,Verified,1314,False,239781.0,240081.0,239281.0,239781.0,238460,239781.0,239781.0,,239781.0,238460.0
YER045C,ACA1,5,gene,240032,241501,-,Verified,1469,False,241653.0,241953.0,241153.0,241653.0,239911,241653.0,241653.0,239911.0,241653.0,239911.0
YER046W,SPO73,5,gene,243180,243611,+,Verified,431,False,242867.0,243167.0,243167.0,243667.0,243167,243703.0,243167.0,243703.0,243167.0,243703.0
YER047C,SAP1,5,gene,243810,246503,-,Verified,2693,False,246692.0,246992.0,246192.0,246692.0,243678,246692.0,246692.0,243678.0,246692.0,243678.0
YER048C,CAJ1,5,gene,246982,248157,-,Verified,1175,False,248225.0,248525.0,247725.0,248225.0,246862,248225.0,248225.0,246862.0,248225.0,246862.0
YER048W-A,ISD11,5,gene,250718,251002,+,Verified,284,False,250338.0,250638.0,250638.0,251138.0,250638,251337.0,250638.0,251337.0,250638.0,251337.0
YER049W,TPA1,5,gene,251728,253662,+,Verified,1934,False,251411.0,251711.0,251711.0,252211.0,251711,253748.0,251711.0,253748.0,251711.0,253748.0
YER050C,RSM18,5,gene,253971,254387,-,Verified,416,False,254447.0,254747.0,253947.0,254447.0,253860,254447.0,254447.0,253860.0,254447.0,253860.0
YER051W,JHD1,5,gene,254656,256134,+,Verified,1478,False,254341.0,254641.0,254641.0,255141.0,254641,256352.0,254641.0,256352.0,254641.0,256352.0
YER052C,HOM3,5,gene,256375,257958,-,Verified,1583,False,258061.0,258361.0,257561.0,258061.0,256264,258061.0,258061.0,256264.0,258061.0,256264.0
YER053C,PIC2,5,gene,258737,259639,-,Verified,902,False,259858.0,260158.0,259358.0,259858.0,258579,259858.0,259858.0,258579.0,259858.0,258579.0
YER053C-A,YER053C-A,5,gene,260933,261046,-,Uncharacterized,113,False,261325.0,261625.0,260825.0,261325.0,260933,261325.0,261325.0,,261325.0,260933.0
YER054C,GIP2,5,gene,262052,263698,-,Verified,1646,,263698.0,263998.0,263198.0,263698.0,262052,263698.0,,,263698.0,262052.0
YER055C,HIS1,5,gene,264892,265785,-,Verified,893,False,265795.0,266095.0,265295.0,265795.0,264810,265795.0,265795.0,264810.0,265795.0,264810.0
YER056C,FCY2,5,gene,266512,268113,-,Verified,1601,False,268201.0,268501.0,267701.0,268201.0,266392,268201.0,268201.0,266392.0,268201.0,266392.0
YER056C-A,RPL34A,5,gene,269423,270185,-,Verified,762,False,270213.0,270513.0,269713.0,270213.0,269345,270213.0,270213.0,269345.0,270213.0,269345.0
YER057C,HMF1,5,gene,270737,271126,-,Verified,389,False,271170.0,271470.0,270670.0,271170.0,270654,271170.0,271170.0,270654.0,271170.0,270654.0
YER058W,PET117,5,gene,271768,272091,+,Verified,323,False,271437.0,271737.0,271737.0,272237.0,271737,272171.0,271737.0,272171.0,271737.0,272171.0
YER059W,PCL6,5,gene,272624,273886,+,Verified,1262,False,272164.0,272464.0,272464.0,272964.0,272464,273959.0,272464.0,273959.0,272464.0,273959.0
YER060W,FCY21,5,gene,274567,276153,+,Verified,1586,False,274129.0,274429.0,274429.0,274929.0,274429,276407.0,274429.0,276407.0,274429.0,276407.0
YER060W-A,FCY22,5,gene,276572,278164,+,Verified,1592,,276272.0,276572.0,276572.0,277072.0,276572,278164.0,,,276572.0,278164.0
YER061C,CEM1,5,gene,278298,279626,-,Verified,1328,False,279667.0,279967.0,279167.0,279667.0,278237,279667.0,279667.0,278237.0,279667.0,278237.0
YER062C,HOR2,5,gene,279930,280682,-,Verified,752,False,280749.0,281049.0,280249.0,280749.0,279744,280749.0,280749.0,279744.0,280749.0,279744.0
YER063W,THO1,5,gene,281710,282366,+,Verified,656,False,281350.0,281650.0,281650.0,282150.0,281650,282513.0,281650.0,282513.0,281650.0,282513.0
YER064C,YER064C,5,gene,282705,284222,-,Uncharacterized,1517,False,284330.0,284630.0,283830.0,284330.0,282448,284330.0,284330.0,282448.0,284330.0,282448.0
YER065C,ICL1,5,gene,285241,286914,-,Verified,1673,False,287183.0,287483.0,286683.0,287183.0,285125,287183.0,287183.0,285125.0,287183.0,285125.0
YER066W,RRT13,5,gene,290242,290799,+,Uncharacterized,557,False,289016.0,289316.0,289316.0,289816.0,289316,290939.0,289316.0,290939.0,289316.0,290939.0
YER067W,RGI1,5,gene,292066,292551,+,Verified,485,False,291691.0,291991.0,291991.0,292491.0,291991,292651.0,291991.0,292651.0,291991.0,292651.0
YER068W,MOT2,5,gene,293050,294813,+,Verified,1763,False,292660.0,292960.0,292960.0,293460.0,292960,294925.0,292960.0,294925.0,292960.0,294925.0
YER069W,ARG5%2C6,5,gene,295410,298001,+,Verified,2591,False,295052.0,295352.0,295352.0,295852.0,295352,298150.0,295352.0,298150.0,295352.0,298150.0
YER070W,RNR1,5,gene,298950,301616,+,Verified,2666,False,298612.0,298912.0,298912.0,299412.0,298912,301828.0,298912.0,301828.0,298912.0,301828.0
YER071C,YER071C,5,gene,301947,302327,-,Uncharacterized,380,False,302322.0,302622.0,301822.0,302322.0,301904,302322.0,302322.0,301904.0,302322.0,301904.0
YER072W,VTC1,5,gene,302806,303195,+,Verified,389,False,302489.0,302789.0,302789.0,303289.0,302789,303322.0,302789.0,303322.0,302789.0,303322.0
YER073W,ALD5,5,gene,304030,305592,+,Verified,1562,False,303475.0,303775.0,303775.0,304275.0,303775,305866.0,303775.0,305866.0,303775.0,305866.0
YER074W,RPS24A,5,gene,306323,307196,+,Verified,873,False,305972.0,306272.0,306272.0,306772.0,306272,307299.0,306272.0,307299.0,306272.0,307299.0
YER074W-A,YOS1,5,gene,307653,308123,+,Verified,470,False,307354.0,307654.0,307654.0,308154.0,307654,308197.0,307654.0,308197.0,307654.0,308197.0
YER075C,PTP3,5,gene,308413,311199,-,Verified,2786,False,311362.0,311662.0,310862.0,311362.0,308295,311362.0,311362.0,308295.0,311362.0,308295.0
YER076C,YER076C,5,gene,312590,313498,-,Uncharacterized,908,False,313977.0,314277.0,313477.0,313977.0,312440,313977.0,313977.0,312440.0,313977.0,312440.0
YER077C,YER077C,5,gene,314534,316600,-,Uncharacterized,2066,False,316584.0,316884.0,316084.0,316584.0,314456,316584.0,316584.0,314456.0,316584.0,314456.0
YER078C,ICP55,5,gene,316807,318342,-,Verified,1535,False,318567.0,318867.0,318067.0,318567.0,316737,318567.0,318567.0,316737.0,318567.0,316737.0
YER078W-A,YER078W-A,5,gene,318646,318810,+,Uncharacterized,164,False,318264.0,318564.0,318564.0,319064.0,318564,318810.0,318564.0,,318564.0,318810.0
YER079W,YER079W,5,gene,318920,319552,+,Uncharacterized,632,False,318544.0,318844.0,318844.0,319344.0,318844,319806.0,318844.0,319806.0,318844.0,319806.0
YER080W,AIM9,5,gene,319963,321846,+,Verified,1883,False,319645.0,319945.0,319945.0,320445.0,319945,321927.0,319945.0,321927.0,319945.0,321927.0
YER081W,SER3,5,gene,322686,324095,+,Verified,1409,False,322343.0,322643.0,322643.0,323143.0,322643,324274.0,322643.0,324274.0,322643.0,324274.0
YER082C,UTP7,5,gene,324272,325936,-,Verified,1664,False,325977.0,326277.0,325477.0,325977.0,324185,325977.0,325977.0,324185.0,325977.0,324185.0
YER083C,GET2,5,gene,326174,327031,-,Verified,857,False,327050.0,327350.0,326550.0,327050.0,326137,327050.0,327050.0,326137.0,327050.0,326137.0
YER085C,YER085C,5,gene,327619,328140,-,Uncharacterized,521,,328140.0,328440.0,327640.0,328140.0,327619,328140.0,,,328140.0,327619.0
YER086W,ILV1,5,gene,328477,330207,+,Verified,1730,False,328078.0,328378.0,328378.0,328878.0,328378,330347.0,328378.0,330347.0,328378.0,330347.0
YER087W,AIM10,5,gene,330576,332306,+,Verified,1730,False,330202.0,330502.0,330502.0,331002.0,330502,332375.0,330502.0,332375.0,330502.0,332375.0
YER087C-B,SBH1,5,gene,332582,332830,-,Verified,248,False,332871.0,333171.0,332371.0,332871.0,332375,332871.0,332871.0,332375.0,332871.0,332375.0
YER088C,DOT6,5,gene,333176,335188,-,Verified,2012,False,335278.0,335578.0,334778.0,335278.0,333042,335278.0,335278.0,333042.0,335278.0,333042.0
YER089C,PTC2,5,gene,335946,337340,-,Verified,1394,False,337653.0,337953.0,337153.0,337653.0,335871,337653.0,337653.0,335871.0,337653.0,335871.0
YER090W,TRP2,5,gene,337949,339472,+,Verified,1523,False,337557.0,337857.0,337857.0,338357.0,337857,339577.0,337857.0,339577.0,337857.0,339577.0
YER091C,MET6,5,gene,339864,342167,-,Verified,2303,False,342238.0,342538.0,341738.0,342238.0,339640,342238.0,342238.0,339640.0,342238.0,339640.0
YER092W,IES5,5,gene,342855,343232,+,Verified,377,False,342547.0,342847.0,342847.0,343347.0,342847,343488.0,342847.0,343488.0,342847.0,343488.0
YER093C,TSC11,5,gene,343320,347612,-,Verified,4292,False,347712.0,348012.0,347212.0,347712.0,343263,347712.0,347712.0,343263.0,347712.0,343263.0
YER093C-A,AIM11,5,gene,347912,348400,-,Verified,488,False,348414.0,348714.0,347914.0,348414.0,347784,348414.0,348414.0,347784.0,348414.0,347784.0
YER094C,PUP3,5,gene,348729,349346,-,Verified,617,False,349457.0,349757.0,348957.0,349457.0,348576,349457.0,349457.0,348576.0,349457.0,348576.0
YER095W,RAD51,5,gene,349980,351182,+,Verified,1202,False,349614.0,349914.0,349914.0,350414.0,349914,351418.0,349914.0,351418.0,349914.0,351418.0
YER096W,SHC1,5,gene,351698,353236,+,Verified,1538,,351398.0,351698.0,351698.0,352198.0,351698,353236.0,,,351698.0,353236.0
YER098W,UBP9,5,gene,355466,357730,+,Verified,2264,False,354985.0,355285.0,355285.0,355785.0,355285,357884.0,355285.0,357884.0,355285.0,357884.0
YER099C,PRS2,5,gene,358105,359061,-,Verified,956,False,359084.0,359384.0,358584.0,359084.0,358036,359084.0,359084.0,358036.0,359084.0,358036.0
YER100W,UBC6,5,gene,359562,360314,+,Verified,752,False,359185.0,359485.0,359485.0,359985.0,359485,360407.0,359485.0,360407.0,359485.0,360407.0
YER101C,AST2,5,gene,360502,361794,-,Verified,1292,False,361829.0,362129.0,361329.0,361829.0,360379,361829.0,361829.0,360379.0,361829.0,360379.0
YER102W,RPS8B,5,gene,362733,363702,+,Verified,969,False,362789.0,363089.0,363089.0,363589.0,363089,363845.0,363089.0,363845.0,363089.0,363845.0
YER103W,SSA4,5,gene,364589,366517,+,Verified,1928,False,364236.0,364536.0,364536.0,365036.0,364536,366646.0,364536.0,366646.0,364536.0,366646.0
YER104W,RTT105,5,gene,366802,367428,+,Verified,626,False,366462.0,366762.0,366762.0,367262.0,366762,367704.0,366762.0,367704.0,366762.0,367704.0
YER105C,NUP157,5,gene,367838,372013,-,Verified,4175,False,372035.0,372335.0,371535.0,372035.0,367781,372035.0,372035.0,367781.0,372035.0,367781.0
YER106W,MAM1,5,gene,372326,373234,+,Verified,908,,372026.0,372326.0,372326.0,372826.0,372326,373234.0,,,372326.0,373234.0
YER107C,GLE2,5,gene,373448,374545,-,Verified,1097,False,374722.0,375022.0,374222.0,374722.0,373311,374722.0,374722.0,373311.0,374722.0,373311.0
YER109C,FLO8,5,gene,375215,377614,-,Verified,2399,False,377806.0,378106.0,377306.0,377806.0,374940,377806.0,377806.0,374940.0,377806.0,374940.0
YER110C,KAP123,5,gene,378762,382103,-,Verified,3341,False,382212.0,382512.0,381712.0,382212.0,378611,382212.0,382212.0,378611.0,382212.0,378611.0
YER111C,SWI4,5,gene,382595,385876,-,Verified,3281,False,386197.0,386497.0,385697.0,386197.0,382437,386197.0,386197.0,382437.0,386197.0,382437.0
YER112W,LSM4,5,gene,387232,387795,+,Verified,563,False,386892.0,387192.0,387192.0,387692.0,387192,387889.0,387192.0,387889.0,387192.0,387889.0
YER113C,TMN3,5,gene,387932,390052,-,Verified,2120,False,390102.0,390402.0,389602.0,390102.0,387795,390102.0,390102.0,387795.0,390102.0,387795.0
YER114C,BOI2,5,gene,390590,393712,-,Verified,3122,False,394034.0,394334.0,393534.0,394034.0,390259,394034.0,394034.0,390259.0,394034.0,390259.0
YER115C,SPR6,5,gene,394292,394867,-,Verified,575,False,395117.0,395417.0,394617.0,395117.0,394180,395117.0,395117.0,394180.0,395117.0,394180.0
YER116C,SLX8,5,gene,395348,396172,-,Verified,824,False,396288.0,396588.0,395788.0,396288.0,395348,396288.0,396288.0,,396288.0,395348.0
YER117W,RPL23B,5,gene,396769,397653,+,Verified,884,False,396450.0,396750.0,396750.0,397250.0,396750,397717.0,396750.0,397717.0,396750.0,397717.0
YER118C,SHO1,5,gene,397952,399055,-,Verified,1103,False,399236.0,399536.0,398736.0,399236.0,397778,399236.0,399236.0,397778.0,399236.0,397778.0
YER119C,AVT6,5,gene,399496,400842,-,Verified,1346,False,400869.0,401169.0,400369.0,400869.0,399402,400869.0,400869.0,399402.0,400869.0,399402.0
YER120W,SCS2,5,gene,401135,401869,+,Verified,734,False,400810.0,401110.0,401110.0,401610.0,401110,401972.0,401110.0,401972.0,401110.0,401972.0
YER121W,YER121W,5,gene,402375,402719,+,Uncharacterized,344,False,402046.0,402346.0,402346.0,402846.0,402346,402719.0,402346.0,,402346.0,402719.0
YER122C,GLO3,5,gene,402871,404352,-,Verified,1481,False,404434.0,404734.0,403934.0,404434.0,402851,404434.0,404434.0,402851.0,404434.0,402851.0
YER123W,YCK3,5,gene,404813,406387,+,Verified,1574,False,404326.0,404626.0,404626.0,405126.0,404626,406729.0,404626.0,406729.0,404626.0,406729.0
YER124C,DSE1,5,gene,407342,409063,-,Verified,1721,False,409104.0,409404.0,408604.0,409104.0,407002,409104.0,409104.0,407002.0,409104.0,407002.0
YER125W,RSP5,5,gene,410189,412618,+,Verified,2429,False,409386.0,409686.0,409686.0,410186.0,409686,412983.0,409686.0,412983.0,409686.0,412983.0
YER126C,NSA2,5,gene,413394,414179,-,Verified,785,False,414207.0,414507.0,413707.0,414207.0,413203,414207.0,414207.0,413203.0,414207.0,413203.0
YER127W,LCP5,5,gene,414481,415554,+,Verified,1073,False,414170.0,414470.0,414470.0,414970.0,414470,415625.0,414470.0,415625.0,414470.0,415625.0
YER128W,YER128W,5,gene,415859,416470,+,Uncharacterized,611,False,415498.0,415798.0,415798.0,416298.0,415798,416711.0,415798.0,416711.0,415798.0,416711.0
YER129W,SAK1,5,gene,417281,420709,+,Verified,3428,False,416454.0,416754.0,416754.0,417254.0,416754,420957.0,416754.0,420957.0,416754.0,420957.0
YER130C,YER130C,5,gene,421115,422446,-,Uncharacterized,1331,False,422514.0,422814.0,422014.0,422514.0,420897,422514.0,422514.0,420897.0,422514.0,420897.0
YER131W,RPS26B,5,gene,423591,424311,+,Verified,720,False,423237.0,423537.0,423537.0,424037.0,423537,424432.0,423537.0,424432.0,423537.0,424432.0
YER132C,PMD1,5,gene,425188,430449,-,Verified,5261,False,430892.0,431192.0,430392.0,430892.0,425058,430892.0,430892.0,425058.0,430892.0,425058.0
YER133W,GLC7,5,gene,432495,433958,+,Verified,1463,False,432127.0,432427.0,432427.0,432927.0,432427,434186.0,432427.0,434186.0,432427.0,434186.0
YER134C,YER134C,5,gene,437267,437803,-,Uncharacterized,536,False,437850.0,438150.0,437350.0,437850.0,437017,437850.0,437850.0,437017.0,437850.0,437017.0
YER136W,GDI1,5,gene,439616,440971,+,Verified,1355,False,439222.0,439522.0,439522.0,440022.0,439522,441296.0,439522.0,441296.0,439522.0,441296.0
YER137C,YER137C,5,gene,441373,441819,-,Uncharacterized,446,False,441840.0,442140.0,441340.0,441840.0,441304,441840.0,441840.0,441304.0,441840.0,441304.0
YER138W-A,YER138W-A,5,gene,449474,449578,+,Uncharacterized,104,,449174.0,449474.0,449474.0,449974.0,449474,449578.0,,,449474.0,449578.0
YER139C,RTR1,5,gene,450563,451243,-,Verified,680,False,451347.0,451647.0,450847.0,451347.0,450359,451347.0,451347.0,450359.0,451347.0,450359.0
YER140W,YER140W,5,gene,451565,453235,+,Uncharacterized,1670,False,451224.0,451524.0,451524.0,452024.0,451524,453468.0,451524.0,453468.0,451524.0,453468.0
YER141W,COX15,5,gene,453459,454919,+,Verified,1460,False,453097.0,453397.0,453397.0,453897.0,453397,455159.0,453397.0,455159.0,453397.0,455159.0
YER142C,MAG1,5,gene,455146,456036,-,Verified,890,False,456099.0,456399.0,455599.0,456099.0,455060,456099.0,456099.0,455060.0,456099.0,455060.0
YER143W,DDI1,5,gene,456319,457605,+,Verified,1286,False,455962.0,456262.0,456262.0,456762.0,456262,457705.0,456262.0,457705.0,456262.0,457705.0
YER144C,UBP5,5,gene,457806,460223,-,Verified,2417,False,460233.0,460533.0,459733.0,460233.0,457669,460233.0,460233.0,457669.0,460233.0,457669.0
YER145C,FTR1,5,gene,460526,461740,-,Verified,1214,False,461762.0,462062.0,461262.0,461762.0,460359,461762.0,461762.0,460359.0,461762.0,460359.0
YER146W,LSM5,5,gene,462585,462866,+,Verified,281,False,462245.0,462545.0,462545.0,463045.0,462545,462962.0,462545.0,462962.0,462545.0,462962.0
YER147C,SCC4,5,gene,462968,464842,-,Verified,1874,False,464883.0,465183.0,464383.0,464883.0,462866,464883.0,464883.0,462866.0,464883.0,462866.0
YER148W,SPT15,5,gene,465303,466025,+,Verified,722,False,464815.0,465115.0,465115.0,465615.0,465115,466215.0,465115.0,466215.0,465115.0,466215.0
YER149C,PEA2,5,gene,466208,467470,-,Verified,1262,False,467522.0,467822.0,467022.0,467522.0,466131,467522.0,467522.0,466131.0,467522.0,466131.0
YER150W,SPI1,5,gene,468370,468816,+,Verified,446,False,468039.0,468339.0,468339.0,468839.0,468339,468983.0,468339.0,468983.0,468339.0,468983.0
YER151C,UBP3,5,gene,469686,472424,-,Verified,2738,False,472499.0,472799.0,471999.0,472499.0,469618,472499.0,472499.0,469618.0,472499.0,469618.0
YER152C,YER152C,5,gene,472657,473988,-,Verified,1331,False,474017.0,474317.0,473517.0,474017.0,472621,474017.0,474017.0,472621.0,474017.0,472621.0
YER153C,PET122,5,gene,474041,474805,-,Verified,764,False,474813.0,475113.0,474313.0,474813.0,474041,474813.0,474813.0,,474813.0,474041.0
YER154W,OXA1,5,gene,475020,476228,+,Verified,1208,False,474717.0,475017.0,475017.0,475517.0,475017,476294.0,475017.0,476294.0,475017.0,476294.0
YER155C,BEM2,5,gene,476345,482848,-,Verified,6503,False,482911.0,483211.0,482411.0,482911.0,476197,482911.0,482911.0,476197.0,482911.0,476197.0
YER156C,YER156C,5,gene,483325,484341,-,Uncharacterized,1016,False,484358.0,484658.0,483858.0,484358.0,483212,484358.0,484358.0,483212.0,484358.0,483212.0
YER157W,COG3,5,gene,484788,487193,+,Verified,2405,False,484473.0,484773.0,484773.0,485273.0,484773,487275.0,484773.0,487275.0,484773.0,487275.0
YER158C,YER158C,5,gene,488857,490578,-,Uncharacterized,1721,False,490795.0,491095.0,490295.0,490795.0,488733,490795.0,490795.0,488733.0,490795.0,488733.0
YER159C,BUR6,5,gene,491530,491958,-,Verified,428,False,492122.0,492422.0,491622.0,492122.0,491405,492122.0,492122.0,491405.0,492122.0,491405.0
YER161C,SPT2,5,gene,499347,500348,-,Verified,1001,False,500387.0,500687.0,499887.0,500387.0,499077,500387.0,500387.0,499077.0,500387.0,499077.0
YER162C,RAD4,5,gene,500630,502894,-,Verified,2264,False,502930.0,503230.0,502430.0,502930.0,500521,502930.0,502930.0,500521.0,502930.0,500521.0
YER163C,YER163C,5,gene,503084,503782,-,Uncharacterized,698,False,503791.0,504091.0,503291.0,503791.0,503042,503791.0,503791.0,503042.0,503791.0,503042.0
YER164W,CHD1,5,gene,505392,509798,+,Verified,4406,False,504771.0,505071.0,505071.0,505571.0,505071,509932.0,505071.0,509932.0,505071.0,509932.0
YER165W,PAB1,5,gene,510373,512106,+,Verified,1733,False,509924.0,510224.0,510224.0,510724.0,510224,512257.0,510224.0,512257.0,510224.0,512257.0
YER166W,DNF1,5,gene,512744,517459,+,Verified,4715,False,512166.0,512466.0,512466.0,512966.0,512466,517550.0,512466.0,517550.0,512466.0,517550.0
YER167W,BCK2,5,gene,518216,520771,+,Verified,2555,False,517893.0,518193.0,518193.0,518693.0,518193,520929.0,518193.0,520929.0,518193.0,520929.0
YER168C,CCA1,5,gene,521029,522669,-,Verified,1640,False,522696.0,522996.0,522196.0,522696.0,520973,522696.0,522696.0,520973.0,522696.0,520973.0
YER169W,RPH1,5,gene,523369,525759,+,Verified,2390,False,522797.0,523097.0,523097.0,523597.0,523097,525963.0,523097.0,525963.0,523097.0,525963.0
YER170W,ADK2,5,gene,525974,526651,+,Verified,677,False,525595.0,525895.0,525895.0,526395.0,525895,526996.0,525895.0,526996.0,525895.0,526996.0
YER171W,RAD3,5,gene,527082,529418,+,Verified,2336,False,526634.0,526934.0,526934.0,527434.0,526934,529548.0,526934.0,529548.0,526934.0,529548.0
YER172C,BRR2,5,gene,529530,536021,-,Verified,6491,False,536069.0,536369.0,535569.0,536069.0,529407,536069.0,536069.0,529407.0,536069.0,529407.0
YER173W,RAD24,5,gene,536300,538279,+,Verified,1979,False,536001.0,536301.0,536301.0,536801.0,536301,538453.0,536301.0,538453.0,536301.0,538453.0
YER174C,GRX4,5,gene,538434,539168,-,Verified,734,False,539283.0,539583.0,538783.0,539283.0,538345,539283.0,539283.0,538345.0,539283.0,538345.0
YER175C,TMT1,5,gene,539464,540363,-,Verified,899,False,540383.0,540683.0,539883.0,540383.0,539243,540383.0,540383.0,539243.0,540383.0,539243.0
YER175W-A,YER175W-A,5,gene,540650,540814,+,Uncharacterized,164,False,540215.0,540515.0,540515.0,541015.0,540515,540814.0,540515.0,,540515.0,540814.0
YER176W,ECM32,5,gene,541690,545055,+,Verified,3365,False,541349.0,541649.0,541649.0,542149.0,541649,545170.0,541649.0,545170.0,541649.0,545170.0
YER177W,BMH1,5,gene,545611,546414,+,Verified,803,False,545273.0,545573.0,545573.0,546073.0,545573,546585.0,545573.0,546585.0,545573.0,546585.0
YER178W,PDA1,5,gene,546817,548079,+,Verified,1262,False,546490.0,546790.0,546790.0,547290.0,546790,548214.0,546790.0,548214.0,546790.0,548214.0
YER179W,DMC1,5,gene,548421,549517,+,Verified,1096,,548121.0,548421.0,548421.0,548921.0,548421,549517.0,,,548421.0,549517.0
YER180C,ISC10,5,gene,549724,550527,-,Verified,803,,550527.0,550827.0,550027.0,550527.0,549724,550527.0,,,550527.0,549724.0
YER180C-A,SLO1,5,gene,550865,551122,-,Verified,257,False,551171.0,551471.0,550671.0,551171.0,550865,551171.0,551171.0,,551171.0,550865.0
YER182W,FMP10,5,gene,552525,553259,+,Uncharacterized,734,False,552191.0,552491.0,552491.0,552991.0,552491,553358.0,552491.0,553358.0,552491.0,553358.0
YER183C,FAU1,5,gene,553334,553969,-,Verified,635,False,553971.0,554271.0,553471.0,553971.0,553243,553971.0,553971.0,553243.0,553971.0,553243.0
YER184C,YER184C,5,gene,556296,558680,-,Uncharacterized,2384,False,559112.0,559412.0,558612.0,559112.0,555952,559112.0,559112.0,555952.0,559112.0,555952.0
YER185W,PUG1,5,gene,559454,560365,+,Verified,911,,559154.0,559454.0,559454.0,559954.0,559454,560365.0,,,559454.0,560365.0
YER186C,YER186C,5,gene,561705,562625,-,Uncharacterized,920,False,562805.0,563105.0,562305.0,562805.0,561500,562805.0,562805.0,561500.0,562805.0,561500.0
YER187W,YER187W,5,gene,566230,566655,+,Uncharacterized,425,False,565229.0,565529.0,565529.0,566029.0,565529,566860.0,565529.0,566860.0,565529.0,566860.0
YER188C-A,YER188C-A,5,gene,569608,569907,-,Uncharacterized,299,False,570128.0,570428.0,569628.0,570128.0,569608,570128.0,570128.0,,570128.0,569608.0
YER189W,YER189W,5,gene,571155,571523,+,Uncharacterized,368,False,570465.0,570765.0,570765.0,571265.0,570765,571523.0,570765.0,,570765.0,571523.0
YER190W,YRF1-2,5,gene,571480,576525,+,Verified,5045,False,570465.0,570765.0,570765.0,571265.0,570765,576863.0,570765.0,576863.0,570765.0,576863.0
YER190C-B,YER190C-B,5,gene,575680,576162,-,Uncharacterized,482,,576162.0,576462.0,575662.0,576162.0,575680,576162.0,,,576162.0,575680.0
YFL068W,YFL068W,6,gene,53,535,+,Uncharacterized,482,,-247.0,53.0,53.0,553.0,53,535.0,,,53.0,535.0
YFL067W,YFL067W,6,gene,836,1363,+,Uncharacterized,527,,536.0,836.0,836.0,1336.0,836,1363.0,,,836.0,1363.0
YFL066C,YFL066C,6,gene,1437,2615,-,Uncharacterized,1178,,2615.0,2915.0,2115.0,2615.0,1437,2615.0,,,2615.0,1437.0
YFL065C,YFL065C,6,gene,3030,3338,-,Uncharacterized,308,,3338.0,3638.0,2838.0,3338.0,3030,3338.0,,,3338.0,3030.0
YFL064C,YFL064C,6,gene,3322,3846,-,Uncharacterized,524,,3846.0,4146.0,3346.0,3846.0,3322,3846.0,,,3846.0,3322.0
YFL062W,COS4,6,gene,6426,7565,+,Verified,1139,,6126.0,6426.0,6426.0,6926.0,6426,7565.0,,,6426.0,7565.0
YFL061W,DDI2,6,gene,9545,10222,+,Uncharacterized,677,False,9068.0,9368.0,9368.0,9868.0,9368,10222.0,9368.0,,9368.0,10222.0
YFL060C,SNO3,6,gene,10301,10969,-,Verified,668,False,10830.0,11130.0,10330.0,10830.0,10186,10830.0,10830.0,10186.0,10830.0,10186.0
YFL059W,SNZ3,6,gene,11363,12259,+,Verified,896,False,10994.0,11294.0,11294.0,11794.0,11294,12402.0,11294.0,12402.0,11294.0,12402.0
YFL058W,THI5,6,gene,12929,13951,+,Verified,1022,,12629.0,12929.0,12929.0,13429.0,12929,13951.0,,,12929.0,13951.0
YFL057C,AAD16,6,gene,14305,14763,-,Verified,458,,14763.0,15063.0,14263.0,14763.0,14305,14763.0,,,14763.0,14305.0
YFL056C,AAD6,6,gene,14793,15431,-,Verified,638,False,16493.0,16793.0,15993.0,16493.0,14793,16493.0,16493.0,,16493.0,14793.0
YFL055W,AGP3,6,gene,17004,18680,+,Verified,1676,False,16383.0,16683.0,16683.0,17183.0,16683,18680.0,16683.0,,16683.0,18680.0
YFL054C,YFL054C,6,gene,20847,22787,-,Uncharacterized,1940,False,22853.0,23153.0,22353.0,22853.0,20786,22853.0,22853.0,20786.0,22853.0,20786.0
YFL053W,DAK2,6,gene,23423,25198,+,Verified,1775,,23123.0,23423.0,23423.0,23923.0,23423,25198.0,,,23423.0,25198.0
YFL052W,YFL052W,6,gene,28232,29629,+,Uncharacterized,1397,,27932.0,28232.0,28232.0,28732.0,28232,29629.0,,,28232.0,29629.0
YFL051C,YFL051C,6,gene,30058,30540,-,Uncharacterized,482,,30540.0,30840.0,30040.0,30540.0,30058,30540.0,,,30540.0,30058.0
YFL050C,ALR2,6,gene,33272,35848,-,Verified,2576,False,36622.0,36922.0,36122.0,36622.0,32988,36622.0,36622.0,32988.0,36622.0,32988.0
YFL049W,SWP82,6,gene,36803,38674,+,Verified,1871,False,36500.0,36800.0,36800.0,37300.0,36800,38822.0,36800.0,38822.0,36800.0,38822.0
YFL048C,EMP47,6,gene,38843,40180,-,Verified,1337,False,40214.0,40514.0,39714.0,40214.0,38733,40214.0,40214.0,38733.0,40214.0,38733.0
YFL047W,RGD2,6,gene,40421,42565,+,Verified,2144,False,40114.0,40414.0,40414.0,40914.0,40414,42630.0,40414.0,42630.0,40414.0,42630.0
YFL046W,FMP32,6,gene,42815,43438,+,Uncharacterized,623,False,42498.0,42798.0,42798.0,43298.0,42798,43602.0,42798.0,43602.0,42798.0,43602.0
YFL045C,SEC53,6,gene,43628,44392,-,Verified,764,False,44479.0,44779.0,43979.0,44479.0,43498,44479.0,44479.0,43498.0,44479.0,43498.0
YFL044C,OTU1,6,gene,44655,45560,-,Verified,905,False,45580.0,45880.0,45080.0,45580.0,44381,45580.0,45580.0,44381.0,45580.0,44381.0
YFL042C,YFL042C,6,gene,45720,47744,-,Uncharacterized,2024,False,47778.0,48078.0,47278.0,47778.0,45660,47778.0,47778.0,45660.0,47778.0,45660.0
YFL041W-A,YFL041W-A,6,gene,48734,48925,+,Uncharacterized,191,False,47617.0,47917.0,47917.0,48417.0,47917,48987.0,47917.0,48987.0,47917.0,48987.0
YFL041W,FET5,6,gene,49139,51007,+,Verified,1868,False,48832.0,49132.0,49132.0,49632.0,49132,51182.0,49132.0,51182.0,49132.0,51182.0
YFL040W,YFL040W,6,gene,51350,52972,+,Uncharacterized,1622,,51050.0,51350.0,51350.0,51850.0,51350,52972.0,,,51350.0,52972.0
YFL039C,ACT1,6,gene,53260,54696,-,Verified,1436,False,54817.0,55117.0,54317.0,54817.0,53163,54817.0,54817.0,53163.0,54817.0,53163.0
YFL038C,YPT1,6,gene,55366,55986,-,Verified,620,False,56011.0,56311.0,55511.0,56011.0,55249,56011.0,56011.0,55249.0,56011.0,55249.0
YFL037W,TUB2,6,gene,56336,57709,+,Verified,1373,False,55966.0,56266.0,56266.0,56766.0,56266,57935.0,56266.0,57935.0,56266.0,57935.0
YFL036W,RPO41,6,gene,58782,62837,+,Verified,4055,False,58278.0,58578.0,58578.0,59078.0,58578,62938.0,58578.0,62938.0,58578.0,62938.0
YFL034C-B,MOB2,6,gene,63016,63993,-,Verified,977,False,64039.0,64339.0,63539.0,64039.0,62927,64039.0,64039.0,62927.0,64039.0,62927.0
YFL034C-A,RPL22B,6,gene,64243,64932,-,Verified,689,False,64975.0,65275.0,64475.0,64975.0,64158,64975.0,64975.0,64158.0,64975.0,64158.0
YFL034W,YFL034W,6,gene,65477,68698,+,Uncharacterized,3221,False,65008.0,65308.0,65308.0,65808.0,65308,68816.0,65308.0,68816.0,65308.0,68816.0
YFL033C,RIM15,6,gene,69115,74427,-,Verified,5312,False,74669.0,74969.0,74169.0,74669.0,68894,74669.0,74669.0,68894.0,74669.0,68894.0
YFL031W,HAC1,6,gene,75179,76147,+,Verified,968,False,74814.0,75114.0,75114.0,75614.0,75114,76533.0,75114.0,76533.0,75114.0,76533.0
YFL030W,AGX1,6,gene,76831,77988,+,Verified,1157,False,76417.0,76717.0,76717.0,77217.0,76717,78117.0,76717.0,78117.0,76717.0,78117.0
YFL029C,CAK1,6,gene,78055,79161,-,Verified,1106,False,79184.0,79484.0,78684.0,79184.0,77992,79184.0,79184.0,77992.0,79184.0,77992.0
YFL028C,CAF16,6,gene,79344,80213,-,Verified,869,False,80236.0,80536.0,79736.0,80236.0,79266,80236.0,80236.0,79266.0,80236.0,79266.0
YFL027C,GYP8,6,gene,80419,81912,-,Verified,1493,False,81873.0,82173.0,81373.0,81873.0,80346,81873.0,81873.0,80346.0,81873.0,80346.0
YFL026W,STE2,6,gene,82580,83875,+,Verified,1295,False,82251.0,82551.0,82551.0,83051.0,82551,84141.0,82551.0,84141.0,82551.0,84141.0
YFL025C,BST1,6,gene,84145,87234,-,Verified,3089,False,87312.0,87612.0,86812.0,87312.0,84131,87312.0,87312.0,84131.0,87312.0,84131.0
YFL024C,EPL1,6,gene,87847,90345,-,Verified,2498,False,90629.0,90929.0,90129.0,90629.0,87580,90629.0,90629.0,87580.0,90629.0,87580.0
YFL023W,BUD27,6,gene,90986,93376,+,Verified,2390,False,90673.0,90973.0,90973.0,91473.0,90973,93473.0,90973.0,93473.0,90973.0,93473.0
YFL022C,FRS2,6,gene,93499,95010,-,Verified,1511,False,95070.0,95370.0,94570.0,95070.0,93398,95070.0,95070.0,93398.0,95070.0,93398.0
YFL021W,GAT1,6,gene,95966,97498,+,Verified,1532,False,95804.0,96104.0,96104.0,96604.0,96104,97506.0,96104.0,97506.0,96104.0,97506.0
YFL020C,PAU5,6,gene,99231,99599,-,Verified,368,,99599.0,99899.0,99099.0,99599.0,99231,99599.0,,,99599.0,99231.0
YFL018C,LPD1,6,gene,101628,103127,-,Verified,1499,False,103207.0,103507.0,102707.0,103207.0,101572,103207.0,103207.0,101572.0,103207.0,101572.0
YFL017W-A,SMX2,6,gene,103699,103932,+,Verified,233,False,103357.0,103657.0,103657.0,104157.0,103657,103992.0,103657.0,103992.0,103657.0,103992.0
YFL017C,GNA1,6,gene,103983,104462,-,Verified,479,False,104495.0,104795.0,103995.0,104495.0,103908,104495.0,104495.0,103908.0,104495.0,103908.0
YFL016C,MDJ1,6,gene,104701,106236,-,Verified,1535,False,106327.0,106627.0,105827.0,106327.0,104599,106327.0,106327.0,104599.0,106327.0,104599.0
YFL014W,HSP12,6,gene,107256,107585,+,Verified,329,False,106898.0,107198.0,107198.0,107698.0,107198,107771.0,107198.0,107771.0,107198.0,107771.0
YFL013C,IES1,6,gene,107852,109930,-,Verified,2078,False,109964.0,110264.0,109464.0,109964.0,107684,109964.0,109964.0,107684.0,109964.0,107684.0
YFL012W,YFL012W,6,gene,110647,111093,+,Uncharacterized,446,,110347.0,110647.0,110647.0,111147.0,110647,111093.0,,,110647.0,111093.0
YFL011W,HXT10,6,gene,112345,113985,+,Verified,1640,False,111744.0,112044.0,112044.0,112544.0,112044,113985.0,112044.0,,112044.0,113985.0
YFL010W-A,AUA1,6,gene,114990,115274,+,Verified,284,False,114443.0,114743.0,114743.0,115243.0,114743,115274.0,114743.0,,114743.0,115274.0
YFL010C,WWM1,6,gene,115108,115743,-,Verified,635,False,115773.0,116073.0,115273.0,115773.0,114947,115773.0,115773.0,114947.0,115773.0,114947.0
YFL009W,CDC4,6,gene,116145,118484,+,Verified,2339,False,115654.0,115954.0,115954.0,116454.0,115954,118570.0,115954.0,118570.0,115954.0,118570.0
YFL008W,SMC1,6,gene,119429,123106,+,Verified,3677,False,119089.0,119389.0,119389.0,119889.0,119389,123210.0,119389.0,123210.0,119389.0,123210.0
YFL007W,BLM10,6,gene,123479,129910,+,Verified,6431,False,123059.0,123359.0,123359.0,123859.0,123359,129988.0,123359.0,129988.0,123359.0,129988.0
YFL005W,SEC4,6,gene,130334,130981,+,Verified,647,False,129865.0,130165.0,130165.0,130665.0,130165,131199.0,130165.0,131199.0,130165.0,131199.0
YFL004W,VTC2,6,gene,131810,134296,+,Verified,2486,False,131359.0,131659.0,131659.0,132159.0,131659,134530.0,131659.0,134530.0,131659.0,134530.0
YFL003C,MSH4,6,gene,134521,137157,-,Verified,2636,False,135892.0,136192.0,135392.0,135892.0,134475,135892.0,135892.0,134475.0,135892.0,134475.0
YFL002C,SPB4,6,gene,145114,146934,-,Verified,1820,False,146959.0,147259.0,146459.0,146959.0,144984,146959.0,146959.0,144984.0,146959.0,144984.0
YFL001W,DEG1,6,gene,147131,148459,+,Verified,1328,False,146779.0,147079.0,147079.0,147579.0,147079,148492.0,147079.0,148492.0,147079.0,148492.0
YFR001W,LOC1,6,gene,149110,149724,+,Verified,614,False,148803.0,149103.0,149103.0,149603.0,149103,149796.0,149103.0,149796.0,149103.0,149796.0
YFR002W,NIC96,6,gene,150016,152535,+,Verified,2519,False,149700.0,150000.0,150000.0,150500.0,150000,152629.0,150000.0,152629.0,150000.0,152629.0
YFR003C,YPI1,6,gene,152657,153124,-,Verified,467,False,153180.0,153480.0,152680.0,153180.0,152638,153180.0,153180.0,152638.0,153180.0,152638.0
YFR004W,RPN11,6,gene,153393,154313,+,Verified,920,False,153064.0,153364.0,153364.0,153864.0,153364,154408.0,153364.0,154408.0,153364.0,154408.0
YFR005C,SAD1,6,gene,154527,155873,-,Verified,1346,False,155881.0,156181.0,155381.0,155881.0,154309,155881.0,155881.0,154309.0,155881.0,154309.0
YFR006W,YFR006W,6,gene,156145,157752,+,Uncharacterized,1607,False,155922.0,156222.0,156222.0,156722.0,156222,157827.0,156222.0,157827.0,156222.0,157827.0
YFR007W,YFH7,6,gene,159299,160360,+,Verified,1061,False,159213.0,159513.0,159513.0,160013.0,159513,160458.0,159513.0,160458.0,159513.0,160458.0
YFR008W,FAR7,6,gene,160535,161200,+,Verified,665,False,160232.0,160532.0,160532.0,161032.0,160532,161200.0,160532.0,,160532.0,161200.0
YFR009W,GCN20,6,gene,162488,164746,+,Verified,2258,False,162117.0,162417.0,162417.0,162917.0,162417,164814.0,162417.0,164814.0,162417.0,164814.0
YFR010W,UBP6,6,gene,165067,166566,+,Verified,1499,False,164725.0,165025.0,165025.0,165525.0,165025,166658.0,165025.0,166658.0,165025.0,166658.0
YFR011C,AIM13,6,gene,166746,167258,-,Verified,512,False,167283.0,167583.0,166783.0,167283.0,166604,167283.0,167283.0,166604.0,167283.0,166604.0
YFR012W,YFR012W,6,gene,167888,168496,+,Uncharacterized,608,False,167678.0,167978.0,167978.0,168478.0,167978,168496.0,167978.0,,167978.0,168496.0
YFR012W-A,YFR012W-A,6,gene,169224,169310,+,Uncharacterized,86,,168924.0,169224.0,169224.0,169724.0,169224,169310.0,,,169224.0,169310.0
YFR013W,IOC3,6,gene,169922,172285,+,Verified,2363,False,169576.0,169876.0,169876.0,170376.0,169876,172428.0,169876.0,172428.0,169876.0,172428.0
YFR014C,CMK1,6,gene,172537,173877,-,Verified,1340,False,174002.0,174302.0,173502.0,174002.0,172316,174002.0,174002.0,172316.0,174002.0,172316.0
YFR015C,GSY1,6,gene,174265,176391,-,Verified,2126,,176391.0,176691.0,175891.0,176391.0,174265,176391.0,,,176391.0,174265.0
YFR016C,YFR016C,6,gene,177042,180743,-,Verified,3701,False,180838.0,181138.0,180338.0,180838.0,176992,180838.0,180838.0,176992.0,180838.0,176992.0
YFR017C,YFR017C,6,gene,182274,182861,-,Uncharacterized,587,,182861.0,183161.0,182361.0,182861.0,182274,182861.0,,,182861.0,182274.0
YFR018C,YFR018C,6,gene,183131,184222,-,Uncharacterized,1091,False,184284.0,184584.0,183784.0,184284.0,182970,184284.0,184284.0,182970.0,184284.0,182970.0
YFR019W,FAB1,6,gene,184502,191338,+,Verified,6836,False,184196.0,184496.0,184496.0,184996.0,184496,191389.0,184496.0,191389.0,184496.0,191389.0
YFR021W,ATG18,6,gene,194812,196314,+,Verified,1502,False,194419.0,194719.0,194719.0,195219.0,194719,196425.0,194719.0,196425.0,194719.0,196425.0
YFR022W,ROG3,6,gene,196833,199034,+,Verified,2201,False,196266.0,196566.0,196566.0,197066.0,196566,199131.0,196566.0,199131.0,196566.0,199131.0
YFR023W,PES4,6,gene,199874,201709,+,Verified,1835,,199574.0,199874.0,199874.0,200374.0,199874,201709.0,,,199874.0,201709.0
YFR024C-A,LSB3,6,gene,201960,203433,-,Verified,1473,False,203444.0,203744.0,202944.0,203444.0,201811,203444.0,203444.0,201811.0,203444.0,201811.0
YFR025C,HIS2,6,gene,203743,204750,-,Verified,1007,False,204775.0,205075.0,204275.0,204775.0,203657,204775.0,204775.0,203657.0,204775.0,203657.0
YFR026C,ULI1,6,gene,205748,206257,-,Verified,509,False,207242.0,207542.0,206742.0,207242.0,205670,207242.0,207242.0,205670.0,207242.0,205670.0
YFR027W,ECO1,6,gene,207452,208297,+,Verified,845,False,207087.0,207387.0,207387.0,207887.0,207387,208429.0,207387.0,208429.0,207387.0,208429.0
YFR028C,CDC14,6,gene,208413,210068,-,Verified,1655,False,210127.0,210427.0,209627.0,210127.0,208359,210127.0,210127.0,208359.0,210127.0,208359.0
YFR029W,PTR3,6,gene,210937,212973,+,Verified,2036,False,210574.0,210874.0,210874.0,211374.0,210874,212973.0,210874.0,,210874.0,212973.0
YFR030W,MET10,6,gene,213312,216419,+,Verified,3107,False,212898.0,213198.0,213198.0,213698.0,213198,216488.0,213198.0,216488.0,213198.0,216488.0
YFR031C,SMC2,6,gene,216594,220106,-,Verified,3512,False,220142.0,220442.0,219642.0,220142.0,216544,220142.0,220142.0,216544.0,220142.0,216544.0
YFR031C-A,RPL2A,6,gene,220507,221418,-,Verified,911,False,221479.0,221779.0,220979.0,221479.0,220349,221479.0,221479.0,220349.0,221479.0,220349.0
YFR032C,RRT5,6,gene,222090,222959,-,Uncharacterized,869,,222959.0,223259.0,222459.0,222959.0,222090,222959.0,,,222959.0,222090.0
YFR032C-A,RPL29,6,gene,223258,223771,-,Verified,513,False,223826.0,224126.0,223326.0,223826.0,223163,223826.0,223826.0,223163.0,223826.0,223163.0
YFR032C-B,YFR032C-B,6,gene,223710,223973,-,Uncharacterized,263,,223973.0,224273.0,223473.0,223973.0,223710,223973.0,,,223973.0,223710.0
YFR033C,QCR6,6,gene,224326,224769,-,Verified,443,False,224876.0,225176.0,224376.0,224876.0,224183,224876.0,224876.0,224183.0,224876.0,224183.0
YFR034C,PHO4,6,gene,225020,225958,-,Verified,938,False,225990.0,226290.0,225490.0,225990.0,225020,225990.0,225990.0,,225990.0,225020.0
YFR035C,YFR035C,6,gene,226121,226465,-,Uncharacterized,344,,226465.0,226765.0,225965.0,226465.0,226121,226465.0,,,226465.0,226121.0
YFR036W,CDC26,6,gene,226963,227337,+,Verified,374,False,226642.0,226942.0,226942.0,227442.0,226942,227479.0,226942.0,227479.0,226942.0,227479.0
YFR037C,RSC8,6,gene,227513,229186,-,Verified,1673,False,229193.0,229493.0,228693.0,229193.0,227396,229193.0,229193.0,227396.0,229193.0,227396.0
YFR038W,IRC5,6,gene,229380,231941,+,Verified,2561,False,229095.0,229395.0,229395.0,229895.0,229395,232030.0,229395.0,232030.0,229395.0,232030.0
YFR039C,YFR039C,6,gene,232012,233544,-,Uncharacterized,1532,False,233674.0,233974.0,233174.0,233674.0,231950,233674.0,233674.0,231950.0,233674.0,231950.0
YFR040W,SAP155,6,gene,234242,237250,+,Verified,3008,False,233675.0,233975.0,233975.0,234475.0,233975,237348.0,233975.0,237348.0,233975.0,237348.0
YFR041C,ERJ5,6,gene,237368,238255,-,Verified,887,False,238291.0,238591.0,237791.0,238291.0,237238,238291.0,238291.0,237238.0,238291.0,237238.0
YFR042W,KEG1,6,gene,238458,239060,+,Verified,602,False,238111.0,238411.0,238411.0,238911.0,238411,239153.0,238411.0,239153.0,238411.0,239153.0
YFR043C,IRC6,6,gene,239114,239827,-,Verified,713,False,239855.0,240155.0,239355.0,239855.0,239060,239855.0,239855.0,239060.0,239855.0,239060.0
YFR044C,DUG1,6,gene,239992,241437,-,Verified,1445,False,241456.0,241756.0,240956.0,241456.0,239945,241456.0,241456.0,239945.0,241456.0,239945.0
YFR045W,YFR045W,6,gene,241998,242999,+,Uncharacterized,1001,False,241683.0,241983.0,241983.0,242483.0,241983,243076.0,241983.0,243076.0,241983.0,243076.0
YFR046C,CNN1,6,gene,243074,244159,-,Verified,1085,,244159.0,244459.0,243659.0,244159.0,243074,244159.0,,,244159.0,243074.0
YFR047C,BNA6,6,gene,244279,245166,-,Verified,887,False,245203.0,245503.0,244703.0,245203.0,244203,245203.0,245203.0,244203.0,245203.0,244203.0
YFR048W,RMD8,6,gene,246146,248134,+,Verified,1988,False,245781.0,246081.0,246081.0,246581.0,246081,248186.0,246081.0,248186.0,246081.0,248186.0
YFR049W,YMR31,6,gene,248523,248894,+,Verified,371,False,248062.0,248362.0,248362.0,248862.0,248362,249010.0,248362.0,249010.0,248362.0,249010.0
YFR050C,PRE4,6,gene,249066,249866,-,Verified,800,False,249920.0,250220.0,249420.0,249920.0,248929,249920.0,249920.0,248929.0,249920.0,248929.0
YFR051C,RET2,6,gene,250163,251803,-,Verified,1640,False,251876.0,252176.0,251376.0,251876.0,250091,251876.0,251876.0,250091.0,251876.0,250091.0
YFR052W,RPN12,6,gene,252505,253329,+,Verified,824,False,252166.0,252466.0,252466.0,252966.0,252466,253370.0,252466.0,253370.0,252466.0,253370.0
YFR053C,HXK1,6,gene,253592,255049,-,Verified,1457,False,255146.0,255446.0,254646.0,255146.0,253467,255146.0,255146.0,253467.0,255146.0,253467.0
YFR055W,IRC7,6,gene,264204,265226,+,Uncharacterized,1022,False,263858.0,264158.0,264158.0,264658.0,264158,265226.0,264158.0,,264158.0,265226.0
YFR057W,YFR057W,6,gene,269061,269516,+,Uncharacterized,455,,268761.0,269061.0,269061.0,269561.0,269061,269516.0,,,269061.0,269516.0
YGL263W,COS12,7,gene,2790,3932,+,Verified,1142,False,2485.0,2785.0,2785.0,3285.0,2785,4080.0,2785.0,4080.0,2785.0,4080.0
YGL262W,YGL262W,7,gene,5312,5839,+,Uncharacterized,527,,5012.0,5312.0,5312.0,5812.0,5312,5839.0,,,5312.0,5839.0
YGL261C,PAU11,7,gene,6290,6652,-,Uncharacterized,362,,6652.0,6952.0,6152.0,6652.0,6290,6652.0,,,6652.0,6290.0
YGL260W,YGL260W,7,gene,6860,7090,+,Uncharacterized,230,,6560.0,6860.0,6860.0,7360.0,6860,7090.0,,,6860.0,7090.0
YGL259W,YPS5,7,gene,8470,8967,+,Uncharacterized,497,,8170.0,8470.0,8470.0,8970.0,8470,8967.0,,,8470.0,8967.0
YGL258W-A,YGL258W-A,7,gene,9162,9395,+,Uncharacterized,233,,8862.0,9162.0,9162.0,9662.0,9162,9395.0,,,9162.0,9395.0
YGL258W,VEL1,7,gene,11110,11730,+,Verified,620,False,10138.0,10438.0,10438.0,10938.0,10438,11987.0,10438.0,11987.0,10438.0,11987.0
YGL257C,MNT2,7,gene,12481,14157,-,Verified,1676,False,14433.0,14733.0,13933.0,14433.0,12385,14433.0,14433.0,12385.0,14433.0,12385.0
YGL256W,ADH4,7,gene,15159,16307,+,Verified,1148,False,14167.0,14467.0,14467.0,14967.0,14467,16485.0,14467.0,16485.0,14467.0,16485.0
YGL255W,ZRT1,7,gene,20978,22108,+,Verified,1130,False,20634.0,20934.0,20934.0,21434.0,20934,22208.0,20934.0,22208.0,20934.0,22208.0
YGL254W,FZF1,7,gene,22304,23203,+,Verified,899,False,21996.0,22296.0,22296.0,22796.0,22296,23203.0,22296.0,,22296.0,23203.0
YGL253W,HXK2,7,gene,23935,25395,+,Verified,1460,False,23589.0,23889.0,23889.0,24389.0,23889,25588.0,23889.0,25588.0,23889.0,25588.0
YGL252C,RTG2,7,gene,25718,27484,-,Verified,1766,False,27523.0,27823.0,27023.0,27523.0,25628,27523.0,27523.0,25628.0,27523.0,25628.0
YGL251C,HFM1,7,gene,27921,31636,-,Verified,3715,False,30188.0,30488.0,29688.0,30188.0,27560,30188.0,30188.0,27560.0,30188.0,27560.0
YGL250W,RMR1,7,gene,31910,32635,+,Verified,725,False,31570.0,31870.0,31870.0,32370.0,31870,32829.0,31870.0,32829.0,31870.0,32829.0
YGL249W,ZIP2,7,gene,33098,35212,+,Verified,2114,,32798.0,33098.0,33098.0,33598.0,33098,35212.0,,,33098.0,35212.0
YGL248W,PDE1,7,gene,35653,36762,+,Verified,1109,False,35225.0,35525.0,35525.0,36025.0,35525,36832.0,35525.0,36832.0,35525.0,36832.0
YGL247W,BRR6,7,gene,36933,37526,+,Verified,593,False,36622.0,36922.0,36922.0,37422.0,36922,37624.0,36922.0,37624.0,36922.0,37624.0
YGL246C,RAI1,7,gene,37617,38780,-,Verified,1163,False,38821.0,39121.0,38321.0,38821.0,37498,38821.0,38821.0,37498.0,38821.0,37498.0
YGL245W,GUS1,7,gene,39023,41149,+,Verified,2126,False,38709.0,39009.0,39009.0,39509.0,39009,41210.0,39009.0,41210.0,39009.0,41210.0
YGL244W,RTF1,7,gene,41498,43174,+,Verified,1676,False,41143.0,41443.0,41443.0,41943.0,41443,43267.0,41443.0,43267.0,41443.0,43267.0
YGL243W,TAD1,7,gene,43307,44509,+,Verified,1202,,43007.0,43307.0,43307.0,43807.0,43307,44509.0,,,43307.0,44509.0
YGL242C,YGL242C,7,gene,44652,45197,-,Uncharacterized,545,False,45253.0,45553.0,44753.0,45253.0,44528,45253.0,45253.0,44528.0,45253.0,44528.0
YGL241W,KAP114,7,gene,45445,48459,+,Verified,3014,False,45140.0,45440.0,45440.0,45940.0,45440,48562.0,45440.0,48562.0,45440.0,48562.0
YGL240W,DOC1,7,gene,48613,49365,+,Verified,752,False,48295.0,48595.0,48595.0,49095.0,48595,49365.0,48595.0,,48595.0,49365.0
YGL238W,CSE1,7,gene,49552,52434,+,Verified,2882,False,49250.0,49550.0,49550.0,50050.0,49550,52479.0,49550.0,52479.0,49550.0,52479.0
YGL237C,HAP2,7,gene,52731,53528,-,Verified,797,False,53292.0,53592.0,52792.0,53292.0,52538,53292.0,53292.0,52538.0,53292.0,52538.0
YGL236C,MTO1,7,gene,53787,55796,-,Verified,2009,False,56109.0,56409.0,55609.0,56109.0,53765,56109.0,56109.0,53765.0,56109.0,53765.0
YGL235W,YGL235W,7,gene,55279,55815,+,Uncharacterized,536,,54979.0,55279.0,55279.0,55779.0,55279,55815.0,,,55279.0,55815.0
YGL234W,ADE5%2C7,7,gene,56482,58890,+,Verified,2408,False,56165.0,56465.0,56465.0,56965.0,56465,58983.0,56465.0,58983.0,56465.0,58983.0
YGL233W,SEC15,7,gene,59122,61854,+,Verified,2732,False,58794.0,59094.0,59094.0,59594.0,59094,61920.0,59094.0,61920.0,59094.0,61920.0
YGL232W,TAN1,7,gene,62075,63002,+,Verified,927,False,61746.0,62046.0,62046.0,62546.0,62046,63075.0,62046.0,63075.0,62046.0,63075.0
YGL231C,EMC4,7,gene,63048,63620,-,Verified,572,False,63641.0,63941.0,63141.0,63641.0,62980,63641.0,63641.0,62980.0,63641.0,62980.0
YGL230C,YGL230C,7,gene,63772,64215,-,Uncharacterized,443,False,64286.0,64586.0,63786.0,64286.0,63564,64286.0,64286.0,63564.0,64286.0,63564.0
YGL229C,SAP4,7,gene,64503,66959,-,Verified,2456,False,67189.0,67489.0,66689.0,67189.0,64365,67189.0,67189.0,64365.0,67189.0,64365.0
YGL228W,SHE10,7,gene,67598,69331,+,Verified,1733,False,67245.0,67545.0,67545.0,68045.0,67545,69489.0,67545.0,69489.0,67545.0,69489.0
YGL227W,VID30,7,gene,69671,72547,+,Verified,2876,False,69330.0,69630.0,69630.0,70130.0,69630,72759.0,69630.0,72759.0,69630.0,72759.0
YGL226C-A,OST5,7,gene,72749,73158,-,Verified,409,False,73199.0,73499.0,72699.0,73199.0,72603,73199.0,73199.0,72603.0,73199.0,72603.0
YGL226W,MTC3,7,gene,73340,73711,+,Verified,371,False,73036.0,73336.0,73336.0,73836.0,73336,73772.0,73336.0,73772.0,73336.0,73772.0
YGL225W,VRG4,7,gene,76894,77907,+,Verified,1013,False,76554.0,76854.0,76854.0,77354.0,76854,78033.0,76854.0,78033.0,76854.0,78033.0
YGL224C,SDT1,7,gene,78015,78857,-,Verified,842,False,78957.0,79257.0,78457.0,78957.0,77925,78957.0,78957.0,77925.0,78957.0,77925.0
YGL223C,COG1,7,gene,79112,80365,-,Verified,1253,False,80379.0,80679.0,79879.0,80379.0,78941,80379.0,80379.0,78941.0,80379.0,78941.0
YGL222C,EDC1,7,gene,80659,81186,-,Verified,527,False,81265.0,81565.0,80765.0,81265.0,80510,81265.0,81265.0,80510.0,81265.0,80510.0
YGL221C,NIF3,7,gene,81426,82292,-,Verified,866,False,82312.0,82612.0,81812.0,82312.0,81350,82312.0,82312.0,81350.0,82312.0,81350.0
YGL220W,FRA2,7,gene,82374,82736,+,Verified,362,False,82158.0,82458.0,82458.0,82958.0,82458,82919.0,82458.0,82919.0,82458.0,82919.0
YGL219C,MDM34,7,gene,82878,84257,-,Verified,1379,False,84285.0,84585.0,83785.0,84285.0,82795,84285.0,84285.0,82795.0,84285.0,82795.0
YGL216W,KIP3,7,gene,84885,87302,+,Verified,2417,False,84319.0,84619.0,84619.0,85119.0,84619,87353.0,84619.0,87353.0,84619.0,87353.0
YGL215W,CLG1,7,gene,87981,89339,+,Verified,1358,False,87210.0,87510.0,87510.0,88010.0,87510,89646.0,87510.0,89646.0,87510.0,89646.0
YGL213C,SKI8,7,gene,90054,91247,-,Verified,1193,False,91284.0,91584.0,90784.0,91284.0,89992,91284.0,91284.0,89992.0,91284.0,89992.0
YGL212W,VAM7,7,gene,91432,92382,+,Verified,950,False,91092.0,91392.0,91392.0,91892.0,91392,92382.0,91392.0,,91392.0,92382.0
YGL211W,NCS6,7,gene,92512,93591,+,Verified,1079,False,92210.0,92510.0,92510.0,93010.0,92510,93722.0,92510.0,93722.0,92510.0,93722.0
YGL210W,YPT32,7,gene,93792,94460,+,Verified,668,False,93453.0,93753.0,93753.0,94253.0,93753,94582.0,93753.0,94582.0,93753.0,94582.0
YGL209W,MIG2,7,gene,95858,97006,+,Verified,1148,False,95512.0,95812.0,95812.0,96312.0,95812,97122.0,95812.0,97122.0,95812.0,97122.0
YGL208W,SIP2,7,gene,97338,98585,+,Verified,1247,False,96991.0,97291.0,97291.0,97791.0,97291,98724.0,97291.0,98724.0,97291.0,98724.0
YGL207W,SPT16,7,gene,98969,102076,+,Verified,3107,False,98577.0,98877.0,98877.0,99377.0,98877,102213.0,98877.0,102213.0,98877.0,102213.0
YGL206C,CHC1,7,gene,102543,107504,-,Verified,4961,False,107577.0,107877.0,107077.0,107577.0,102270,107577.0,107577.0,102270.0,107577.0,102270.0
YGL205W,POX1,7,gene,108158,110404,+,Verified,2246,,107858.0,108158.0,108158.0,108658.0,108158,110404.0,,,108158.0,110404.0
YGL203C,KEX1,7,gene,112475,114664,-,Verified,2189,False,114742.0,115042.0,114242.0,114742.0,112407,114742.0,114742.0,112407.0,114742.0,112407.0
YGL202W,ARO8,7,gene,116059,117561,+,Verified,1502,False,115631.0,115931.0,115931.0,116431.0,115931,117655.0,115931.0,117655.0,115931.0,117655.0
YGL201C,MCM6,7,gene,117854,120907,-,Verified,3053,False,120960.0,121260.0,120460.0,120960.0,117671,120960.0,120960.0,117671.0,120960.0,117671.0
YGL200C,EMP24,7,gene,122694,123305,-,Verified,611,False,123330.0,123630.0,122830.0,123330.0,122588,123330.0,123330.0,122588.0,123330.0,122588.0
YGL198W,YIP4,7,gene,123591,124298,+,Verified,707,False,123285.0,123585.0,123585.0,124085.0,123585,124348.0,123585.0,124348.0,123585.0,124348.0
YGL197W,MDS3,7,gene,124698,129161,+,Verified,4463,False,124230.0,124530.0,124530.0,125030.0,124530,129449.0,124530.0,129449.0,124530.0,129449.0
YGL196W,DSD1,7,gene,129883,131169,+,Verified,1286,False,129519.0,129819.0,129819.0,130319.0,129819,131266.0,129819.0,131266.0,129819.0,131266.0
YGL195W,GCN1,7,gene,131525,139543,+,Verified,8018,False,131183.0,131483.0,131483.0,131983.0,131483,139645.0,131483.0,139645.0,131483.0,139645.0
YGL194C-A,YGL194C-A,7,gene,139719,139961,-,Uncharacterized,242,False,140153.0,140453.0,139653.0,140153.0,139559,140153.0,140153.0,139559.0,140153.0,139559.0
YGL194C,HOS2,7,gene,140368,141726,-,Verified,1358,False,141807.0,142107.0,141307.0,141807.0,140236,141807.0,141807.0,140236.0,141807.0,140236.0
YGL193C,YGL193C,7,gene,141916,142227,-,Uncharacterized,311,,142227.0,142527.0,141727.0,142227.0,141916,142227.0,,,142227.0,141916.0
YGL192W,IME4,7,gene,142246,144048,+,Verified,1802,,141946.0,142246.0,142246.0,142746.0,142246,144048.0,,,142246.0,144048.0
YGL191W,COX13,7,gene,144808,145197,+,Verified,389,False,144406.0,144706.0,144706.0,145206.0,144706,145442.0,144706.0,145442.0,144706.0,145442.0
YGL190C,CDC55,7,gene,145809,147389,-,Verified,1580,False,147935.0,148235.0,147435.0,147935.0,145600,147935.0,147935.0,145600.0,147935.0,145600.0
YGL189C,RPS26A,7,gene,148229,148966,-,Verified,737,False,148645.0,148945.0,148145.0,148645.0,148161,148645.0,148645.0,148161.0,148645.0,148161.0
YGL188C-A,YGL188C-A,7,gene,148824,148964,-,Uncharacterized,140,False,148980.0,149280.0,148480.0,148980.0,148824,148980.0,148980.0,,148980.0,148824.0
YGL187C,COX4,7,gene,149704,150525,-,Verified,821,False,150635.0,150935.0,150135.0,150635.0,149420,150635.0,150635.0,149420.0,150635.0,149420.0
YGL186C,TPN1,7,gene,151037,152776,-,Verified,1739,False,152802.0,153102.0,152302.0,152802.0,150996,152802.0,152802.0,150996.0,152802.0,150996.0
YGL185C,YGL185C,7,gene,153167,154306,-,Uncharacterized,1139,False,154316.0,154616.0,153816.0,154316.0,153088,154316.0,154316.0,153088.0,154316.0,153088.0
YGL184C,STR3,7,gene,154615,156012,-,Verified,1397,,156012.0,156312.0,155512.0,156012.0,154615,156012.0,,,156012.0,154615.0
YGL183C,MND1,7,gene,156543,157285,-,Verified,742,,157285.0,157585.0,156785.0,157285.0,156543,157285.0,,,157285.0,156543.0
YGL181W,GTS1,7,gene,157906,159096,+,Verified,1190,False,157560.0,157860.0,157860.0,158360.0,157860,159198.0,157860.0,159198.0,157860.0,159198.0
YGL180W,ATG1,7,gene,160065,162758,+,Verified,2693,False,159585.0,159885.0,159885.0,160385.0,159885,162758.0,159885.0,,159885.0,162758.0
YGL179C,TOS3,7,gene,163409,165091,-,Verified,1682,False,165171.0,165471.0,164671.0,165171.0,163308,165171.0,165171.0,163308.0,165171.0,163308.0
YGL178W,MPT5,7,gene,167352,170571,+,Verified,3219,False,167499.0,167799.0,167799.0,168299.0,167799,170649.0,167799.0,170649.0,167799.0,170649.0
YGL176C,YGL176C,7,gene,171415,173079,-,Uncharacterized,1664,False,173129.0,173429.0,172629.0,173129.0,171309,173129.0,173129.0,171309.0,173129.0,171309.0
YGL175C,SAE2,7,gene,173285,174322,-,Verified,1037,,174322.0,174622.0,173822.0,174322.0,173285,174322.0,,,174322.0,173285.0
YGL174W,BUD13,7,gene,174545,175345,+,Verified,800,False,174229.0,174529.0,174529.0,175029.0,174529,175565.0,174529.0,175565.0,174529.0,175565.0
YGL173C,KEM1,7,gene,175527,180113,-,Verified,4586,False,180446.0,180746.0,179946.0,180446.0,175430,180446.0,180446.0,175430.0,180446.0,175430.0
YGL172W,NUP49,7,gene,180700,182118,+,Verified,1418,False,180369.0,180669.0,180669.0,181169.0,180669,182212.0,180669.0,182212.0,180669.0,182212.0
YGL171W,ROK1,7,gene,182390,184084,+,Verified,1694,False,182055.0,182355.0,182355.0,182855.0,182355,184183.0,182355.0,184183.0,182355.0,184183.0
YGL170C,SPO74,7,gene,184153,185394,-,Verified,1241,,185394.0,185694.0,184894.0,185394.0,184153,185394.0,,,185394.0,184153.0
YGL169W,SUA5,7,gene,186059,187339,+,Verified,1280,False,185701.0,186001.0,186001.0,186501.0,186001,187544.0,186001.0,187544.0,186001.0,187544.0
YGL168W,HUR1,7,gene,187464,187796,+,Verified,332,,187164.0,187464.0,187464.0,187964.0,187464,187796.0,,,187464.0,187796.0
YGL167C,PMR1,7,gene,187616,190468,-,Verified,2852,False,190845.0,191145.0,190345.0,190845.0,187411,190845.0,190845.0,187411.0,190845.0,187411.0
YGL166W,CUP2,7,gene,191129,191806,+,Verified,677,False,190809.0,191109.0,191109.0,191609.0,191109,191959.0,191109.0,191959.0,191109.0,191959.0
YGL164C,YRB30,7,gene,191978,193300,-,Verified,1322,False,193312.0,193612.0,192812.0,193312.0,191893,193312.0,193312.0,191893.0,193312.0,191893.0
YGL163C,RAD54,7,gene,193707,196403,-,Verified,2696,,196403.0,196703.0,195903.0,196403.0,193707,196403.0,,,196403.0,193707.0
YGL162W,SUT1,7,gene,198138,199037,+,Verified,899,False,197577.0,197877.0,197877.0,198377.0,197877,199174.0,197877.0,199174.0,197877.0,199174.0
YGL161C,YIP5,7,gene,199210,200142,-,Verified,932,False,200252.0,200552.0,199752.0,200252.0,199060,200252.0,200252.0,199060.0,200252.0,199060.0
YGL160W,AIM14,7,gene,200561,202273,+,Verified,1712,False,200154.0,200454.0,200454.0,200954.0,200454,202408.0,200454.0,202408.0,200454.0,202408.0
YGL159W,YGL159W,7,gene,202721,203833,+,Uncharacterized,1112,False,202399.0,202699.0,202699.0,203199.0,202699,203987.0,202699.0,203987.0,202699.0,203987.0
YGL158W,RCK1,7,gene,207033,208571,+,Verified,1538,,206733.0,207033.0,207033.0,207533.0,207033,208571.0,,,207033.0,208571.0
YGL157W,ARI1,7,gene,209006,210049,+,Verified,1043,False,208658.0,208958.0,208958.0,209458.0,208958,210140.0,208958.0,210140.0,208958.0,210140.0
YGL156W,AMS1,7,gene,210416,213667,+,Verified,3251,False,210024.0,210324.0,210324.0,210824.0,210324,213836.0,210324.0,213836.0,210324.0,213836.0
YGL155W,CDC43,7,gene,214081,215211,+,Verified,1130,False,213730.0,214030.0,214030.0,214530.0,214030,215440.0,214030.0,215440.0,214030.0,215440.0
YGL154C,LYS5,7,gene,215278,216096,-,Verified,818,False,216101.0,216401.0,215601.0,216101.0,215211,216101.0,216101.0,215211.0,216101.0,215211.0
YGL153W,PEX14,7,gene,216273,217298,+,Verified,1025,False,215912.0,216212.0,216212.0,216712.0,216212,217346.0,216212.0,217346.0,216212.0,217346.0
YGL151W,NUT1,7,gene,217524,220922,+,Verified,3398,False,217170.0,217470.0,217470.0,217970.0,217470,221048.0,217470.0,221048.0,217470.0,221048.0
YGL150C,INO80,7,gene,221104,225573,-,Verified,4469,False,225794.0,226094.0,225294.0,225794.0,220900,225794.0,225794.0,220900.0,225794.0,220900.0
YGL148W,ARO2,7,gene,226399,227529,+,Verified,1130,False,226068.0,226368.0,226368.0,226868.0,226368,227618.0,226368.0,227618.0,226368.0,227618.0
YGL147C,RPL9A,7,gene,227754,228329,-,Verified,575,False,228347.0,228647.0,227847.0,228347.0,227647,228347.0,228347.0,227647.0,228347.0,227647.0
YGL146C,RRT6,7,gene,228751,229686,-,Uncharacterized,935,False,229846.0,230146.0,229346.0,229846.0,228601,229846.0,229846.0,228601.0,229846.0,228601.0
YGL145W,TIP20,7,gene,230243,232348,+,Verified,2105,False,229874.0,230174.0,230174.0,230674.0,230174,232480.0,230174.0,232480.0,230174.0,232480.0
YGL144C,ROG1,7,gene,232450,234507,-,Verified,2057,False,234529.0,234829.0,234029.0,234529.0,232369,234529.0,234529.0,232369.0,234529.0,232369.0
YGL143C,MRF1,7,gene,234717,235958,-,Verified,1241,False,235978.0,236278.0,235478.0,235978.0,234647,235978.0,235978.0,234647.0,235978.0,234647.0
YGL142C,GPI10,7,gene,236269,238119,-,Verified,1850,False,238157.0,238457.0,237657.0,238157.0,236212,238157.0,238157.0,236212.0,238157.0,236212.0
YGL141W,HUL5,7,gene,238353,241085,+,Verified,2732,False,238036.0,238336.0,238336.0,238836.0,238336,241182.0,238336.0,241182.0,238336.0,241182.0
YGL140C,YGL140C,7,gene,241353,245012,-,Uncharacterized,3659,False,245200.0,245500.0,244700.0,245200.0,241116,245200.0,245200.0,241116.0,245200.0,241116.0
YGL139W,FLC3,7,gene,245716,248124,+,Verified,2408,False,245103.0,245403.0,245403.0,245903.0,245403,248455.0,245403.0,248455.0,245403.0,248455.0
YGL138C,YGL138C,7,gene,248494,249531,-,Uncharacterized,1037,,249531.0,249831.0,249031.0,249531.0,248494,249531.0,,,249531.0,248494.0
YGL137W,SEC27,7,gene,249869,252738,+,Verified,2869,False,249542.0,249842.0,249842.0,250342.0,249842,253038.0,249842.0,253038.0,249842.0,253038.0
YGL136C,MRM2,7,gene,252897,253859,-,Verified,962,False,253909.0,254209.0,253409.0,253909.0,252885,253909.0,253909.0,252885.0,253909.0,252885.0
YGL135W,RPL1B,7,gene,254641,255294,+,Verified,653,False,254278.0,254578.0,254578.0,255078.0,254578,255388.0,254578.0,255388.0,254578.0,255388.0
YGL134W,PCL10,7,gene,255663,256964,+,Verified,1301,False,255246.0,255546.0,255546.0,256046.0,255546,257061.0,255546.0,257061.0,255546.0,257061.0
YGL133W,ITC1,7,gene,257707,261501,+,Verified,3794,False,257215.0,257515.0,257515.0,258015.0,257515,261573.0,257515.0,261573.0,257515.0,261573.0
YGL131C,SNT2,7,gene,261648,265859,-,Verified,4211,False,265932.0,266232.0,265432.0,265932.0,261431,265932.0,265932.0,261431.0,265932.0,261431.0
YGL130W,CEG1,7,gene,266145,267524,+,Verified,1379,False,265804.0,266104.0,266104.0,266604.0,266104,267615.0,266104.0,267615.0,266104.0,267615.0
YGL129C,RSM23,7,gene,267723,269075,-,Verified,1352,False,269123.0,269423.0,268623.0,269123.0,267579,269123.0,269123.0,267579.0,269123.0,267579.0
YGL128C,CWC23,7,gene,269293,270144,-,Verified,851,False,270161.0,270461.0,269661.0,270161.0,269129,270161.0,270161.0,269129.0,270161.0,269129.0
YGL127C,SOH1,7,gene,270392,270775,-,Verified,383,False,270811.0,271111.0,270311.0,270811.0,270246,270811.0,270811.0,270246.0,270811.0,270246.0
YGL126W,SCS3,7,gene,270997,272139,+,Verified,1142,False,270639.0,270939.0,270939.0,271439.0,270939,272394.0,270939.0,272394.0,270939.0,272394.0
YGL125W,MET13,7,gene,272520,274322,+,Verified,1802,,272220.0,272520.0,272520.0,273020.0,272520,274322.0,,,272520.0,274322.0
YGL124C,MON1,7,gene,274780,276714,-,Verified,1934,False,276745.0,277045.0,276245.0,276745.0,274657,276745.0,276745.0,274657.0,276745.0,274657.0
YGL123W,RPS2,7,gene,277617,278381,+,Verified,764,False,277220.0,277520.0,277520.0,278020.0,277520,278470.0,277520.0,278470.0,277520.0,278470.0
YGL122C,NAB2,7,gene,278946,280523,-,Verified,1577,False,280570.0,280870.0,280070.0,280570.0,278807,280570.0,280570.0,278807.0,280570.0,278807.0
YGL121C,GPG1,7,gene,280777,281157,-,Verified,380,False,281284.0,281584.0,280784.0,281284.0,280560,281284.0,281284.0,280560.0,281284.0,280560.0
YGL120C,PRP43,7,gene,281634,283937,-,Verified,2303,False,283969.0,284269.0,283469.0,283969.0,281542,283969.0,283969.0,281542.0,283969.0,281542.0
YGL119W,COQ8,7,gene,284442,285947,+,Verified,1505,False,284118.0,284418.0,284418.0,284918.0,284418,286016.0,284418.0,286016.0,284418.0,286016.0
YGL117W,YGL117W,7,gene,288512,289309,+,Uncharacterized,797,False,288127.0,288427.0,288427.0,288927.0,288427,289396.0,288427.0,289396.0,288427.0,289396.0
YGL116W,CDC20,7,gene,289809,291641,+,Verified,1832,False,289369.0,289669.0,289669.0,290169.0,289669,291740.0,289669.0,291740.0,289669.0,291740.0
YGL115W,SNF4,7,gene,292033,293001,+,Verified,968,False,291613.0,291913.0,291913.0,292413.0,291913,293083.0,291913.0,293083.0,291913.0,293083.0
YGL114W,YGL114W,7,gene,293460,295637,+,Uncharacterized,2177,False,293120.0,293420.0,293420.0,293920.0,293420,295678.0,293420.0,295678.0,293420.0,295678.0
YGL113W,SLD3,7,gene,295932,297938,+,Verified,2006,False,295597.0,295897.0,295897.0,296397.0,295897,298185.0,295897.0,298185.0,295897.0,298185.0
YGL112C,TAF6,7,gene,298178,299728,-,Verified,1550,False,299765.0,300065.0,299265.0,299765.0,298034,299765.0,299765.0,298034.0,299765.0,298034.0
YGL111W,NSA1,7,gene,299978,301369,+,Verified,1391,False,299658.0,299958.0,299958.0,300458.0,299958,301514.0,299958.0,301514.0,299958.0,301514.0
YGL110C,CUE3,7,gene,301537,303411,-,Verified,1874,False,303419.0,303719.0,302919.0,303419.0,301369,303419.0,303419.0,301369.0,303419.0,301369.0
YGL108C,YGL108C,7,gene,303649,304071,-,Uncharacterized,422,False,304109.0,304409.0,303609.0,304109.0,303460,304109.0,304109.0,303460.0,304109.0,303460.0
YGL107C,RMD9,7,gene,304333,306273,-,Verified,1940,False,306293.0,306593.0,305793.0,306293.0,304242,306293.0,306293.0,304242.0,306293.0,304242.0
YGL106W,MLC1,7,gene,306560,307009,+,Verified,449,False,306232.0,306532.0,306532.0,307032.0,306532,307260.0,306532.0,307260.0,306532.0,307260.0
YGL105W,ARC1,7,gene,307437,308567,+,Verified,1130,False,307115.0,307415.0,307415.0,307915.0,307415,308668.0,307415.0,308668.0,307415.0,308668.0
YGL104C,VPS73,7,gene,308713,310173,-,Verified,1460,False,310190.0,310490.0,309690.0,310190.0,308582,310190.0,310190.0,308582.0,310190.0,308582.0
YGL103W,RPL28,7,gene,310967,311927,+,Verified,960,False,310652.0,310952.0,310952.0,311452.0,310952,312014.0,310952.0,312014.0,310952.0,312014.0
YGL101W,YGL101W,7,gene,312193,312840,+,Uncharacterized,647,False,311866.0,312166.0,312166.0,312666.0,312166,313096.0,312166.0,313096.0,312166.0,313096.0
YGL100W,SEH1,7,gene,313234,314283,+,Verified,1049,False,312898.0,313198.0,313198.0,313698.0,313198,314372.0,313198.0,314372.0,313198.0,314372.0
YGL099W,LSG1,7,gene,314631,316553,+,Verified,1922,False,314312.0,314612.0,314612.0,315112.0,314612,316596.0,314612.0,316596.0,314612.0,316596.0
YGL098W,USE1,7,gene,317342,318079,+,Verified,737,False,316993.0,317293.0,317293.0,317793.0,317293,318346.0,317293.0,318346.0,317293.0,318346.0
YGL097W,SRM1,7,gene,321782,323230,+,Verified,1448,False,321417.0,321717.0,321717.0,322217.0,321717,323347.0,321717.0,323347.0,321717.0,323347.0
YGL096W,TOS8,7,gene,325331,326161,+,Verified,830,,325031.0,325331.0,325331.0,325831.0,325331,326161.0,,,325331.0,326161.0
YGL095C,VPS45,7,gene,328874,330607,-,Verified,1733,False,330658.0,330958.0,330158.0,330658.0,328841,330658.0,330658.0,328841.0,330658.0,328841.0
YGL094C,PAN2,7,gene,331118,334465,-,Verified,3347,False,334661.0,334961.0,334161.0,334661.0,330958,334661.0,334661.0,330958.0,334661.0,330958.0
YGL093W,SPC105,7,gene,334886,337639,+,Verified,2753,False,334549.0,334849.0,334849.0,335349.0,334849,337691.0,334849.0,337691.0,334849.0,337691.0
YGL092W,NUP145,7,gene,337906,341859,+,Verified,3953,False,337514.0,337814.0,337814.0,338314.0,337814,341898.0,337814.0,341898.0,337814.0,341898.0
YGL091C,NBP35,7,gene,342056,343042,-,Verified,986,False,343064.0,343364.0,342564.0,343064.0,341965,343064.0,343064.0,341965.0,343064.0,341965.0
YGL090W,LIF1,7,gene,343319,344584,+,Verified,1265,False,342988.0,343288.0,343288.0,343788.0,343288,344584.0,343288.0,,343288.0,344584.0
YGL089C,MF(ALPHA)2,7,gene,344791,345153,-,Verified,362,,345153.0,345453.0,344653.0,345153.0,344791,345153.0,,,345153.0,344791.0
YGL087C,MMS2,7,gene,346406,346904,-,Verified,498,False,346948.0,347248.0,346448.0,346948.0,346292,346948.0,346948.0,346292.0,346948.0,346292.0
YGL086W,MAD1,7,gene,347119,349368,+,Verified,2249,False,346888.0,347188.0,347188.0,347688.0,347188,349434.0,347188.0,349434.0,347188.0,349434.0
YGL085W,LCL3,7,gene,349616,350440,+,Uncharacterized,824,False,349273.0,349573.0,349573.0,350073.0,349573,350588.0,349573.0,350588.0,349573.0,350588.0
YGL084C,GUP1,7,gene,350616,352298,-,Verified,1682,False,352345.0,352645.0,351845.0,352345.0,350529,352345.0,352345.0,350529.0,352345.0,350529.0
YGL083W,SCY1,7,gene,353058,355472,+,Verified,2414,False,352691.0,352991.0,352991.0,353491.0,352991,355615.0,352991.0,355615.0,352991.0,355615.0
YGL082W,YGL082W,7,gene,355827,356972,+,Uncharacterized,1145,False,355438.0,355738.0,355738.0,356238.0,355738,357164.0,355738.0,357164.0,355738.0,357164.0
YGL081W,YGL081W,7,gene,357377,358339,+,Uncharacterized,962,,357077.0,357377.0,357377.0,357877.0,357377,358339.0,,,357377.0,358339.0
YGL080W,FMP37,7,gene,358636,359028,+,Uncharacterized,392,False,358316.0,358616.0,358616.0,359116.0,358616,359307.0,358616.0,359307.0,358616.0,359307.0
YGL079W,KXD1,7,gene,359444,360100,+,Uncharacterized,656,False,359117.0,359417.0,359417.0,359917.0,359417,360178.0,359417.0,360178.0,359417.0,360178.0
YGL078C,DBP3,7,gene,360288,361859,-,Verified,1571,False,361904.0,362204.0,361404.0,361904.0,360100,361904.0,361904.0,360100.0,361904.0,360100.0
YGL077C,HNM1,7,gene,362225,363916,-,Verified,1691,False,364039.0,364339.0,363539.0,364039.0,362147,364039.0,364039.0,362147.0,364039.0,362147.0
YGL076C,RPL7A,7,gene,364335,365996,-,Verified,1661,False,366133.0,366433.0,365633.0,366133.0,364227,366133.0,366133.0,364227.0,366133.0,364227.0
YGL075C,MPS2,7,gene,366925,368088,-,Verified,1163,False,368284.0,368584.0,367784.0,368284.0,366572,368284.0,368284.0,366572.0,368284.0,366572.0
YGL073W,HSF1,7,gene,368753,371254,+,Verified,2501,False,368369.0,368669.0,368669.0,369169.0,368669,371312.0,368669.0,371312.0,368669.0,371312.0
YGL071W,AFT1,7,gene,372012,374084,+,Verified,2072,False,371264.0,371564.0,371564.0,372064.0,371564,374222.0,371564.0,374222.0,371564.0,374222.0
YGL070C,RPB9,7,gene,374459,374827,-,Verified,368,False,374853.0,375153.0,374353.0,374853.0,374205,374853.0,374853.0,374205.0,374853.0,374205.0
YGL068W,MNP1,7,gene,375087,375671,+,Verified,584,False,374741.0,375041.0,375041.0,375541.0,375041,375782.0,375041.0,375782.0,375041.0,375782.0
YGL067W,NPY1,7,gene,376101,377255,+,Verified,1154,False,375714.0,376014.0,376014.0,376514.0,376014,377294.0,376014.0,377294.0,376014.0,377294.0
YGL066W,SGF73,7,gene,377609,379582,+,Verified,1973,False,377119.0,377419.0,377419.0,377919.0,377419,379927.0,377419.0,379927.0,377419.0,379927.0
YGL065C,ALG2,7,gene,379760,381271,-,Verified,1511,False,381328.0,381628.0,380828.0,381328.0,379707,381328.0,381328.0,379707.0,381328.0,379707.0
YGL064C,MRH4,7,gene,381523,383208,-,Verified,1685,False,383216.0,383516.0,382716.0,383216.0,381459,383216.0,383216.0,381459.0,383216.0,381459.0
YGL063W,PUS2,7,gene,383654,384766,+,Verified,1112,False,383127.0,383427.0,383427.0,383927.0,383427,385115.0,383427.0,385115.0,383427.0,385115.0
YGL062W,PYC1,7,gene,385196,388732,+,Verified,3536,False,384755.0,385055.0,385055.0,385555.0,385055,388793.0,385055.0,388793.0,385055.0,388793.0
YGL061C,DUO1,7,gene,388968,389711,-,Verified,743,False,389780.0,390080.0,389280.0,389780.0,388870,389780.0,389780.0,388870.0,389780.0,388870.0
YGL060W,YBP2,7,gene,390065,391990,+,Verified,1925,False,389636.0,389936.0,389936.0,390436.0,389936,392260.0,389936.0,392260.0,389936.0,392260.0
YGL059W,PKP2,7,gene,392223,393698,+,Verified,1475,False,391884.0,392184.0,392184.0,392684.0,392184,393848.0,392184.0,393848.0,392184.0,393848.0
YGL058W,RAD6,7,gene,393986,394504,+,Verified,518,False,393627.0,393927.0,393927.0,394427.0,393927,394725.0,393927.0,394725.0,393927.0,394725.0
YGL057C,GEP7,7,gene,394966,395829,-,Verified,863,False,395790.0,396090.0,395290.0,395790.0,394814,395790.0,395790.0,394814.0,395790.0,394814.0
YGL056C,SDS23,7,gene,396035,397618,-,Verified,1583,False,397729.0,398029.0,397229.0,397729.0,395932,397729.0,397729.0,395932.0,397729.0,395932.0
YGL055W,OLE1,7,gene,398628,400160,+,Verified,1532,False,398267.0,398567.0,398567.0,399067.0,398567,400385.0,398567.0,400385.0,398567.0,400385.0
YGL054C,ERV14,7,gene,400871,401287,-,Verified,416,False,401353.0,401653.0,400853.0,401353.0,400573,401353.0,401353.0,400573.0,401353.0,400573.0
YGL053W,PRM8,7,gene,402589,403302,+,Verified,713,False,402214.0,402514.0,402514.0,403014.0,402514,403623.0,402514.0,403623.0,402514.0,403623.0
YGL051W,MST27,7,gene,403687,404391,+,Verified,704,,403387.0,403687.0,403687.0,404187.0,403687,404391.0,,,403687.0,404391.0
YGL050W,TYW3,7,gene,405776,406597,+,Verified,821,False,405443.0,405743.0,405743.0,406243.0,405743,406795.0,405743.0,406795.0,405743.0,406795.0
YGL049C,TIF4632,7,gene,406860,409604,-,Verified,2744,False,409766.0,410066.0,409266.0,409766.0,406698,409766.0,409766.0,406698.0,409766.0,406698.0
YGL048C,RPT6,7,gene,410069,411286,-,Verified,1217,False,411309.0,411609.0,410809.0,411309.0,409974,411309.0,411309.0,409974.0,411309.0,409974.0
YGL047W,ALG13,7,gene,411552,412160,+,Verified,608,False,411166.0,411466.0,411466.0,411966.0,411466,412192.0,411466.0,412192.0,411466.0,412192.0
YGL045W,RIM8,7,gene,414102,415730,+,Verified,1628,False,413714.0,414014.0,414014.0,414514.0,414014,415931.0,414014.0,415931.0,414014.0,415931.0
YGL044C,RNA15,7,gene,416146,417036,-,Verified,890,False,417263.0,417563.0,416763.0,417263.0,416010,417263.0,417263.0,416010.0,417263.0,416010.0
YGL043W,DST1,7,gene,417483,418412,+,Verified,929,False,417162.0,417462.0,417462.0,417962.0,417462,418635.0,417462.0,418635.0,417462.0,418635.0
YGL041C-B,YGL041C-B,7,gene,418704,418886,-,Uncharacterized,182,,418886.0,419186.0,418386.0,418886.0,418704,418886.0,,,418886.0,418704.0
YGL041W-A,YGL041W-A,7,gene,418825,419289,+,Uncharacterized,464,False,418515.0,418815.0,418815.0,419315.0,418815,419425.0,418815.0,419425.0,418815.0,419425.0
YGL040C,HEM2,7,gene,419527,420555,-,Verified,1028,False,420632.0,420932.0,420132.0,420632.0,419302,420632.0,420632.0,419302.0,420632.0,419302.0
YGL039W,YGL039W,7,gene,423961,425007,+,Verified,1046,False,423550.0,423850.0,423850.0,424350.0,423850,425121.0,423850.0,425121.0,423850.0,425121.0
YGL038C,OCH1,7,gene,425362,426804,-,Verified,1442,False,426956.0,427256.0,426456.0,426956.0,425052,426956.0,426956.0,425052.0,426956.0,425052.0
YGL037C,PNC1,7,gene,427297,427947,-,Verified,650,False,428023.0,428323.0,427523.0,428023.0,427157,428023.0,428023.0,427157.0,428023.0,427157.0
YGL036W,YGL036W,7,gene,428601,431330,+,Uncharacterized,2729,,428301.0,428601.0,428601.0,429101.0,428601,431330.0,,,428601.0,431330.0
YGL035C,MIG1,7,gene,431548,433062,-,Verified,1514,False,433168.0,433468.0,432668.0,433168.0,431418,433168.0,433168.0,431418.0,433168.0,431418.0
YGL033W,HOP2,7,gene,435625,436351,+,Verified,726,,435325.0,435625.0,435625.0,436125.0,435625,436351.0,,,435625.0,436351.0
YGL032C,AGA2,7,gene,436570,436833,-,Verified,263,False,436888.0,437188.0,436388.0,436888.0,436471,436888.0,436888.0,436471.0,436888.0,436471.0
YGL031C,RPL24A,7,gene,437467,438397,-,Verified,930,False,437934.0,438234.0,437434.0,437934.0,437404,437934.0,437934.0,437404.0,437934.0,437404.0
YGL030W,RPL30,7,gene,439091,439638,+,Verified,547,False,438734.0,439034.0,439034.0,439534.0,439034,439738.0,439034.0,439738.0,439034.0,439738.0
YGL029W,CGR1,7,gene,440063,440425,+,Verified,362,False,439726.0,440026.0,440026.0,440526.0,440026,440611.0,440026.0,440611.0,440026.0,440611.0
YGL028C,SCW11,7,gene,441281,442909,-,Verified,1628,False,443066.0,443366.0,442566.0,443066.0,440983,443066.0,443066.0,440983.0,443066.0,440983.0
YGL027C,CWH41,7,gene,443642,446143,-,Verified,2501,False,446165.0,446465.0,445665.0,446165.0,443551,446165.0,446165.0,443551.0,446165.0,443551.0
YGL026C,TRP5,7,gene,446412,448535,-,Verified,2123,False,448554.0,448854.0,448054.0,448554.0,446329,448554.0,448554.0,446329.0,448554.0,446329.0
YGL025C,PGD1,7,gene,448764,449957,-,Verified,1193,False,449996.0,450296.0,449496.0,449996.0,448680,449996.0,449996.0,448680.0,449996.0,448680.0
YGL023C,PIB2,7,gene,450197,452104,-,Verified,1907,False,452143.0,452443.0,451643.0,452143.0,450082,452143.0,452143.0,450082.0,452143.0,450082.0
YGL022W,STT3,7,gene,452404,454560,+,Verified,2156,False,452040.0,452340.0,452340.0,452840.0,452340,454733.0,452340.0,454733.0,452340.0,454733.0
YGL021W,ALK1,7,gene,454785,457067,+,Verified,2282,False,454529.0,454829.0,454829.0,455329.0,454829,457098.0,454829.0,457098.0,454829.0,457098.0
YGL020C,GET1,7,gene,457163,457870,-,Verified,707,False,457921.0,458221.0,457421.0,457921.0,457085,457921.0,457921.0,457085.0,457921.0,457085.0
YGL019W,CKB1,7,gene,458156,458992,+,Verified,836,False,457781.0,458081.0,458081.0,458581.0,458081,459112.0,458081.0,459112.0,458081.0,459112.0
YGL018C,JAC1,7,gene,459110,459664,-,Verified,554,False,459700.0,460000.0,459200.0,459700.0,458992,459700.0,459700.0,458992.0,459700.0,458992.0
YGL017W,ATE1,7,gene,459854,461365,+,Verified,1511,False,459528.0,459828.0,459828.0,460328.0,459828,461517.0,459828.0,461517.0,459828.0,461517.0
YGL016W,KAP122,7,gene,461666,464911,+,Verified,3245,False,461311.0,461611.0,461611.0,462111.0,461611,465190.0,461611.0,465190.0,461611.0,465190.0
YGL015C,YGL015C,7,gene,465043,465435,-,Uncharacterized,392,,465435.0,465735.0,464935.0,465435.0,465043,465435.0,,,465435.0,465043.0
YGL014W,PUF4,7,gene,466141,468807,+,Verified,2666,False,465448.0,465748.0,465748.0,466248.0,465748,468894.0,465748.0,468894.0,465748.0,468894.0
YGL013C,PDR1,7,gene,469092,472298,-,Verified,3206,False,472426.0,472726.0,471926.0,472426.0,469054,472426.0,472426.0,469054.0,472426.0,469054.0
YGL012W,ERG4,7,gene,472855,474276,+,Verified,1421,False,472519.0,472819.0,472819.0,473319.0,472819,474383.0,472819.0,474383.0,472819.0,474383.0
YGL011C,SCL1,7,gene,474489,475247,-,Verified,758,False,475284.0,475584.0,474784.0,475284.0,474363,475284.0,475284.0,474363.0,475284.0,474363.0
YGL010W,YGL010W,7,gene,475545,476069,+,Uncharacterized,524,False,475196.0,475496.0,475496.0,475996.0,475496,476268.0,475496.0,476268.0,475496.0,476268.0
YGL009C,LEU1,7,gene,476313,478652,-,Verified,2339,False,478728.0,479028.0,478228.0,478728.0,476153,478728.0,478728.0,476153.0,478728.0,476153.0
YGL008C,PMA1,7,gene,479910,482666,-,Verified,2756,False,482903.0,483203.0,482403.0,482903.0,479813,482903.0,482903.0,479813.0,482903.0,479813.0
YGL007C-A,YGL007C-A,7,gene,482941,483027,-,Uncharacterized,86,False,483183.0,483483.0,482683.0,483183.0,482832,483183.0,483183.0,482832.0,483183.0,482832.0
YGL006W-A,YGL006W-A,7,gene,485423,485533,+,Uncharacterized,110,,485123.0,485423.0,485423.0,485923.0,485423,485533.0,,,485423.0,485533.0
YGL006W,PMC1,7,gene,485921,489442,+,Verified,3521,False,485216.0,485516.0,485516.0,486016.0,485516,489559.0,485516.0,489559.0,485516.0,489559.0
YGL005C,COG7,7,gene,489708,490547,-,Verified,839,False,490577.0,490877.0,490077.0,490577.0,489486,490577.0,490577.0,489486.0,490577.0,489486.0
YGL004C,RPN14,7,gene,490703,491956,-,Verified,1253,False,491958.0,492258.0,491458.0,491958.0,490660,491958.0,491958.0,490660.0,491958.0,490660.0
YGL003C,CDH1,7,gene,492474,494174,-,Verified,1700,False,494278.0,494578.0,493778.0,494278.0,492328,494278.0,494278.0,492328.0,494278.0,492328.0
YGL002W,ERP6,7,gene,494517,495167,+,Verified,650,False,494170.0,494470.0,494470.0,494970.0,494470,495359.0,494470.0,495359.0,494470.0,495359.0
YGL001C,ERG26,7,gene,495453,496502,-,Verified,1049,False,496573.0,496873.0,496073.0,496573.0,495331,496573.0,496573.0,495331.0,496573.0,495331.0
YGR001C,YGR001C,7,gene,497133,498034,-,Uncharacterized,901,False,498044.0,498344.0,497544.0,498044.0,497057,498044.0,498044.0,497057.0,498044.0,497057.0
YGR002C,SWC4,7,gene,498476,499906,-,Verified,1430,False,499938.0,500238.0,499438.0,499938.0,498194,499938.0,499938.0,498194.0,499938.0,498194.0
YGR003W,CUL3,7,gene,500132,502366,+,Verified,2234,False,499831.0,500131.0,500131.0,500631.0,500131,502615.0,500131.0,502615.0,500131.0,502615.0
YGR004W,PEX31,7,gene,502938,504326,+,Verified,1388,False,502576.0,502876.0,502876.0,503376.0,502876,504569.0,502876.0,504569.0,502876.0,504569.0
YGR005C,TFG2,7,gene,504657,505859,-,Verified,1202,False,505893.0,506193.0,505393.0,505893.0,504551,505893.0,505893.0,504551.0,505893.0,504551.0
YGR006W,PRP18,7,gene,506070,506825,+,Verified,755,False,505766.0,506066.0,506066.0,506566.0,506066,506825.0,506066.0,,506066.0,506825.0
YGR007W,ECT1,7,gene,506969,507940,+,Verified,971,False,506639.0,506939.0,506939.0,507439.0,506939,508080.0,506939.0,508080.0,506939.0,508080.0
YGR008C,STF2,7,gene,508110,508364,-,Verified,254,False,508452.0,508752.0,507952.0,508452.0,507951,508452.0,508452.0,507951.0,508452.0,507951.0
YGR009C,SEC9,7,gene,509047,511002,-,Verified,1955,False,511046.0,511346.0,510546.0,511046.0,508909,511046.0,511046.0,508909.0,511046.0,508909.0
YGR010W,NMA2,7,gene,511545,512732,+,Verified,1187,False,511129.0,511429.0,511429.0,511929.0,511429,512993.0,511429.0,512993.0,511429.0,512993.0
YGR012W,YGR012W,7,gene,513159,514340,+,Verified,1181,False,512831.0,513131.0,513131.0,513631.0,513131,514430.0,513131.0,514430.0,513131.0,514430.0
YGR013W,SNU71,7,gene,514554,516416,+,Verified,1862,False,514232.0,514532.0,514532.0,515032.0,514532,516643.0,514532.0,516643.0,514532.0,516643.0
YGR014W,MSB2,7,gene,516943,520863,+,Verified,3920,False,516388.0,516688.0,516688.0,517188.0,516688,520991.0,516688.0,520991.0,516688.0,520991.0
YGR015C,YGR015C,7,gene,521090,522076,-,Uncharacterized,986,False,522079.0,522379.0,521579.0,522079.0,520803,522079.0,522079.0,520803.0,522079.0,520803.0
YGR016W,YGR016W,7,gene,522261,522833,+,Uncharacterized,572,False,521939.0,522239.0,522239.0,522739.0,522239,523022.0,522239.0,523022.0,522239.0,523022.0
YGR017W,YGR017W,7,gene,523787,524680,+,Uncharacterized,893,False,523316.0,523616.0,523616.0,524116.0,523616,524798.0,523616.0,524798.0,523616.0,524798.0
YGR019W,UGA1,7,gene,525229,526644,+,Verified,1415,False,524892.0,525192.0,525192.0,525692.0,525192,526737.0,525192.0,526737.0,525192.0,526737.0
YGR020C,VMA7,7,gene,526973,527329,-,Verified,356,False,527394.0,527694.0,526894.0,527394.0,526841,527394.0,527394.0,526841.0,527394.0,526841.0
YGR021W,YGR021W,7,gene,527632,528504,+,Uncharacterized,872,False,527320.0,527620.0,527620.0,528120.0,527620,528589.0,527620.0,528589.0,527620.0,528589.0
YGR023W,MTL1,7,gene,529264,530919,+,Verified,1655,False,528808.0,529108.0,529108.0,529608.0,529108,531154.0,529108.0,531154.0,529108.0,531154.0
YGR024C,THG1,7,gene,531883,532596,-,Verified,713,False,532604.0,532904.0,532104.0,532604.0,531796,532604.0,532604.0,531796.0,532604.0,531796.0
YGR026W,YGR026W,7,gene,532985,533821,+,Uncharacterized,836,False,532546.0,532846.0,532846.0,533346.0,532846,534007.0,532846.0,534007.0,532846.0,534007.0
YGR027C,RPS25A,7,gene,534132,534785,-,Verified,653,False,534839.0,535139.0,534339.0,534839.0,534070,534839.0,534839.0,534070.0,534839.0,534070.0
YGR028W,MSP1,7,gene,542203,543291,+,Verified,1088,False,541879.0,542179.0,542179.0,542679.0,542179,543439.0,542179.0,543439.0,542179.0,543439.0
YGR029W,ERV1,7,gene,543553,544205,+,Verified,652,False,543254.0,543554.0,543554.0,544054.0,543554,544303.0,543554.0,544303.0,543554.0,544303.0
YGR030C,POP6,7,gene,545681,546157,-,Verified,476,False,546173.0,546473.0,545673.0,546173.0,545607,546173.0,546173.0,545607.0,546173.0,545607.0
YGR031W,YGR031W,7,gene,546441,547469,+,Uncharacterized,1028,False,546070.0,546370.0,546370.0,546870.0,546370,547764.0,546370.0,547764.0,546370.0,547764.0
YGR031C-A,NAG1,7,gene,546809,547300,-,Verified,491,,547300.0,547600.0,546800.0,547300.0,546809,547300.0,,,547300.0,546809.0
YGR032W,GSC2,7,gene,548264,553951,+,Verified,5687,False,547803.0,548103.0,548103.0,548603.0,548103,554066.0,548103.0,554066.0,548103.0,554066.0
YGR033C,TIM21,7,gene,554248,554967,-,Verified,719,False,555098.0,555398.0,554598.0,555098.0,553994,555098.0,555098.0,553994.0,555098.0,553994.0
YGR034W,RPL26B,7,gene,555812,556672,+,Verified,860,False,555486.0,555786.0,555786.0,556286.0,555786,556803.0,555786.0,556803.0,555786.0,556803.0
YGR035C,YGR035C,7,gene,557072,557422,-,Uncharacterized,350,False,557513.0,557813.0,557013.0,557513.0,556914,557513.0,557513.0,556914.0,557513.0,556914.0
YGR035W-A,YGR035W-A,7,gene,557565,557786,+,Uncharacterized,221,,557265.0,557565.0,557565.0,558065.0,557565,557786.0,,,557565.0,557786.0
YGR036C,CAX4,7,gene,558149,558868,-,Verified,719,False,559034.0,559334.0,558534.0,559034.0,558149,559034.0,559034.0,,559034.0,558149.0
YGR037C,ACB1,7,gene,559731,559994,-,Verified,263,False,560043.0,560343.0,559543.0,560043.0,559551,560043.0,560043.0,559551.0,560043.0,559551.0
YGR038W,ORM1,7,gene,560682,561350,+,Verified,668,False,560245.0,560545.0,560545.0,561045.0,560545,561512.0,560545.0,561512.0,560545.0,561512.0
YGR040W,KSS1,7,gene,575398,576504,+,Verified,1106,False,574846.0,575146.0,575146.0,575646.0,575146,576621.0,575146.0,576621.0,575146.0,576621.0
YGR041W,BUD9,7,gene,577487,579130,+,Verified,1643,False,576827.0,577127.0,577127.0,577627.0,577127,579222.0,577127.0,579222.0,577127.0,579222.0
YGR042W,YGR042W,7,gene,579476,580291,+,Uncharacterized,815,False,579158.0,579458.0,579458.0,579958.0,579458,580390.0,579458.0,580390.0,579458.0,580390.0
YGR043C,NQM1,7,gene,580435,581436,-,Verified,1001,False,581692.0,581992.0,581192.0,581692.0,580295,581692.0,581692.0,580295.0,581692.0,580295.0
YGR044C,RME1,7,gene,582990,583892,-,Verified,902,False,583968.0,584268.0,583468.0,583968.0,582726,583968.0,583968.0,582726.0,583968.0,582726.0
YGR046W,TAM41,7,gene,584895,586052,+,Verified,1157,False,584466.0,584766.0,584766.0,585266.0,584766,586394.0,584766.0,586394.0,584766.0,586394.0
YGR047C,TFC4,7,gene,586392,589469,-,Verified,3077,False,589483.0,589783.0,588983.0,589483.0,586285,589483.0,589483.0,586285.0,589483.0,586285.0
YGR048W,UFD1,7,gene,589826,590911,+,Verified,1085,False,589472.0,589772.0,589772.0,590272.0,589772,590992.0,589772.0,590992.0,589772.0,590992.0
YGR049W,SCM4,7,gene,591314,591877,+,Verified,563,False,590966.0,591266.0,591266.0,591766.0,591266,592147.0,591266.0,592147.0,591266.0,592147.0
YGR052W,FMP48,7,gene,593596,594705,+,Uncharacterized,1109,False,593166.0,593466.0,593466.0,593966.0,593466,594894.0,593466.0,594894.0,593466.0,594894.0
YGR053C,YGR053C,7,gene,594986,595837,-,Uncharacterized,851,False,595953.0,596253.0,595453.0,595953.0,594930,595953.0,595953.0,594930.0,595953.0,594930.0
YGR054W,YGR054W,7,gene,596693,598621,+,Verified,1928,False,596223.0,596523.0,596523.0,597023.0,596523,598834.0,596523.0,598834.0,596523.0,598834.0
YGR055W,MUP1,7,gene,599417,601141,+,Verified,1724,False,599068.0,599368.0,599368.0,599868.0,599368,601264.0,599368.0,601264.0,599368.0,601264.0
YGR056W,RSC1,7,gene,601661,604447,+,Verified,2786,False,601272.0,601572.0,601572.0,602072.0,601572,604527.0,601572.0,604527.0,601572.0,604527.0
YGR057C,LST7,7,gene,604773,605501,-,Verified,728,False,605575.0,605875.0,605075.0,605575.0,604440,605575.0,605575.0,604440.0,605575.0,604440.0
YGR058W,PEF1,7,gene,606136,607143,+,Verified,1007,False,605806.0,606106.0,606106.0,606606.0,606106,607440.0,606106.0,607440.0,606106.0,607440.0
YGR059W,SPR3,7,gene,607563,609101,+,Verified,1538,,607263.0,607563.0,607563.0,608063.0,607563,609101.0,,,607563.0,609101.0
YGR060W,ERG25,7,gene,610564,611493,+,Verified,929,False,610219.0,610519.0,610519.0,611019.0,610519,611683.0,610519.0,611683.0,610519.0,611683.0
YGR061C,ADE6,7,gene,611889,615965,-,Verified,4076,False,616003.0,616303.0,615503.0,616003.0,611818,616003.0,616003.0,611818.0,616003.0,611818.0
YGR062C,COX18,7,gene,616328,617278,-,Verified,950,False,617287.0,617587.0,616787.0,617287.0,616252,617287.0,617287.0,616252.0,617287.0,616252.0
YGR063C,SPT4,7,gene,617516,617824,-,Verified,308,False,617832.0,618132.0,617332.0,617832.0,617396,617832.0,617832.0,617396.0,617832.0,617396.0
YGR065C,VHT1,7,gene,618077,619858,-,Verified,1781,False,619985.0,620285.0,619485.0,619985.0,617979,619985.0,619985.0,617979.0,619985.0,617979.0
YGR066C,YGR066C,7,gene,620921,621799,-,Uncharacterized,878,,621799.0,622099.0,621299.0,621799.0,620921,621799.0,,,621799.0,620921.0
YGR067C,YGR067C,7,gene,622372,624786,-,Uncharacterized,2414,,624786.0,625086.0,624286.0,624786.0,622372,624786.0,,,624786.0,622372.0
YGR068C,ART5,7,gene,625324,627084,-,Verified,1760,False,627158.0,627458.0,626658.0,627158.0,625324,627158.0,627158.0,,627158.0,625324.0
YGR070W,ROM1,7,gene,627806,631273,+,Verified,3467,False,627467.0,627767.0,627767.0,628267.0,627767,631290.0,627767.0,631290.0,627767.0,631290.0
YGR071C,YGR071C,7,gene,631481,634063,-,Uncharacterized,2582,False,634137.0,634437.0,633637.0,634137.0,631313,634137.0,634137.0,631313.0,634137.0,631313.0
YGR072W,UPF3,7,gene,634304,635467,+,Verified,1163,False,633965.0,634265.0,634265.0,634765.0,634265,635591.0,634265.0,635591.0,634265.0,635591.0
YGR074W,SMD1,7,gene,635712,636152,+,Verified,440,False,635380.0,635680.0,635680.0,636180.0,635680,636453.0,635680.0,636453.0,635680.0,636453.0
YGR075C,PRP38,7,gene,636147,636875,-,Verified,728,False,636916.0,637216.0,636416.0,636916.0,636147,636916.0,636916.0,,636916.0,636147.0
YGR076C,MRPL25,7,gene,637104,637577,-,Verified,473,False,637629.0,637929.0,637129.0,637629.0,636976,637629.0,637629.0,636976.0,637629.0,636976.0
YGR077C,PEX8,7,gene,637744,639513,-,Verified,1769,False,639522.0,639822.0,639022.0,639522.0,637671,639522.0,639522.0,637671.0,639522.0,637671.0
YGR078C,PAC10,7,gene,639772,640371,-,Verified,599,False,640403.0,640703.0,639903.0,640403.0,639698,640403.0,640403.0,639698.0,640403.0,639698.0
YGR079W,YGR079W,7,gene,640720,641832,+,Uncharacterized,1112,False,640525.0,640825.0,640825.0,641325.0,640825,641924.0,640825.0,641924.0,640825.0,641924.0
YGR080W,TWF1,7,gene,642010,643008,+,Verified,998,False,641681.0,641981.0,641981.0,642481.0,641981,643139.0,641981.0,643139.0,641981.0,643139.0
YGR081C,SLX9,7,gene,643148,643780,-,Verified,632,False,643810.0,644110.0,643310.0,643810.0,643037,643810.0,643810.0,643037.0,643810.0,643037.0
YGR082W,TOM20,7,gene,644044,644595,+,Verified,551,False,643698.0,643998.0,643998.0,644498.0,643998,644744.0,643998.0,644744.0,643998.0,644744.0
YGR083C,GCD2,7,gene,644860,646815,-,Verified,1955,False,646891.0,647191.0,646391.0,646891.0,644745,646891.0,646891.0,644745.0,646891.0,644745.0
YGR084C,MRP13,7,gene,647123,648142,-,Verified,1019,False,648090.0,648390.0,647590.0,648090.0,647055,648090.0,648090.0,647055.0,648090.0,647055.0
YGR085C,RPL11B,7,gene,648383,648907,-,Verified,524,False,648931.0,649231.0,648431.0,648931.0,648297,648931.0,648931.0,648297.0,648931.0,648297.0
YGR086C,PIL1,7,gene,649598,650617,-,Verified,1019,False,650726.0,651026.0,650226.0,650726.0,649255,650726.0,650726.0,649255.0,650726.0,649255.0
YGR087C,PDC6,7,gene,651290,652981,-,Verified,1691,False,653276.0,653576.0,652776.0,653276.0,651290,653276.0,653276.0,,653276.0,651290.0
YGR088W,CTT1,7,gene,654634,656322,+,Verified,1688,False,654415.0,654715.0,654715.0,655215.0,654715,656404.0,654715.0,656404.0,654715.0,656404.0
YGR089W,NNF2,7,gene,656960,659770,+,Verified,2810,False,656381.0,656681.0,656681.0,657181.0,656681,659897.0,656681.0,659897.0,656681.0,659897.0
YGR090W,UTP22,7,gene,662358,666071,+,Verified,3713,False,661782.0,662082.0,662082.0,662582.0,662082,666168.0,662082.0,666168.0,662082.0,666168.0
YGR091W,PRP31,7,gene,666341,667825,+,Verified,1484,False,665972.0,666272.0,666272.0,666772.0,666272,667875.0,666272.0,667875.0,666272.0,667875.0
YGR092W,DBF2,7,gene,668189,669907,+,Verified,1718,False,667828.0,668128.0,668128.0,668628.0,668128,670065.0,668128.0,670065.0,668128.0,670065.0
YGR093W,YGR093W,7,gene,670388,671911,+,Uncharacterized,1523,False,670023.0,670323.0,670323.0,670823.0,670323,671993.0,670323.0,671993.0,670323.0,671993.0
YGR094W,VAS1,7,gene,672186,675500,+,Verified,3314,False,671923.0,672223.0,672223.0,672723.0,672223,675582.0,672223.0,675582.0,672223.0,675582.0
YGR095C,RRP46,7,gene,675671,676342,-,Verified,671,False,676385.0,676685.0,675885.0,676385.0,675627,676385.0,676385.0,675627.0,676385.0,675627.0
YGR096W,TPC1,7,gene,676621,677565,+,Verified,944,False,676250.0,676550.0,676550.0,677050.0,676550,677637.0,676550.0,677637.0,676550.0,677637.0
YGR097W,ASK10,7,gene,678695,682135,+,Verified,3440,False,678167.0,678467.0,678467.0,678967.0,678467,682285.0,678467.0,682285.0,678467.0,682285.0
YGR098C,ESP1,7,gene,682566,687458,-,Verified,4892,False,687709.0,688009.0,687209.0,687709.0,682399,687709.0,687709.0,682399.0,687709.0,682399.0
YGR099W,TEL2,7,gene,687899,689965,+,Verified,2066,False,687535.0,687835.0,687835.0,688335.0,687835,690029.0,687835.0,690029.0,687835.0,690029.0
YGR100W,MDR1,7,gene,690245,693097,+,Verified,2852,False,689806.0,690106.0,690106.0,690606.0,690106,693227.0,690106.0,693227.0,690106.0,693227.0
YGR101W,PCP1,7,gene,693363,694403,+,Verified,1040,False,693042.0,693342.0,693342.0,693842.0,693342,694524.0,693342.0,694524.0,693342.0,694524.0
YGR102C,YGR102C,7,gene,694584,695135,-,Verified,551,False,695142.0,695442.0,694642.0,695142.0,694411,695142.0,695142.0,694411.0,695142.0,694411.0
YGR103W,NOP7,7,gene,695417,697234,+,Verified,1817,False,695067.0,695367.0,695367.0,695867.0,695367,697375.0,695367.0,697375.0,695367.0,697375.0
YGR104C,SRB5,7,gene,697445,698368,-,Verified,923,False,698437.0,698737.0,697937.0,698437.0,697369,698437.0,698437.0,697369.0,698437.0,697369.0
YGR105W,VMA21,7,gene,698599,698832,+,Verified,233,False,698251.0,698551.0,698551.0,699051.0,698551,699005.0,698551.0,699005.0,698551.0,699005.0
YGR106C,VOA1,7,gene,698989,699786,-,Verified,797,False,699844.0,700144.0,699344.0,699844.0,698886,699844.0,699844.0,698886.0,699844.0,698886.0
YGR108W,CLB1,7,gene,703636,705051,+,Verified,1415,False,703119.0,703419.0,703419.0,703919.0,703419,705216.0,703419.0,705216.0,703419.0,705216.0
YGR109C,CLB6,7,gene,705359,706501,-,Verified,1142,False,706581.0,706881.0,706081.0,706581.0,705248,706581.0,706581.0,705248.0,706581.0,705248.0
YGR110W,CLD1,7,gene,713709,715046,+,Verified,1337,,713409.0,713709.0,713709.0,714209.0,713709,715046.0,,,713709.0,715046.0
YGR111W,YGR111W,7,gene,715828,717030,+,Uncharacterized,1202,False,715438.0,715738.0,715738.0,716238.0,715738,717156.0,715738.0,717156.0,715738.0,717156.0
YGR112W,SHY1,7,gene,717358,718527,+,Verified,1169,False,717001.0,717301.0,717301.0,717801.0,717301,718690.0,717301.0,718690.0,717301.0,718690.0
YGR113W,DAM1,7,gene,718893,719924,+,Verified,1031,False,718542.0,718842.0,718842.0,719342.0,718842,720243.0,718842.0,720243.0,718842.0,720243.0
YGR116W,SPT6,7,gene,720409,724764,+,Verified,4355,False,720059.0,720359.0,720359.0,720859.0,720359,724863.0,720359.0,724863.0,720359.0,724863.0
YGR117C,YGR117C,7,gene,725049,726479,-,Uncharacterized,1430,False,726489.0,726789.0,725989.0,726489.0,724823,726489.0,726489.0,724823.0,726489.0,724823.0
YGR118W,RPS23A,7,gene,726974,727730,+,Verified,756,False,726652.0,726952.0,726952.0,727452.0,726952,727904.0,726952.0,727904.0,726952.0,727904.0
YGR119C,NUP57,7,gene,728046,729671,-,Verified,1625,False,729781.0,730081.0,729281.0,729781.0,727966,729781.0,729781.0,727966.0,729781.0,727966.0
YGR120C,COG2,7,gene,730033,730821,-,Verified,788,False,730855.0,731155.0,730355.0,730855.0,729868,730855.0,730855.0,729868.0,730855.0,729868.0
YGR121C,MEP1,7,gene,731449,732927,-,Verified,1478,False,733184.0,733484.0,732684.0,733184.0,731310,733184.0,733184.0,731310.0,733184.0,731310.0
YGR121W-A,YGR121W-A,7,gene,733412,733627,+,Uncharacterized,215,False,732897.0,733197.0,733197.0,733697.0,733197,733627.0,733197.0,,733197.0,733627.0
YGR122W,YGR122W,7,gene,733935,735143,+,Verified,1208,False,733493.0,733793.0,733793.0,734293.0,733793,735515.0,733793.0,735515.0,733793.0,735515.0
YGR123C,PPT1,7,gene,736662,738203,-,Verified,1541,False,738270.0,738570.0,737770.0,738270.0,736515,738270.0,738270.0,736515.0,738270.0,736515.0
YGR124W,ASN2,7,gene,739944,741662,+,Verified,1718,False,739616.0,739916.0,739916.0,740416.0,739916,741775.0,739916.0,741775.0,739916.0,741775.0
YGR125W,YGR125W,7,gene,742325,745435,+,Uncharacterized,3110,False,741804.0,742104.0,742104.0,742604.0,742104,745596.0,742104.0,745596.0,742104.0,745596.0
YGR126W,YGR126W,7,gene,745835,746527,+,Uncharacterized,692,False,745423.0,745723.0,745723.0,746223.0,745723,746527.0,745723.0,,745723.0,746527.0
YGR127W,YGR127W,7,gene,746798,747736,+,Uncharacterized,938,False,746396.0,746696.0,746696.0,747196.0,746696,747952.0,746696.0,747952.0,746696.0,747952.0
YGR128C,UTP8,7,gene,747950,750091,-,Verified,2141,False,750118.0,750418.0,749618.0,750118.0,747869,750118.0,750118.0,747869.0,750118.0,747869.0
YGR129W,SYF2,7,gene,750400,751047,+,Verified,647,False,750052.0,750352.0,750352.0,750852.0,750352,751301.0,750352.0,751301.0,750352.0,751301.0
YGR130C,YGR130C,7,gene,751394,753844,-,Verified,2450,False,753978.0,754278.0,753478.0,753978.0,751220,753978.0,753978.0,751220.0,753978.0,751220.0
YGR131W,FHN1,7,gene,754726,755250,+,Verified,524,False,754306.0,754606.0,754606.0,755106.0,754606,755351.0,754606.0,755351.0,754606.0,755351.0
YGR132C,PHB1,7,gene,755589,756452,-,Verified,863,False,756504.0,756804.0,756004.0,756504.0,755346,756504.0,756504.0,755346.0,756504.0,755346.0
YGR133W,PEX4,7,gene,756896,757447,+,Verified,551,False,756627.0,756927.0,756927.0,757427.0,756927,757631.0,756927.0,757631.0,756927.0,757631.0
YGR134W,CAF130,7,gene,757770,761138,+,Verified,3368,False,757314.0,757614.0,757614.0,758114.0,757614,761279.0,757614.0,761279.0,757614.0,761279.0
YGR135W,PRE9,7,gene,761392,762168,+,Verified,776,False,761015.0,761315.0,761315.0,761815.0,761315,762248.0,761315.0,762248.0,761315.0,762248.0
YGR136W,LSB1,7,gene,762428,763153,+,Verified,725,False,762112.0,762412.0,762412.0,762912.0,762412,763403.0,762412.0,763403.0,762412.0,763403.0
YGR138C,TPO2,7,gene,763762,765606,-,Verified,1844,False,765887.0,766187.0,765387.0,765887.0,763677,765887.0,765887.0,763677.0,765887.0,763677.0
YGR140W,CBF2,7,gene,767429,770299,+,Verified,2870,False,767185.0,767485.0,767485.0,767985.0,767485,770377.0,767485.0,770377.0,767485.0,770377.0
YGR141W,VPS62,7,gene,770569,771972,+,Verified,1403,False,770250.0,770550.0,770550.0,771050.0,770550,772069.0,770550.0,772069.0,770550.0,772069.0
YGR142W,BTN2,7,gene,772454,773686,+,Verified,1232,False,772096.0,772396.0,772396.0,772896.0,772396,773782.0,772396.0,773782.0,772396.0,773782.0
YGR143W,SKN1,7,gene,775193,777508,+,Verified,2315,False,774426.0,774726.0,774726.0,775226.0,774726,777882.0,774726.0,777882.0,774726.0,777882.0
YGR144W,THI4,7,gene,780399,781379,+,Verified,980,False,779843.0,780143.0,780143.0,780643.0,780143,781462.0,780143.0,781462.0,780143.0,781462.0
YGR145W,ENP2,7,gene,781767,783890,+,Verified,2123,False,781413.0,781713.0,781713.0,782213.0,781713,783930.0,781713.0,783930.0,781713.0,783930.0
YGR146C,ECL1,7,gene,784223,784858,-,Verified,635,False,785156.0,785456.0,784656.0,785156.0,784019,785156.0,785156.0,784019.0,785156.0,784019.0
YGR146C-A,YGR146C-A,7,gene,785276,785437,-,Uncharacterized,161,False,785494.0,785794.0,784994.0,785494.0,785114,785494.0,785494.0,785114.0,785494.0,785114.0
YGR147C,NAT2,7,gene,786054,786920,-,Verified,866,False,786984.0,787284.0,786484.0,786984.0,785937,786984.0,786984.0,785937.0,786984.0,785937.0
YGR148C,RPL24B,7,gene,787312,788178,-,Verified,866,False,787787.0,788087.0,787287.0,787787.0,787228,787787.0,787787.0,787228.0,787787.0,787228.0
YGR149W,YGR149W,7,gene,789031,790329,+,Uncharacterized,1298,False,788328.0,788628.0,788628.0,789128.0,788628,790517.0,788628.0,790517.0,788628.0,790517.0
YGR150C,CCM1,7,gene,790459,793053,-,Verified,2594,False,793095.0,793395.0,792595.0,793095.0,790361,793095.0,793095.0,790361.0,793095.0,790361.0
YGR152C,RSR1,7,gene,794674,795492,-,Verified,818,False,795658.0,795958.0,795158.0,795658.0,794621,795658.0,795658.0,794621.0,795658.0,794621.0
YGR153W,YGR153W,7,gene,796092,796745,+,Uncharacterized,653,False,795772.0,796072.0,796072.0,796572.0,796072,796938.0,796072.0,796938.0,796072.0,796938.0
YGR154C,GTO1,7,gene,796798,797868,-,Verified,1070,False,798179.0,798479.0,797679.0,798179.0,796614,798179.0,798179.0,796614.0,798179.0,796614.0
YGR155W,CYS4,7,gene,798543,800066,+,Verified,1523,False,798208.0,798508.0,798508.0,799008.0,798508,800205.0,798508.0,800205.0,798508.0,800205.0
YGR156W,PTI1,7,gene,800546,801823,+,Verified,1277,False,800113.0,800413.0,800413.0,800913.0,800413,801877.0,800413.0,801877.0,800413.0,801877.0
YGR157W,CHO2,7,gene,802440,805049,+,Verified,2609,False,801888.0,802188.0,802188.0,802688.0,802188,805158.0,802188.0,805158.0,802188.0,805158.0
YGR158C,MTR3,7,gene,805269,806021,-,Verified,752,False,806086.0,806386.0,805586.0,806086.0,805094,806086.0,806086.0,805094.0,806086.0,805094.0
YGR159C,NSR1,7,gene,806412,807656,-,Verified,1244,False,807701.0,808001.0,807201.0,807701.0,806263,807701.0,807701.0,806263.0,807701.0,806263.0
YGR161C,RTS3,7,gene,808629,809420,-,Uncharacterized,791,False,809503.0,809803.0,809003.0,809503.0,808363,809503.0,809503.0,808363.0,809503.0,808363.0
YGR161W-C,YGR161W-C,7,gene,810227,810505,+,Uncharacterized,278,False,809885.0,810185.0,810185.0,810685.0,810185,810754.0,810185.0,810754.0,810185.0,810754.0
YGR162W,TIF4631,7,gene,824059,826917,+,Verified,2858,False,823724.0,824024.0,824024.0,824524.0,824024,827029.0,824024.0,827029.0,824024.0,827029.0
YGR163W,GTR2,7,gene,827552,828577,+,Verified,1025,False,827196.0,827496.0,827496.0,827996.0,827496,828639.0,827496.0,828639.0,827496.0,828639.0
YGR165W,MRPS35,7,gene,829116,830153,+,Verified,1037,False,828762.0,829062.0,829062.0,829562.0,829062,830315.0,829062.0,830315.0,829062.0,830315.0
YGR166W,TRS65,7,gene,830515,832197,+,Verified,1682,False,830136.0,830436.0,830436.0,830936.0,830436,832256.0,830436.0,832256.0,830436.0,832256.0
YGR167W,CLC1,7,gene,832456,833157,+,Verified,701,False,832103.0,832403.0,832403.0,832903.0,832403,833341.0,832403.0,833341.0,832403.0,833341.0
YGR168C,YGR168C,7,gene,833352,834482,-,Uncharacterized,1130,False,834524.0,834824.0,834024.0,834524.0,833255,834524.0,834524.0,833255.0,834524.0,833255.0
YGR169C,PUS6,7,gene,834689,835903,-,Verified,1214,False,835930.0,836230.0,835430.0,835930.0,834598,835930.0,835930.0,834598.0,835930.0,834598.0
YGR169C-A,YGR169C-A,7,gene,836387,836665,-,Uncharacterized,278,False,836729.0,837029.0,836229.0,836729.0,836025,836729.0,836729.0,836025.0,836729.0,836025.0
YGR170W,PSD2,7,gene,837142,840558,+,Verified,3416,False,836787.0,837087.0,837087.0,837587.0,837087,840834.0,837087.0,840834.0,837087.0,840834.0
YGR171C,MSM1,7,gene,840824,842551,-,Verified,1727,False,842575.0,842875.0,842075.0,842575.0,840711,842575.0,842575.0,840711.0,842575.0,840711.0
YGR172C,YIP1,7,gene,842845,843591,-,Verified,746,False,843617.0,843917.0,843117.0,843617.0,842723,843617.0,843617.0,842723.0,843617.0,842723.0
YGR173W,RBG2,7,gene,843854,844960,+,Verified,1106,False,843504.0,843804.0,843804.0,844304.0,843804,844997.0,843804.0,844997.0,843804.0,844997.0
YGR174C,CBP4,7,gene,845893,846405,-,Verified,512,False,846354.0,846654.0,845854.0,846354.0,845766,846354.0,846354.0,845766.0,846354.0,845766.0
YGR174W-A,YGR174W-A,7,gene,846655,846741,+,Uncharacterized,86,False,846232.0,846532.0,846532.0,847032.0,846532,846741.0,846532.0,,846532.0,846741.0
YGR175C,ERG1,7,gene,846933,848423,-,Verified,1490,False,848522.0,848822.0,848022.0,848522.0,846755,848522.0,848522.0,846755.0,848522.0,846755.0
YGR177C,ATF2,7,gene,848829,850436,-,Verified,1607,False,850500.0,850800.0,850000.0,850500.0,848614,850500.0,850500.0,848614.0,850500.0,848614.0
YGR178C,PBP1,7,gene,851047,853215,-,Verified,2168,False,853444.0,853744.0,852944.0,853444.0,850929,853444.0,853444.0,850929.0,853444.0,850929.0
YGR179C,OKP1,7,gene,853675,854895,-,Verified,1220,False,854938.0,855238.0,854438.0,854938.0,853602,854938.0,854938.0,853602.0,854938.0,853602.0
YGR180C,RNR4,7,gene,855264,856301,-,Verified,1037,False,856511.0,856811.0,856011.0,856511.0,855142,856511.0,856511.0,855142.0,856511.0,855142.0
YGR181W,TIM13,7,gene,858287,858604,+,Verified,317,False,857913.0,858213.0,858213.0,858713.0,858213,858786.0,858213.0,858786.0,858213.0,858786.0
YGR183C,QCR9,7,gene,859063,859476,-,Verified,413,False,859547.0,859847.0,859047.0,859547.0,858706,859547.0,859547.0,858706.0,859547.0,858706.0
YGR184C,UBR1,7,gene,859901,865753,-,Verified,5852,False,866128.0,866428.0,865628.0,866128.0,859820,866128.0,866128.0,859820.0,866128.0,859820.0
YGR185C,TYS1,7,gene,866336,867520,-,Verified,1184,False,867553.0,867853.0,867053.0,867553.0,866243,867553.0,867553.0,866243.0,867553.0,866243.0
YGR186W,TFG1,7,gene,867774,869981,+,Verified,2207,False,867465.0,867765.0,867765.0,868265.0,867765,870117.0,867765.0,870117.0,867765.0,870117.0
YGR187C,HGH1,7,gene,870232,871416,-,Verified,1184,False,871502.0,871802.0,871002.0,871502.0,870114,871502.0,871502.0,870114.0,871502.0,870114.0
YGR188C,BUB1,7,gene,872044,875109,-,Verified,3065,False,875163.0,875463.0,874663.0,875163.0,871901,875163.0,875163.0,871901.0,875163.0,871901.0
YGR189C,CRH1,7,gene,876669,878192,-,Verified,1523,False,878271.0,878571.0,877771.0,878271.0,876551,878271.0,878271.0,876551.0,878271.0,876551.0
YGR191W,HIP1,7,gene,880420,882231,+,Verified,1811,False,879920.0,880220.0,880220.0,880720.0,880220,882454.0,880220.0,882454.0,880220.0,882454.0
YGR192C,TDH3,7,gene,882812,883810,-,Verified,998,False,883850.0,884150.0,883350.0,883850.0,882707,883850.0,883850.0,882707.0,883850.0,882707.0
YGR193C,PDX1,7,gene,884509,885741,-,Verified,1232,False,885831.0,886131.0,885331.0,885831.0,884390,885831.0,885831.0,884390.0,885831.0,884390.0
YGR194C,XKS1,7,gene,886073,887875,-,Verified,1802,False,887857.0,888157.0,887357.0,887857.0,885921,887857.0,887857.0,885921.0,887857.0,885921.0
YGR195W,SKI6,7,gene,888882,889622,+,Verified,740,False,888477.0,888777.0,888777.0,889277.0,888777,889700.0,888777.0,889700.0,888777.0,889700.0
YGR196C,FYV8,7,gene,889733,892186,-,Verified,2453,False,892246.0,892546.0,891746.0,892246.0,889627,892246.0,892246.0,889627.0,892246.0,889627.0
YGR197C,SNG1,7,gene,892497,894140,-,Verified,1643,False,894347.0,894647.0,893847.0,894347.0,892432,894347.0,894347.0,892432.0,894347.0,892432.0
YGR198W,YPP1,7,gene,894693,897146,+,Verified,2453,False,894357.0,894657.0,894657.0,895157.0,894657,897243.0,894657.0,897243.0,894657.0,897243.0
YGR199W,PMT6,7,gene,897502,899781,+,Verified,2279,False,897175.0,897475.0,897475.0,897975.0,897475,899862.0,897475.0,899862.0,897475.0,899862.0
YGR200C,ELP2,7,gene,899904,902270,-,Verified,2366,False,902330.0,902630.0,901830.0,902330.0,899879,902330.0,902330.0,899879.0,902330.0,899879.0
YGR201C,YGR201C,7,gene,902520,903197,-,Uncharacterized,677,False,903202.0,903502.0,902702.0,903202.0,902453,903202.0,903202.0,902453.0,903202.0,902453.0
YGR202C,PCT1,7,gene,903474,904748,-,Verified,1274,,904748.0,905048.0,904248.0,904748.0,903474,904748.0,,,904748.0,903474.0
YGR203W,YCH1,7,gene,905237,905683,+,Verified,446,False,904927.0,905227.0,905227.0,905727.0,905227,905873.0,905227.0,905873.0,905227.0,905873.0
YGR204W,ADE3,7,gene,905934,908774,+,Verified,2840,False,905596.0,905896.0,905896.0,906396.0,905896,908825.0,905896.0,908825.0,905896.0,908825.0
YGR204C-A,YGR204C-A,7,gene,909061,909174,-,Uncharacterized,113,,909174.0,909474.0,908674.0,909174.0,909061,909174.0,,,909174.0,909061.0
YGR205W,YGR205W,7,gene,909213,910085,+,Verified,872,False,908784.0,909084.0,909084.0,909584.0,909084,910213.0,909084.0,910213.0,909084.0,910213.0
YGR206W,MVB12,7,gene,910432,910737,+,Verified,305,False,910109.0,910409.0,910409.0,910909.0,910409,910825.0,910409.0,910825.0,910409.0,910825.0
YGR207C,YGR207C,7,gene,910843,911628,-,Verified,785,False,911659.0,911959.0,911159.0,911659.0,910734,911659.0,911659.0,910734.0,911659.0,910734.0
YGR208W,SER2,7,gene,911883,912812,+,Verified,929,False,911564.0,911864.0,911864.0,912364.0,911864,912852.0,911864.0,912852.0,911864.0,912852.0
YGR209C,TRX2,7,gene,912913,913227,-,Verified,314,False,913281.0,913581.0,912781.0,913281.0,912831,913281.0,913281.0,912831.0,913281.0,912831.0
YGR210C,YGR210C,7,gene,913503,914738,-,Uncharacterized,1235,False,914783.0,915083.0,914283.0,914783.0,913408,914783.0,914783.0,913408.0,914783.0,913408.0
YGR211W,ZPR1,7,gene,915241,916701,+,Verified,1460,False,914840.0,915140.0,915140.0,915640.0,915140,916901.0,915140.0,916901.0,915140.0,916901.0
YGR212W,SLI1,7,gene,917040,918446,+,Verified,1406,False,916737.0,917037.0,917037.0,917537.0,917037,918626.0,917037.0,918626.0,917037.0,918626.0
YGR213C,RTA1,7,gene,918512,919465,-,Verified,953,False,919861.0,920161.0,919361.0,919861.0,918512,919861.0,919861.0,,919861.0,918512.0
YGR214W,RPS0A,7,gene,920575,921788,+,Verified,1213,False,920257.0,920557.0,920557.0,921057.0,920557,921863.0,920557.0,921863.0,920557.0,921863.0
YGR215W,RSM27,7,gene,922175,922507,+,Verified,332,False,921825.0,922125.0,922125.0,922625.0,922125,922600.0,922125.0,922600.0,922125.0,922600.0
YGR216C,GPI1,7,gene,922633,924462,-,Verified,1829,False,924510.0,924810.0,924010.0,924510.0,922596,924510.0,924510.0,922596.0,924510.0,922596.0
YGR217W,CCH1,7,gene,924696,930815,+,Verified,6119,False,924356.0,924656.0,924656.0,925156.0,924656,930877.0,924656.0,930877.0,924656.0,930877.0
YGR218W,CRM1,7,gene,932541,935795,+,Verified,3254,False,931943.0,932243.0,932243.0,932743.0,932243,936001.0,932243.0,936001.0,932243.0,936001.0
YGR220C,MRPL9,7,gene,936074,936883,-,Verified,809,False,936890.0,937190.0,936390.0,936890.0,936002,936890.0,936890.0,936002.0,936890.0,936002.0
YGR221C,TOS2,7,gene,937124,938992,-,Verified,1868,,938992.0,939292.0,938492.0,938992.0,937124,938992.0,,,938992.0,937124.0
YGR222W,PET54,7,gene,939923,940804,+,Verified,881,False,939624.0,939924.0,939924.0,940424.0,939924,940897.0,939924.0,940897.0,939924.0,940897.0
YGR223C,HSV2,7,gene,940869,942215,-,Verified,1346,False,942275.0,942575.0,941775.0,942275.0,940797,942275.0,942275.0,940797.0,942275.0,940797.0
YGR224W,AZR1,7,gene,942806,944647,+,Verified,1841,,942506.0,942806.0,942806.0,943306.0,942806,944647.0,,,942806.0,944647.0
YGR225W,AMA1,7,gene,945145,947019,+,Verified,1874,False,944739.0,945039.0,945039.0,945539.0,945039,947019.0,945039.0,,945039.0,947019.0
YGR227W,DIE2,7,gene,947420,948997,+,Verified,1577,False,947053.0,947353.0,947353.0,947853.0,947353,949162.0,947353.0,949162.0,947353.0,949162.0
YGR229C,SMI1,7,gene,949382,950899,-,Verified,1517,False,951176.0,951476.0,950676.0,951176.0,949180,951176.0,951176.0,949180.0,951176.0,949180.0
YGR230W,BNS1,7,gene,951894,952307,+,Verified,413,False,951733.0,952033.0,952033.0,952533.0,952033,952474.0,952033.0,952474.0,952033.0,952474.0
YGR231C,PHB2,7,gene,952548,953480,-,Verified,932,False,953529.0,953829.0,953029.0,953529.0,952322,953529.0,953529.0,952322.0,953529.0,952322.0
YGR232W,NAS6,7,gene,953960,954646,+,Verified,686,False,953639.0,953939.0,953939.0,954439.0,953939,954707.0,953939.0,954707.0,953939.0,954707.0
YGR233C,PHO81,7,gene,954674,958210,-,Verified,3536,False,958400.0,958700.0,957900.0,958400.0,954612,958400.0,958400.0,954612.0,958400.0,954612.0
YGR234W,YHB1,7,gene,959904,961103,+,Verified,1199,False,959585.0,959885.0,959885.0,960385.0,959885,961372.0,959885.0,961372.0,959885.0,961372.0
YGR235C,YGR235C,7,gene,961360,962061,-,Uncharacterized,701,False,962092.0,962392.0,961592.0,962092.0,961132,962092.0,962092.0,961132.0,962092.0,961132.0
YGR236C,SPG1,7,gene,962530,962817,-,Verified,287,,962817.0,963117.0,962317.0,962817.0,962530,962817.0,,,962817.0,962530.0
YGR237C,YGR237C,7,gene,963298,965655,-,Uncharacterized,2357,False,965744.0,966044.0,965244.0,965744.0,963152,965744.0,965744.0,963152.0,965744.0,963152.0
YGR238C,KEL2,7,gene,966039,968687,-,Verified,2648,False,968688.0,968988.0,968188.0,968688.0,965956,968688.0,968688.0,965956.0,968688.0,965956.0
YGR239C,PEX21,7,gene,969187,970053,-,Verified,866,False,970130.0,970430.0,969630.0,970130.0,969089,970130.0,970130.0,969089.0,970130.0,969089.0
YGR240C,PFK1,7,gene,970771,973734,-,Verified,2963,False,973982.0,974282.0,973482.0,973982.0,970535,973982.0,973982.0,970535.0,973982.0,970535.0
YGR240C-A,YGR240C-A,7,gene,974577,974777,-,Uncharacterized,200,,974777.0,975077.0,974277.0,974777.0,974577,974777.0,,,974777.0,974577.0
YGR241C,YAP1802,7,gene,974875,976581,-,Verified,1706,False,976749.0,977049.0,976249.0,976749.0,974804,976749.0,976749.0,974804.0,976749.0,974804.0
YGR243W,FMP43,7,gene,977336,977776,+,Uncharacterized,440,False,976977.0,977277.0,977277.0,977777.0,977277,977900.0,977277.0,977900.0,977277.0,977900.0
YGR244C,LSC2,7,gene,978036,979319,-,Verified,1283,False,979428.0,979728.0,978928.0,979428.0,977925,979428.0,979428.0,977925.0,979428.0,977925.0
YGR245C,SDA1,7,gene,979765,982068,-,Verified,2303,False,982156.0,982456.0,981656.0,982156.0,979628,982156.0,982156.0,979628.0,982156.0,979628.0
YGR246C,BRF1,7,gene,982482,984272,-,Verified,1790,False,984302.0,984602.0,983802.0,984302.0,982321,984302.0,984302.0,982321.0,984302.0,982321.0
YGR247W,CPD1,7,gene,984966,985685,+,Verified,719,False,984536.0,984836.0,984836.0,985336.0,984836,985743.0,984836.0,985743.0,984836.0,985743.0
YGR248W,SOL4,7,gene,985972,986739,+,Verified,767,,985672.0,985972.0,985972.0,986472.0,985972,986739.0,,,985972.0,986739.0
YGR249W,MGA1,7,gene,988049,989419,+,Verified,1370,False,987483.0,987783.0,987783.0,988283.0,987783,989419.0,987783.0,,987783.0,989419.0
YGR250C,YGR250C,7,gene,991176,993521,-,Verified,2345,False,993773.0,994073.0,993273.0,993773.0,991066,993773.0,993773.0,991066.0,993773.0,991066.0
YGR251W,YGR251W,7,gene,995639,996229,+,Verified,590,False,995312.0,995612.0,995612.0,996112.0,995612,996573.0,995612.0,996573.0,995612.0,996573.0
YGR252W,GCN5,7,gene,996869,998188,+,Verified,1319,False,996498.0,996798.0,996798.0,997298.0,996798,998388.0,996798.0,998388.0,996798.0,998388.0
YGR253C,PUP2,7,gene,998358,999140,-,Verified,782,False,999188.0,999488.0,998688.0,999188.0,998302,999188.0,999188.0,998302.0,999188.0,998302.0
YGR254W,ENO1,7,gene,1000927,1002240,+,Verified,1313,False,1000591.0,1000891.0,1000891.0,1001391.0,1000891,1002389.0,1000891.0,1002389.0,1000891.0,1002389.0
YGR255C,COQ6,7,gene,1002523,1003962,-,Verified,1439,False,1004046.0,1004346.0,1003546.0,1004046.0,1002469,1004046.0,1004046.0,1002469.0,1004046.0,1002469.0
YGR256W,GND2,7,gene,1004624,1006102,+,Verified,1478,False,1004267.0,1004567.0,1004567.0,1005067.0,1004567,1006369.0,1004567.0,1006369.0,1004567.0,1006369.0
YGR257C,MTM1,7,gene,1006205,1007305,-,Verified,1100,False,1007410.0,1007710.0,1006910.0,1007410.0,1006129,1007410.0,1007410.0,1006129.0,1007410.0,1006129.0
YGR258C,RAD2,7,gene,1007671,1010766,-,Verified,3095,False,1010795.0,1011095.0,1010295.0,1010795.0,1007614,1010795.0,1010795.0,1007614.0,1010795.0,1007614.0
YGR260W,TNA1,7,gene,1012485,1014089,+,Verified,1604,False,1012192.0,1012492.0,1012492.0,1012992.0,1012492,1014215.0,1012492.0,1014215.0,1012492.0,1014215.0
YGR261C,APL6,7,gene,1014321,1016750,-,Verified,2429,False,1016787.0,1017087.0,1016287.0,1016787.0,1014209,1016787.0,1016787.0,1014209.0,1016787.0,1014209.0
YGR262C,BUD32,7,gene,1016974,1017759,-,Verified,785,False,1017789.0,1018089.0,1017289.0,1017789.0,1016883,1017789.0,1017789.0,1016883.0,1017789.0,1016883.0
YGR263C,SAY1,7,gene,1017967,1019241,-,Verified,1274,False,1019303.0,1019603.0,1018803.0,1019303.0,1017887,1019303.0,1019303.0,1017887.0,1019303.0,1017887.0
YGR264C,MES1,7,gene,1019598,1021853,-,Verified,2255,False,1021905.0,1022205.0,1021405.0,1021905.0,1019398,1021905.0,1021905.0,1019398.0,1021905.0,1019398.0
YGR266W,YGR266W,7,gene,1022656,1024761,+,Verified,2105,False,1022293.0,1022593.0,1022593.0,1023093.0,1022593,1025006.0,1022593.0,1025006.0,1022593.0,1025006.0
YGR267C,FOL2,7,gene,1025004,1025735,-,Verified,731,False,1025911.0,1026211.0,1025411.0,1025911.0,1024938,1025911.0,1025911.0,1024938.0,1025911.0,1024938.0
YGR268C,HUA1,7,gene,1026057,1026653,-,Verified,596,False,1026680.0,1026980.0,1026180.0,1026680.0,1025861,1026680.0,1026680.0,1025861.0,1026680.0,1025861.0
YGR270W,YTA7,7,gene,1027370,1031509,+,Verified,4139,False,1026604.0,1026904.0,1026904.0,1027404.0,1026904,1031581.0,1026904.0,1031581.0,1026904.0,1031581.0
YGR271W,SLH1,7,gene,1031791,1037694,+,Verified,5903,False,1031469.0,1031769.0,1031769.0,1032269.0,1031769,1037836.0,1031769.0,1037836.0,1031769.0,1037836.0
YGR271C-A,EFG1,7,gene,1037800,1038501,-,Verified,701,False,1038552.0,1038852.0,1038052.0,1038552.0,1037708,1038552.0,1038552.0,1037708.0,1038552.0,1037708.0
YGR273C,YGR273C,7,gene,1038715,1039239,-,Uncharacterized,524,,1039239.0,1039539.0,1038739.0,1039239.0,1038715,1039239.0,,,1039239.0,1038715.0
YGR274C,TAF1,7,gene,1039895,1043095,-,Verified,3200,False,1043117.0,1043417.0,1042617.0,1043117.0,1039810,1043117.0,1043117.0,1039810.0,1043117.0,1039810.0
YGR275W,RTT102,7,gene,1043276,1043749,+,Verified,473,False,1042963.0,1043263.0,1043263.0,1043763.0,1043263,1043834.0,1043263.0,1043834.0,1043263.0,1043834.0
YGR276C,RNH70,7,gene,1043819,1045480,-,Verified,1661,False,1045495.0,1045795.0,1044995.0,1045495.0,1043744,1045495.0,1045495.0,1043744.0,1045495.0,1043744.0
YGR277C,CAB4,7,gene,1045644,1046561,-,Verified,917,False,1046567.0,1046867.0,1046067.0,1046567.0,1045607,1046567.0,1046567.0,1045607.0,1046567.0,1045607.0
YGR278W,CWC22,7,gene,1046731,1048464,+,Verified,1733,False,1046422.0,1046722.0,1046722.0,1047222.0,1046722,1048574.0,1046722.0,1048574.0,1046722.0,1048574.0
YGR279C,SCW4,7,gene,1048798,1049958,-,Verified,1160,False,1050054.0,1050354.0,1049554.0,1050054.0,1048560,1050054.0,1050054.0,1048560.0,1050054.0,1048560.0
YGR280C,PXR1,7,gene,1050910,1051725,-,Verified,815,False,1051760.0,1052060.0,1051260.0,1051760.0,1050697,1051760.0,1051760.0,1050697.0,1051760.0,1050697.0
YGR281W,YOR1,7,gene,1052824,1057257,+,Verified,4433,False,1052344.0,1052644.0,1052644.0,1053144.0,1052644,1057442.0,1052644.0,1057442.0,1052644.0,1057442.0
YGR282C,BGL2,7,gene,1057783,1058724,-,Verified,941,False,1058749.0,1059049.0,1058249.0,1058749.0,1057521,1058749.0,1058749.0,1057521.0,1058749.0,1057521.0
YGR283C,YGR283C,7,gene,1059015,1060040,-,Verified,1025,False,1060068.0,1060368.0,1059568.0,1060068.0,1058912,1060068.0,1060068.0,1058912.0,1060068.0,1058912.0
YGR284C,ERV29,7,gene,1060658,1061590,-,Verified,932,False,1061640.0,1061940.0,1061140.0,1061640.0,1060474,1061640.0,1061640.0,1060474.0,1061640.0,1060474.0
YGR285C,ZUO1,7,gene,1061852,1063153,-,Verified,1301,False,1063186.0,1063486.0,1062686.0,1063186.0,1061787,1063186.0,1063186.0,1061787.0,1063186.0,1061787.0
YGR286C,BIO2,7,gene,1063813,1064940,-,Verified,1127,False,1065051.0,1065351.0,1064551.0,1065051.0,1063654,1065051.0,1065051.0,1063654.0,1065051.0,1063654.0
YGR287C,IMA1,7,gene,1067222,1068991,-,Verified,1769,False,1069127.0,1069427.0,1068627.0,1069127.0,1067114,1069127.0,1069127.0,1067114.0,1069127.0,1067114.0
YGR288W,MAL13,7,gene,1070293,1071714,+,Verified,1421,False,1070002.0,1070302.0,1070302.0,1070802.0,1070302,1071714.0,1070302.0,,1070302.0,1071714.0
YGR289C,MAL11,7,gene,1073963,1075813,-,Verified,1850,,1075813.0,1076113.0,1075313.0,1075813.0,1073963,1075813.0,,,1075813.0,1073963.0
YGR292W,MAL12,7,gene,1076599,1078353,+,Verified,1754,False,1076095.0,1076395.0,1076395.0,1076895.0,1076395,1078353.0,1076395.0,,1076395.0,1078353.0
YGR294W,PAU12,7,gene,1080306,1080668,+,Verified,362,,1080006.0,1080306.0,1080306.0,1080806.0,1080306,1080668.0,,,1080306.0,1080668.0
YGR295C,COS6,7,gene,1081584,1082729,-,Verified,1145,False,1082737.0,1083037.0,1082237.0,1082737.0,1081504,1082737.0,1082737.0,1081504.0,1082737.0,1081504.0
YGR296W,YRF1-3,7,gene,1084864,1090591,+,Verified,5727,False,1084496.0,1084796.0,1084796.0,1085296.0,1084796,1090669.0,1084796.0,1090669.0,1084796.0,1090669.0
YHL050C,YHL050C,8,gene,445,3311,-,Uncharacterized,2866,False,3351.0,3651.0,2851.0,3351.0,369,3351.0,3351.0,369.0,3351.0,369.0
YHL049C,YHL049C,8,gene,3726,4541,-,Uncharacterized,815,False,4827.0,5127.0,4327.0,4827.0,3726,4827.0,4827.0,,4827.0,3726.0
YHL048C-A,YHL048C-A,8,gene,5663,5797,-,Uncharacterized,134,,5797.0,6097.0,5297.0,5797.0,5663,5797.0,,,5797.0,5663.0
YHL048W,COS8,8,gene,6401,7546,+,Verified,1145,False,6092.0,6392.0,6392.0,6892.0,6392,7651.0,6392.0,7651.0,6392.0,7651.0
YHL047C,ARN2,8,gene,8351,10213,-,Verified,1862,False,10238.0,10538.0,9738.0,10238.0,8201,10238.0,10238.0,8201.0,10238.0,8201.0
YHL046C,PAU13,8,gene,11923,12285,-,Verified,362,,12285.0,12585.0,11785.0,12285.0,11923,12285.0,,,12285.0,11923.0
YHL044W,YHL044W,8,gene,13565,14272,+,Uncharacterized,707,False,13239.0,13539.0,13539.0,14039.0,13539,14521.0,13539.0,14521.0,13539.0,14521.0
YHL043W,ECM34,8,gene,14901,15413,+,Verified,512,,14601.0,14901.0,14901.0,15401.0,14901,15413.0,,,14901.0,15413.0
YHL042W,YHL042W,8,gene,15667,16119,+,Uncharacterized,452,False,15587.0,15887.0,15887.0,16387.0,15887,16438.0,15887.0,16438.0,15887.0,16438.0
YHL040C,ARN1,8,gene,19088,20971,-,Verified,1883,False,21010.0,21310.0,20510.0,21010.0,18837,21010.0,21010.0,18837.0,21010.0,18837.0
YHL039W,EFM1,8,gene,21783,23540,+,Verified,1757,False,21432.0,21732.0,21732.0,22232.0,21732,23609.0,21732.0,23609.0,21732.0,23609.0
YHL038C,CBP2,8,gene,23617,25509,-,Verified,1892,False,25545.0,25845.0,25045.0,25545.0,23489,25545.0,25545.0,23489.0,25545.0,23489.0
YHL036W,MUP3,8,gene,26241,27881,+,Verified,1640,False,25912.0,26212.0,26212.0,26712.0,26212,27956.0,26212.0,27956.0,26212.0,27956.0
YHL035C,VMR1,8,gene,27978,32756,-,Verified,4778,False,32855.0,33155.0,32355.0,32855.0,27874,32855.0,32855.0,27874.0,32855.0,27874.0
YHL034C,SBP1,8,gene,33193,34077,-,Verified,884,False,34197.0,34497.0,33697.0,34197.0,33042,34197.0,34197.0,33042.0,34197.0,33042.0
YHL033C,RPL8A,8,gene,35255,36025,-,Verified,770,False,36046.0,36346.0,35546.0,36046.0,35198,36046.0,36046.0,35198.0,36046.0,35198.0
YHL032C,GUT1,8,gene,36379,38508,-,Verified,2129,False,38588.0,38888.0,38088.0,38588.0,36325,38588.0,38588.0,36325.0,38588.0,36325.0
YHL031C,GOS1,8,gene,38815,39486,-,Verified,671,False,39498.0,39798.0,38998.0,39498.0,38756,39498.0,39498.0,38756.0,39498.0,38756.0
YHL030W,ECM29,8,gene,40084,45690,+,Verified,5606,False,39729.0,40029.0,40029.0,40529.0,40029,45744.0,40029.0,45744.0,40029.0,45744.0
YHL029C,OCA5,8,gene,45929,47968,-,Uncharacterized,2039,False,47990.0,48290.0,47490.0,47990.0,45825,47990.0,47990.0,45825.0,47990.0,45825.0
YHL028W,WSC4,8,gene,48763,50580,+,Verified,1817,False,47942.0,48242.0,48242.0,48742.0,48242,50661.0,48242.0,50661.0,48242.0,50661.0
YHL027W,RIM101,8,gene,51111,52988,+,Verified,1877,False,50714.0,51014.0,51014.0,51514.0,51014,53200.0,51014.0,53200.0,51014.0,53200.0
YHL026C,YHL026C,8,gene,53219,54166,-,Uncharacterized,947,False,54279.0,54579.0,53779.0,54279.0,53102,54279.0,54279.0,53102.0,54279.0,53102.0
YHL025W,SNF6,8,gene,54851,55849,+,Verified,998,False,54493.0,54793.0,54793.0,55293.0,54793,55953.0,54793.0,55953.0,54793.0,55953.0
YHL024W,RIM4,8,gene,56649,58790,+,Verified,2141,False,56183.0,56483.0,56483.0,56983.0,56483,59098.0,56483.0,59098.0,56483.0,59098.0
YHL023C,NPR3,8,gene,59123,62563,-,Verified,3440,False,62600.0,62900.0,62100.0,62600.0,59071,62600.0,62600.0,59071.0,62600.0,59071.0
YHL022C,SPO11,8,gene,62961,64157,-,Verified,1196,,64157.0,64457.0,63657.0,64157.0,62961,64157.0,,,64157.0,62961.0
YHL021C,AIM17,8,gene,64462,65859,-,Verified,1397,False,65920.0,66220.0,65420.0,65920.0,64379,65920.0,65920.0,64379.0,65920.0,64379.0
YHL020C,OPI1,8,gene,66242,67456,-,Verified,1214,False,67541.0,67841.0,67041.0,67541.0,66127,67541.0,67541.0,66127.0,67541.0,66127.0
YHL019C,APM2,8,gene,67731,69548,-,Verified,1817,False,69584.0,69884.0,69084.0,69584.0,67628,69584.0,69584.0,67628.0,69584.0,67628.0
YHL018W,YHL018W,8,gene,69708,70070,+,Uncharacterized,362,False,69394.0,69694.0,69694.0,70194.0,69694,70070.0,69694.0,,69694.0,70070.0
YHL017W,YHL017W,8,gene,70276,71874,+,Uncharacterized,1598,False,69955.0,70255.0,70255.0,70755.0,70255,72007.0,70255.0,72007.0,70255.0,72007.0
YHL016C,DUR3,8,gene,72037,74244,-,Verified,2207,,74244.0,74544.0,73744.0,74244.0,72037,74244.0,,,74244.0,72037.0
YHL015W-A,YHL015W-A,8,gene,74699,74782,+,Uncharacterized,83,,74399.0,74699.0,74699.0,75199.0,74699,74782.0,,,74699.0,74782.0
YHL015W,RPS20,8,gene,75412,75777,+,Verified,365,False,75083.0,75383.0,75383.0,75883.0,75383,76072.0,75383.0,76072.0,75383.0,76072.0
YHL014C,YLF2,8,gene,76097,77314,-,Verified,1217,False,77326.0,77626.0,76826.0,77326.0,76051,77326.0,77326.0,76051.0,77326.0,76051.0
YHL013C,OTU2,8,gene,77430,78353,-,Verified,923,False,78345.0,78645.0,77845.0,78345.0,77316,78345.0,78345.0,77316.0,78345.0,77316.0
YHL012W,YHL012W,8,gene,78936,80417,+,Uncharacterized,1481,,78636.0,78936.0,78936.0,79436.0,78936,80417.0,,,78936.0,80417.0
YHL011C,PRS3,8,gene,80654,81616,-,Verified,962,False,81717.0,82017.0,81217.0,81717.0,80523,81717.0,81717.0,80523.0,81717.0,80523.0
YHL010C,ETP1,8,gene,81964,83721,-,Verified,1757,False,83772.0,84072.0,83272.0,83772.0,81693,83772.0,83772.0,81693.0,83772.0,81693.0
YHL009C,YAP3,8,gene,84068,85060,-,Verified,992,False,85185.0,85485.0,84685.0,85185.0,83826,85185.0,85185.0,83826.0,85185.0,83826.0
YHL008C,YHL008C,8,gene,92627,94510,-,Uncharacterized,1883,False,94651.0,94951.0,94151.0,94651.0,92428,94651.0,94651.0,92428.0,94651.0,92428.0
YHL007C,STE20,8,gene,95118,97937,-,Verified,2819,False,98075.0,98375.0,97575.0,98075.0,94978,98075.0,98075.0,94978.0,98075.0,94978.0
YHL006C,SHU1,8,gene,98343,98795,-,Verified,452,False,98859.0,99159.0,98359.0,98859.0,98034,98859.0,98859.0,98034.0,98859.0,98034.0
YHL004W,MRP4,8,gene,99219,100403,+,Verified,1184,False,98840.0,99140.0,99140.0,99640.0,99140,100499.0,99140.0,100499.0,99140.0,100499.0
YHL003C,LAG1,8,gene,100648,101883,-,Verified,1235,False,102018.0,102318.0,101518.0,102018.0,100393,102018.0,102018.0,100393.0,102018.0,100393.0
YHL002W,HSE1,8,gene,102612,103970,+,Verified,1358,False,102294.0,102594.0,102594.0,103094.0,102594,104030.0,102594.0,104030.0,102594.0,104030.0
YHL001W,RPL14B,8,gene,104277,105091,+,Verified,814,False,103956.0,104256.0,104256.0,104756.0,104256,105215.0,104256.0,105215.0,104256.0,105215.0
YHR001W,OSH7,8,gene,106055,107368,+,Verified,1313,False,105733.0,106033.0,106033.0,106533.0,106033,107440.0,106033.0,107440.0,106033.0,107440.0
YHR001W-A,QCR10,8,gene,107826,108122,+,Verified,296,False,107461.0,107761.0,107761.0,108261.0,107761,108335.0,107761.0,108335.0,107761.0,108335.0
YHR002W,LEU5,8,gene,108812,109885,+,Verified,1073,False,108363.0,108663.0,108663.0,109163.0,108663,110017.0,108663.0,110017.0,108663.0,110017.0
YHR003C,YHR003C,8,gene,110028,111317,-,Verified,1289,False,111337.0,111637.0,110837.0,111337.0,109969,111337.0,111337.0,109969.0,111337.0,109969.0
YHR004C,NEM1,8,gene,111754,113094,-,Verified,1340,False,113176.0,113476.0,112676.0,113176.0,111504,113176.0,113176.0,111504.0,113176.0,111504.0
YHR005C,GPA1,8,gene,113499,114917,-,Verified,1418,False,115004.0,115304.0,114504.0,115004.0,113399,115004.0,115004.0,113399.0,115004.0,113399.0
YHR005C-A,TIM10,8,gene,115620,115901,-,Verified,281,False,115936.0,116236.0,115436.0,115936.0,115480,115936.0,115936.0,115480.0,115936.0,115480.0
YHR006W,STP2,8,gene,117814,119439,+,Verified,1625,False,117482.0,117782.0,117782.0,118282.0,117782,119567.0,117782.0,119567.0,117782.0,119567.0
YHR007C,ERG11,8,gene,120091,121683,-,Verified,1592,False,121829.0,122129.0,121329.0,121829.0,119810,121829.0,121829.0,119810.0,121829.0,119810.0
YHR007C-A,YHR007C-A,8,gene,122550,122765,-,Uncharacterized,215,,122765.0,123065.0,122265.0,122765.0,122550,122765.0,,,122765.0,122550.0
YHR008C,SOD2,8,gene,122889,123590,-,Verified,701,False,123625.0,123925.0,123125.0,123625.0,122719,123625.0,123625.0,122719.0,123625.0,122719.0
YHR009C,YHR009C,8,gene,124109,125680,-,Uncharacterized,1571,False,125916.0,126216.0,125416.0,125916.0,123959,125916.0,125916.0,123959.0,125916.0,123959.0
YHR010W,RPL27A,8,gene,126521,127492,+,Verified,971,False,126187.0,126487.0,126487.0,126987.0,126487,127631.0,126487.0,127631.0,126487.0,127631.0
YHR011W,DIA4,8,gene,127780,129120,+,Verified,1340,False,127379.0,127679.0,127679.0,128179.0,127679,129211.0,127679.0,129211.0,127679.0,129211.0
YHR012W,VPS29,8,gene,129481,130448,+,Verified,967,False,129161.0,129461.0,129461.0,129961.0,129461,130749.0,129461.0,130749.0,129461.0,130749.0
YHR013C,ARD1,8,gene,130730,131446,-,Verified,716,False,131480.0,131780.0,130980.0,131480.0,130682,131480.0,131480.0,130682.0,131480.0,130682.0
YHR014W,SPO13,8,gene,132047,132922,+,Verified,875,,131747.0,132047.0,132047.0,132547.0,132047,132922.0,,,132047.0,132922.0
YHR015W,MIP6,8,gene,134554,136533,+,Verified,1979,False,134233.0,134533.0,134533.0,135033.0,134533,136820.0,134533.0,136820.0,134533.0,136820.0
YHR016C,YSC84,8,gene,136881,138455,-,Verified,1574,False,138517.0,138817.0,138017.0,138517.0,136638,138517.0,138517.0,136638.0,138517.0,136638.0
YHR017W,YSC83,8,gene,138694,139851,+,Verified,1157,False,138387.0,138687.0,138687.0,139187.0,138687,139942.0,138687.0,139942.0,138687.0,139942.0
YHR018C,ARG4,8,gene,140011,141402,-,Verified,1391,False,141458.0,141758.0,140958.0,141458.0,139860,141458.0,141458.0,139860.0,141458.0,139860.0
YHR019C,DED81,8,gene,141894,143558,-,Verified,1664,False,143601.0,143901.0,143101.0,143601.0,141792,143601.0,143601.0,141792.0,143601.0,141792.0
YHR020W,YHR020W,8,gene,143996,146062,+,Verified,2066,False,143578.0,143878.0,143878.0,144378.0,143878,146147.0,143878.0,146147.0,143878.0,146147.0
YHR021C,RPS27B,8,gene,147871,148669,-,Verified,798,False,148739.0,149039.0,148239.0,148739.0,147781,148739.0,148739.0,147781.0,148739.0,147781.0
YHR021W-A,ECM12,8,gene,149225,149680,+,Uncharacterized,455,False,149046.0,149346.0,149346.0,149846.0,149346,149680.0,149346.0,,149346.0,149680.0
YHR022C,YHR022C,8,gene,149575,150345,-,Uncharacterized,770,False,150787.0,151087.0,150287.0,150787.0,149548,150787.0,150787.0,149548.0,150787.0,149548.0
YHR022C-A,YHR022C-A,8,gene,151217,151306,-,Uncharacterized,89,,151306.0,151606.0,150806.0,151306.0,151217,151306.0,,,151306.0,151217.0
YHR023W,MYO1,8,gene,151666,157452,+,Verified,5786,False,151349.0,151649.0,151649.0,152149.0,151649,157555.0,151649.0,157555.0,151649.0,157555.0
YHR024C,MAS2,8,gene,157744,159192,-,Verified,1448,False,159223.0,159523.0,158723.0,159223.0,157498,159223.0,159223.0,157498.0,159223.0,157498.0
YHR025W,THR1,8,gene,159438,160511,+,Verified,1073,False,159123.0,159423.0,159423.0,159923.0,159423,160598.0,159423.0,160598.0,159423.0,160598.0
YHR026W,VMA16,8,gene,160844,161485,+,Verified,641,False,160430.0,160730.0,160730.0,161230.0,160730,161695.0,160730.0,161695.0,160730.0,161695.0
YHR027C,RPN1,8,gene,161730,164711,-,Verified,2981,False,164765.0,165065.0,164265.0,164765.0,161607,164765.0,164765.0,161607.0,164765.0,161607.0
YHR028C,DAP2,8,gene,164978,167434,-,Verified,2456,False,167449.0,167749.0,166949.0,167449.0,164875,167449.0,167449.0,164875.0,167449.0,164875.0
YHR029C,YHI9,8,gene,167677,168561,-,Verified,884,False,168575.0,168875.0,168075.0,168575.0,167601,168575.0,168575.0,167601.0,168575.0,167601.0
YHR030C,SLT2,8,gene,168890,170344,-,Verified,1454,False,170372.0,170672.0,169872.0,170372.0,168824,170372.0,170372.0,168824.0,170372.0,168824.0
YHR031C,RRM3,8,gene,170799,172970,-,Verified,2171,False,173012.0,173312.0,172512.0,173012.0,170642,173012.0,173012.0,170642.0,173012.0,170642.0
YHR032W,ERC1,8,gene,173344,175089,+,Verified,1745,False,172918.0,173218.0,173218.0,173718.0,173218,175089.0,173218.0,,173218.0,175089.0
YHR033W,YHR033W,8,gene,175548,176819,+,Uncharacterized,1271,,175248.0,175548.0,175548.0,176048.0,175548,176819.0,,,175548.0,176819.0
YHR034C,PIH1,8,gene,176965,177999,-,Verified,1034,False,178043.0,178343.0,177543.0,178043.0,176871,178043.0,178043.0,176871.0,178043.0,176871.0
YHR035W,YHR035W,8,gene,178219,180111,+,Uncharacterized,1892,False,177895.0,178195.0,178195.0,178695.0,178195,180374.0,178195.0,180374.0,178195.0,180374.0
YHR036W,BRL1,8,gene,180345,181760,+,Verified,1415,False,179933.0,180233.0,180233.0,180733.0,180233,181973.0,180233.0,181973.0,180233.0,181973.0
YHR037W,PUT2,8,gene,181977,183704,+,Verified,1727,False,181626.0,181926.0,181926.0,182426.0,181926,183874.0,181926.0,183874.0,181926.0,183874.0
YHR038W,RRF1,8,gene,184066,184758,+,Verified,692,False,183775.0,184075.0,184075.0,184575.0,184075,184849.0,184075.0,184849.0,184075.0,184849.0
YHR039C,MSC7,8,gene,184875,186809,-,Verified,1934,False,186920.0,187220.0,186420.0,186920.0,184751,186920.0,186920.0,184751.0,186920.0,184751.0
YHR039C-A,VMA10,8,gene,187173,187679,-,Verified,506,False,187697.0,187997.0,187197.0,187697.0,187065,187697.0,187697.0,187065.0,187697.0,187065.0
YHR040W,BCD1,8,gene,187924,189024,+,Verified,1100,False,187609.0,187909.0,187909.0,188409.0,187909,189128.0,187909.0,189128.0,187909.0,189128.0
YHR041C,SRB2,8,gene,189131,189864,-,Verified,733,False,190325.0,190625.0,189825.0,190325.0,189038,190325.0,190325.0,189038.0,190325.0,189038.0
YHR042W,NCP1,8,gene,190543,192618,+,Verified,2075,False,190204.0,190504.0,190504.0,191004.0,190504,192838.0,190504.0,192838.0,190504.0,192838.0
YHR043C,DOG2,8,gene,192805,193545,-,Verified,740,False,193648.0,193948.0,193148.0,193648.0,192692,193648.0,193648.0,192692.0,193648.0,192692.0
YHR044C,DOG1,8,gene,194068,194808,-,Verified,740,False,194826.0,195126.0,194326.0,194826.0,193948,194826.0,194826.0,193948.0,194826.0,193948.0
YHR045W,YHR045W,8,gene,195551,197233,+,Uncharacterized,1682,False,195122.0,195422.0,195422.0,195922.0,195422,197301.0,195422.0,197301.0,195422.0,197301.0
YHR046C,INM1,8,gene,197398,198285,-,Verified,887,False,198317.0,198617.0,197817.0,198317.0,197229,198317.0,198317.0,197229.0,198317.0,197229.0
YHR047C,AAP1,8,gene,198740,201310,-,Verified,2570,False,201339.0,201639.0,200839.0,201339.0,198593,201339.0,201339.0,198593.0,201339.0,198593.0
YHR048W,YHK8,8,gene,204607,206151,+,Uncharacterized,1544,False,204206.0,204506.0,204506.0,205006.0,204506,206453.0,204506.0,206453.0,204506.0,206453.0
YHR049W,FSH1,8,gene,206462,207193,+,Verified,731,False,206124.0,206424.0,206424.0,206924.0,206424,207323.0,206424.0,207323.0,206424.0,207323.0
YHR050W,SMF2,8,gene,207654,209303,+,Verified,1649,False,207191.0,207491.0,207491.0,207991.0,207491,209354.0,207491.0,209354.0,207491.0,209354.0
YHR050W-A,YHR050W-A,8,gene,209475,209645,+,Uncharacterized,170,,209175.0,209475.0,209475.0,209975.0,209475,209645.0,,,209475.0,209645.0
YHR051W,COX6,8,gene,209705,210151,+,Verified,446,False,209246.0,209546.0,209546.0,210046.0,209546,210269.0,209546.0,210269.0,209546.0,210269.0
YHR052W,CIC1,8,gene,210848,211978,+,Verified,1130,False,210518.0,210818.0,210818.0,211318.0,210818,212113.0,210818.0,212113.0,210818.0,212113.0
YHR053C,CUP1-1,8,gene,212535,212720,-,Verified,185,False,212780.0,213080.0,212280.0,212780.0,212349,212780.0,212780.0,212349.0,212780.0,212349.0
YHR054C,YHR054C,8,gene,213185,214249,-,Uncharacterized,1064,,214249.0,214549.0,213749.0,214249.0,213185,214249.0,,,214249.0,213185.0
YHR055C,CUP1-2,8,gene,214533,214718,-,Verified,185,False,214778.0,215078.0,214278.0,214778.0,214359,214778.0,214778.0,214359.0,214778.0,214359.0
YHR056C,RSC30,8,gene,215183,217834,-,Verified,2651,False,217887.0,218187.0,217387.0,217887.0,215039,217887.0,217887.0,215039.0,217887.0,215039.0
YHR057C,CPR2,8,gene,218226,218843,-,Verified,617,False,218860.0,219160.0,218360.0,218860.0,218092,218860.0,218860.0,218092.0,218860.0,218092.0
YHR058C,MED6,8,gene,218997,219884,-,Verified,887,False,219905.0,220205.0,219405.0,219905.0,218941,219905.0,219905.0,218941.0,219905.0,218941.0
YHR059W,FYV4,8,gene,220108,220500,+,Verified,392,False,219757.0,220057.0,220057.0,220557.0,220057,220602.0,220057.0,220602.0,220057.0,220602.0
YHR060W,VMA22,8,gene,220725,221270,+,Verified,545,False,220437.0,220737.0,220737.0,221237.0,220737,221336.0,220737.0,221336.0,220737.0,221336.0
YHR061C,GIC1,8,gene,221534,222478,-,Verified,944,False,222675.0,222975.0,222175.0,222675.0,221260,222675.0,222675.0,221260.0,222675.0,221260.0
YHR062C,RPP1,8,gene,222877,223758,-,Verified,881,False,223774.0,224074.0,223274.0,223774.0,222757,223774.0,223774.0,222757.0,223774.0,222757.0
YHR063C,PAN5,8,gene,224030,225169,-,Verified,1139,False,225200.0,225500.0,224700.0,225200.0,223954,225200.0,225200.0,223954.0,225200.0,223954.0
YHR064C,SSZ1,8,gene,225525,227141,-,Verified,1616,False,227175.0,227475.0,226675.0,227175.0,225430,227175.0,227175.0,225430.0,227175.0,225430.0
YHR065C,RRP3,8,gene,227532,229037,-,Verified,1505,False,229076.0,229376.0,228576.0,229076.0,227416,229076.0,229076.0,227416.0,229076.0,227416.0
YHR066W,SSF1,8,gene,229335,230696,+,Verified,1361,False,229002.0,229302.0,229302.0,229802.0,229302,230870.0,229302.0,230870.0,229302.0,230870.0
YHR067W,HTD2,8,gene,230970,231812,+,Verified,842,False,230638.0,230938.0,230938.0,231438.0,230938,232149.0,230938.0,232149.0,230938.0,232149.0
YHR068W,DYS1,8,gene,232133,233296,+,Verified,1163,False,231770.0,232070.0,232070.0,232570.0,232070,233429.0,232070.0,233429.0,232070.0,233429.0
YHR069C,RRP4,8,gene,233579,234658,-,Verified,1079,False,234673.0,234973.0,234173.0,234673.0,233435,234673.0,234673.0,233435.0,234673.0,233435.0
YHR070W,TRM5,8,gene,234881,236380,+,Verified,1499,False,234493.0,234793.0,234793.0,235293.0,234793,236729.0,234793.0,236729.0,234793.0,236729.0
YHR071W,PCL5,8,gene,237004,237693,+,Verified,689,False,236348.0,236648.0,236648.0,237148.0,236648,237749.0,236648.0,237749.0,236648.0,237749.0
YHR072W,ERG7,8,gene,239098,241293,+,Verified,2195,False,238762.0,239062.0,239062.0,239562.0,239062,241396.0,239062.0,241396.0,239062.0,241396.0
YHR072W-A,NOP10,8,gene,241664,241840,+,Verified,176,False,241308.0,241608.0,241608.0,242108.0,241608,241999.0,241608.0,241999.0,241608.0,241999.0
YHR073W,OSH3,8,gene,242582,245572,+,Verified,2990,False,242163.0,242463.0,242463.0,242963.0,242463,245740.0,242463.0,245740.0,242463.0,245740.0
YHR074W,QNS1,8,gene,246193,248337,+,Verified,2144,False,245856.0,246156.0,246156.0,246656.0,246156,248494.0,246156.0,248494.0,246156.0,248494.0
YHR075C,PPE1,8,gene,248439,249641,-,Verified,1202,False,249687.0,249987.0,249187.0,249687.0,248374,249687.0,249687.0,248374.0,249687.0,248374.0
YHR076W,PTC7,8,gene,251101,252225,+,Verified,1124,False,250775.0,251075.0,251075.0,251575.0,251075,252365.0,251075.0,252365.0,251075.0,252365.0
YHR077C,NMD2,8,gene,252374,255756,-,Verified,3382,False,255818.0,256118.0,255318.0,255818.0,252329,255818.0,255818.0,252329.0,255818.0,252329.0
YHR078W,YHR078W,8,gene,256360,258018,+,Uncharacterized,1658,False,256033.0,256333.0,256333.0,256833.0,256333,258144.0,256333.0,258144.0,256333.0,258144.0
YHR079C,IRE1,8,gene,258244,261591,-,Verified,3347,False,261845.0,262145.0,261345.0,261845.0,258034,261845.0,261845.0,258034.0,261845.0,258034.0
YHR079C-A,SAE3,8,gene,262192,262553,-,Verified,361,,262553.0,262853.0,262053.0,262553.0,262192,262553.0,,,262553.0,262192.0
YHR080C,YHR080C,8,gene,262801,266838,-,Verified,4037,False,267059.0,267359.0,266559.0,267059.0,262751,267059.0,267059.0,262751.0,267059.0,262751.0
YHR081W,LRP1,8,gene,267538,268092,+,Verified,554,False,267211.0,267511.0,267511.0,268011.0,267511,268316.0,267511.0,268316.0,267511.0,268316.0
YHR082C,KSP1,8,gene,268459,271548,-,Verified,3089,False,271958.0,272258.0,271458.0,271958.0,268186,271958.0,271958.0,268186.0,271958.0,268186.0
YHR083W,SAM35,8,gene,272627,273616,+,Verified,989,False,272321.0,272621.0,272621.0,273121.0,272621,273702.0,272621.0,273702.0,272621.0,273702.0
YHR084W,STE12,8,gene,274174,276240,+,Verified,2066,False,273558.0,273858.0,273858.0,274358.0,273858,276545.0,273858.0,276545.0,273858.0,276545.0
YHR085W,IPI1,8,gene,276764,277768,+,Verified,1004,False,276426.0,276726.0,276726.0,277226.0,276726,277821.0,276726.0,277821.0,276726.0,277821.0
YHR086W,NAM8,8,gene,278153,279724,+,Verified,1571,False,277640.0,277940.0,277940.0,278440.0,277940,279859.0,277940.0,279859.0,277940.0,279859.0
YHR086W-A,YHR086W-A,8,gene,280231,280392,+,Uncharacterized,161,,279931.0,280231.0,280231.0,280731.0,280231,280392.0,,,280231.0,280392.0
YHR087W,RTC3,8,gene,280820,281155,+,Verified,335,False,280446.0,280746.0,280746.0,281246.0,280746,281340.0,280746.0,281340.0,280746.0,281340.0
YHR088W,RPF1,8,gene,281495,282382,+,Verified,887,False,281169.0,281469.0,281469.0,281969.0,281469,282476.0,281469.0,282476.0,281469.0,282476.0
YHR089C,GAR1,8,gene,282681,283298,-,Verified,617,False,283331.0,283631.0,282831.0,283331.0,282492,283331.0,283331.0,282492.0,283331.0,282492.0
YHR090C,YNG2,8,gene,283777,284625,-,Verified,848,False,284634.0,284934.0,284134.0,284634.0,283529,284634.0,284634.0,283529.0,284634.0,283529.0
YHR091C,MSR1,8,gene,284839,286770,-,Verified,1931,False,286798.0,287098.0,286298.0,286798.0,284822,286798.0,286798.0,284822.0,286798.0,284822.0
YHR092C,HXT4,8,gene,287081,288811,-,Verified,1730,False,288887.0,289187.0,288387.0,288887.0,286955,288887.0,288887.0,286955.0,288887.0,286955.0
YHR094C,HXT1,8,gene,290913,292625,-,Verified,1712,False,292661.0,292961.0,292161.0,292661.0,290825,292661.0,292661.0,290825.0,292661.0,290825.0
YHR096C,HXT5,8,gene,294669,296447,-,Verified,1778,,296447.0,296747.0,295947.0,296447.0,294669,296447.0,,,296447.0,294669.0
YHR097C,YHR097C,8,gene,297385,298609,-,Uncharacterized,1224,False,298747.0,299047.0,298247.0,298747.0,297261,298747.0,298747.0,297261.0,298747.0,297261.0
YHR098C,SFB3,8,gene,299145,301934,-,Verified,2789,False,302015.0,302315.0,301515.0,302015.0,299004,302015.0,302015.0,299004.0,302015.0,299004.0
YHR099W,TRA1,8,gene,302761,313995,+,Verified,11234,False,302386.0,302686.0,302686.0,303186.0,302686,314101.0,302686.0,314101.0,302686.0,314101.0
YHR100C,GEP4,8,gene,314116,314673,-,Verified,557,False,314705.0,315005.0,314205.0,314705.0,313862,314705.0,314705.0,313862.0,314705.0,313862.0
YHR101C,BIG1,8,gene,314874,315968,-,Verified,1094,False,316212.0,316512.0,315712.0,316212.0,314655,316212.0,316212.0,314655.0,316212.0,314655.0
YHR102W,KIC1,8,gene,316572,319814,+,Verified,3242,False,316089.0,316389.0,316389.0,316889.0,316389,319927.0,316389.0,319927.0,316389.0,319927.0
YHR103W,SBE22,8,gene,320414,322972,+,Verified,2558,False,319940.0,320240.0,320240.0,320740.0,320240,323149.0,320240.0,323149.0,320240.0,323149.0
YHR104W,GRE3,8,gene,323409,324392,+,Verified,983,False,323007.0,323307.0,323307.0,323807.0,323307,324580.0,323307.0,324580.0,323307.0,324580.0
YHR105W,YPT35,8,gene,324766,325410,+,Verified,644,False,324370.0,324670.0,324670.0,325170.0,324670,325410.0,324670.0,,324670.0,325410.0
YHR106W,TRR2,8,gene,325598,326626,+,Verified,1028,False,325298.0,325598.0,325598.0,326098.0,325598,326737.0,325598.0,326737.0,325598.0,326737.0
YHR107C,CDC12,8,gene,326813,328036,-,Verified,1223,False,328095.0,328395.0,327595.0,328095.0,326651,328095.0,328095.0,326651.0,328095.0,326651.0
YHR108W,GGA2,8,gene,328303,330060,+,Verified,1757,False,327966.0,328266.0,328266.0,328766.0,328266,330176.0,328266.0,330176.0,328266.0,330176.0
YHR109W,CTM1,8,gene,330310,332067,+,Verified,1757,False,329996.0,330296.0,330296.0,330796.0,330296,332144.0,330296.0,332144.0,330296.0,332144.0
YHR110W,ERP5,8,gene,332282,332920,+,Verified,638,False,331957.0,332257.0,332257.0,332757.0,332257,333030.0,332257.0,333030.0,332257.0,333030.0
YHR111W,UBA4,8,gene,333072,334394,+,Verified,1322,False,332739.0,333039.0,333039.0,333539.0,333039,334441.0,333039.0,334441.0,333039.0,334441.0
YHR112C,YHR112C,8,gene,334527,335663,-,Uncharacterized,1136,False,335697.0,335997.0,335197.0,335697.0,334329,335697.0,335697.0,334329.0,335697.0,334329.0
YHR113W,YHR113W,8,gene,336337,337809,+,Verified,1472,False,336044.0,336344.0,336344.0,336844.0,336344,337951.0,336344.0,337951.0,336344.0,337951.0
YHR114W,BZZ1,8,gene,338083,339984,+,Verified,1901,False,337712.0,338012.0,338012.0,338512.0,338012,340124.0,338012.0,340124.0,338012.0,340124.0
YHR115C,DMA1,8,gene,340109,341359,-,Verified,1250,False,341495.0,341795.0,340995.0,341495.0,339992,341495.0,341495.0,339992.0,341495.0,339992.0
YHR116W,COX23,8,gene,341665,342120,+,Verified,455,False,341420.0,341720.0,341720.0,342220.0,341720,342382.0,341720.0,342382.0,341720.0,342382.0
YHR117W,TOM71,8,gene,342349,344268,+,Verified,1919,False,342018.0,342318.0,342318.0,342818.0,342318,344364.0,342318.0,344364.0,342318.0,344364.0
YHR118C,ORC6,8,gene,344321,345628,-,Verified,1307,False,345642.0,345942.0,345142.0,345642.0,344268,345642.0,345642.0,344268.0,345642.0,344268.0
YHR119W,SET1,8,gene,346043,349285,+,Verified,3242,False,345509.0,345809.0,345809.0,346309.0,345809,349427.0,345809.0,349427.0,345809.0,349427.0
YHR120W,MSH1,8,gene,349574,352453,+,Verified,2879,False,349271.0,349571.0,349571.0,350071.0,349571,352536.0,349571.0,352536.0,349571.0,352536.0
YHR121W,LSM12,8,gene,352756,353319,+,Verified,563,False,352377.0,352677.0,352677.0,353177.0,352677,353398.0,352677.0,353398.0,352677.0,353398.0
YHR122W,YHR122W,8,gene,353625,354320,+,Verified,695,False,353271.0,353571.0,353571.0,354071.0,353571,354464.0,353571.0,354464.0,353571.0,354464.0
YHR123W,EPT1,8,gene,354815,356081,+,Verified,1266,False,354458.0,354758.0,354758.0,355258.0,354758,356262.0,354758.0,356262.0,354758.0,356262.0
YHR124W,NDT80,8,gene,356561,358444,+,Verified,1883,,356261.0,356561.0,356561.0,357061.0,356561,358444.0,,,356561.0,358444.0
YHR126C,ANS1,8,gene,359702,360181,-,Uncharacterized,479,,360181.0,360481.0,359681.0,360181.0,359702,360181.0,,,360181.0,359702.0
YHR127W,YHR127W,8,gene,360913,361644,+,Verified,731,False,360569.0,360869.0,360869.0,361369.0,360869,361866.0,360869.0,361866.0,360869.0,361866.0
YHR128W,FUR1,8,gene,362115,362765,+,Verified,650,False,361769.0,362069.0,362069.0,362569.0,362069,363001.0,362069.0,363001.0,362069.0,363001.0
YHR129C,ARP1,8,gene,362999,364153,-,Verified,1154,False,364267.0,364567.0,363767.0,364267.0,362901,364267.0,364267.0,362901.0,364267.0,362901.0
YHR131C,YHR131C,8,gene,365340,367892,-,Uncharacterized,2552,False,368135.0,368435.0,367635.0,368135.0,365080,368135.0,368135.0,365080.0,368135.0,365080.0
YHR132C,ECM14,8,gene,368502,369794,-,Verified,1292,False,369837.0,370137.0,369337.0,369837.0,368384,369837.0,369837.0,368384.0,369837.0,368384.0
YHR132W-A,IGO2,8,gene,370054,370449,+,Verified,395,False,369724.0,370024.0,370024.0,370524.0,370024,370610.0,370024.0,370610.0,370024.0,370610.0
YHR133C,NSG1,8,gene,370722,371597,-,Verified,875,False,371632.0,371932.0,371132.0,371632.0,370525,371632.0,371632.0,370525.0,371632.0,370525.0
YHR134W,WSS1,8,gene,371749,372558,+,Verified,809,False,371476.0,371776.0,371776.0,372276.0,371776,372674.0,371776.0,372674.0,371776.0,372674.0
YHR135C,YCK1,8,gene,372694,374310,-,Verified,1616,False,374432.0,374732.0,373932.0,374432.0,372593,374432.0,374432.0,372593.0,374432.0,372593.0
YHR136C,SPL2,8,gene,374654,375100,-,Verified,446,False,375009.0,375309.0,374509.0,375009.0,374561,375009.0,375009.0,374561.0,375009.0,374561.0
YHR137W,ARO9,8,gene,375709,377250,+,Verified,1541,False,375380.0,375680.0,375680.0,376180.0,375680,377396.0,375680.0,377396.0,375680.0,377396.0
YHR138C,YHR138C,8,gene,377355,377699,-,Uncharacterized,344,False,377711.0,378011.0,377211.0,377711.0,377241,377711.0,377711.0,377241.0,377711.0,377241.0
YHR139C,SPS100,8,gene,378219,379199,-,Verified,980,,379199.0,379499.0,378699.0,379199.0,378219,379199.0,,,379199.0,378219.0
YHR140W,YHR140W,8,gene,380572,381291,+,Uncharacterized,719,,380272.0,380572.0,380572.0,381072.0,380572,381291.0,,,380572.0,381291.0
YHR141C,RPL42B,8,gene,381990,382751,-,Verified,761,False,382800.0,383100.0,382300.0,382800.0,381869,382800.0,382800.0,381869.0,382800.0,381869.0
YHR142W,CHS7,8,gene,383538,384488,+,Verified,950,False,383124.0,383424.0,383424.0,383924.0,383424,384566.0,383424.0,384566.0,383424.0,384566.0
YHR143W,DSE2,8,gene,385510,386487,+,Verified,977,False,384943.0,385243.0,385243.0,385743.0,385243,386728.0,385243.0,386728.0,385243.0,386728.0
YHR143W-A,RPC10,8,gene,387233,387445,+,Verified,212,False,386904.0,387204.0,387204.0,387704.0,387204,387712.0,387204.0,387712.0,387204.0,387712.0
YHR144C,DCD1,8,gene,387788,388726,-,Verified,938,False,388759.0,389059.0,388259.0,388759.0,387709,388759.0,388759.0,387709.0,388759.0,387709.0
YHR146W,CRP1,8,gene,390300,391697,+,Verified,1397,False,389966.0,390266.0,390266.0,390766.0,390266,392011.0,390266.0,392011.0,390266.0,392011.0
YHR147C,MRPL6,8,gene,392639,393283,-,Verified,644,False,393319.0,393619.0,392819.0,393319.0,392510,393319.0,393319.0,392510.0,393319.0,392510.0
YHR148W,IMP3,8,gene,393534,394085,+,Verified,551,False,393212.0,393512.0,393512.0,394012.0,393512,394431.0,393512.0,394431.0,393512.0,394431.0
YHR149C,SKG6,8,gene,394455,396659,-,Verified,2204,False,396806.0,397106.0,396306.0,396806.0,394392,396806.0,396806.0,394392.0,396806.0,394392.0
YHR150W,PEX28,8,gene,397251,398990,+,Verified,1739,False,396874.0,397174.0,397174.0,397674.0,397174,399142.0,397174.0,399142.0,397174.0,399142.0
YHR151C,MTC6,8,gene,399268,400848,-,Verified,1580,False,401017.0,401317.0,400517.0,401017.0,399111,401017.0,401017.0,399111.0,401017.0,399111.0
YHR152W,SPO12,8,gene,401434,401955,+,Verified,521,False,401041.0,401341.0,401341.0,401841.0,401341,402072.0,401341.0,402072.0,401341.0,402072.0
YHR153C,SPO16,8,gene,402086,402682,-,Verified,596,False,402690.0,402990.0,402190.0,402690.0,401873,402690.0,402690.0,401873.0,402690.0,401873.0
YHR154W,RTT107,8,gene,402966,406178,+,Verified,3212,False,402635.0,402935.0,402935.0,403435.0,402935,406261.0,402935.0,406261.0,402935.0,406261.0
YHR155W,YSP1,8,gene,407103,410789,+,Verified,3686,False,406707.0,407007.0,407007.0,407507.0,407007,411138.0,407007.0,411138.0,407007.0,411138.0
YHR156C,LIN1,8,gene,411384,412406,-,Verified,1022,False,412439.0,412739.0,411939.0,412439.0,411358,412439.0,412439.0,411358.0,412439.0,411358.0
YHR157W,REC104,8,gene,412907,413455,+,Verified,548,False,412324.0,412624.0,412624.0,413124.0,412624,413644.0,412624.0,413644.0,412624.0,413644.0
YHR158C,KEL1,8,gene,413685,417179,-,Verified,3494,False,417313.0,417613.0,416813.0,417313.0,413543,417313.0,417313.0,413543.0,417313.0,413543.0
YHR159W,YHR159W,8,gene,417549,419063,+,Uncharacterized,1514,False,417208.0,417508.0,417508.0,418008.0,417508,419356.0,417508.0,419356.0,417508.0,419356.0
YHR160C,PEX18,8,gene,419221,420072,-,Verified,851,,420072.0,420372.0,419572.0,420072.0,419221,420072.0,,,420072.0,419221.0
YHR161C,YAP1801,8,gene,420373,422286,-,Verified,1913,False,422415.0,422715.0,421915.0,422415.0,420283,422415.0,422415.0,420283.0,422415.0,420283.0
YHR162W,YHR162W,8,gene,423072,423461,+,Uncharacterized,389,False,422606.0,422906.0,422906.0,423406.0,422906,423576.0,422906.0,423576.0,422906.0,423576.0
YHR163W,SOL3,8,gene,423724,424473,+,Verified,749,False,423419.0,423719.0,423719.0,424219.0,423719,424561.0,423719.0,424561.0,423719.0,424561.0
YHR164C,DNA2,8,gene,424610,429178,-,Verified,4568,,429178.0,429478.0,428678.0,429178.0,424610,429178.0,,,429178.0,424610.0
YHR165C,PRP8,8,gene,429707,436948,-,Verified,7241,False,437034.0,437334.0,436534.0,437034.0,429610,437034.0,437034.0,429610.0,437034.0,429610.0
YHR166C,CDC23,8,gene,437170,439050,-,Verified,1880,False,439162.0,439462.0,438662.0,439162.0,437044,439162.0,439162.0,437044.0,439162.0,437044.0
YHR167W,THP2,8,gene,439342,440127,+,Verified,785,False,438994.0,439294.0,439294.0,439794.0,439294,440353.0,439294.0,440353.0,439294.0,440353.0
YHR168W,MTG2,8,gene,440377,441933,+,Verified,1556,,440077.0,440377.0,440377.0,440877.0,440377,441933.0,,,440377.0,441933.0
YHR169W,DBP8,8,gene,442181,443476,+,Verified,1295,False,441833.0,442133.0,442133.0,442633.0,442133,443563.0,442133.0,443563.0,442133.0,443563.0
YHR170W,NMD3,8,gene,443828,445384,+,Verified,1556,False,443470.0,443770.0,443770.0,444270.0,443770,445578.0,443770.0,445578.0,443770.0,445578.0
YHR171W,ATG7,8,gene,445713,447605,+,Verified,1892,False,445401.0,445701.0,445701.0,446201.0,445701,447722.0,445701.0,447722.0,445701.0,447722.0
YHR172W,SPC97,8,gene,448335,450806,+,Verified,2471,False,447916.0,448216.0,448216.0,448716.0,448216,451163.0,448216.0,451163.0,448216.0,451163.0
YHR174W,ENO2,8,gene,451327,452640,+,Verified,1313,False,450998.0,451298.0,451298.0,451798.0,451298,452761.0,451298.0,452761.0,451298.0,452761.0
YHR175W,CTR2,8,gene,452872,453441,+,Verified,569,False,452590.0,452890.0,452890.0,453390.0,452890,453679.0,452890.0,453679.0,452890.0,453679.0
YHR175W-A,YHR175W-A,8,gene,453558,453707,+,Uncharacterized,149,,453258.0,453558.0,453558.0,454058.0,453558,453707.0,,,453558.0,453707.0
YHR176W,FMO1,8,gene,454229,455527,+,Verified,1298,False,453809.0,454109.0,454109.0,454609.0,454109,455640.0,454109.0,455640.0,454109.0,455640.0
YHR177W,YHR177W,8,gene,456591,457952,+,Uncharacterized,1361,False,456214.0,456514.0,456514.0,457014.0,456514,457952.0,456514.0,,456514.0,457952.0
YHR178W,STB5,8,gene,459299,461530,+,Verified,2231,False,458950.0,459250.0,459250.0,459750.0,459250,461678.0,459250.0,461678.0,459250.0,461678.0
YHR179W,OYE2,8,gene,462502,463704,+,Verified,1202,False,462162.0,462462.0,462462.0,462962.0,462462,463808.0,462462.0,463808.0,462462.0,463808.0
YHR181W,SVP26,8,gene,467228,467914,+,Verified,686,False,466929.0,467229.0,467229.0,467729.0,467229,467994.0,467229.0,467994.0,467229.0,467994.0
YHR182W,YHR182W,8,gene,468219,470576,+,Uncharacterized,2357,False,467885.0,468185.0,468185.0,468685.0,468185,470629.0,468185.0,470629.0,468185.0,470629.0
YHR183W,GND1,8,gene,470960,472429,+,Verified,1469,False,470584.0,470884.0,470884.0,471384.0,470884,472549.0,470884.0,472549.0,470884.0,472549.0
YHR184W,SSP1,8,gene,472744,474459,+,Verified,1715,,472444.0,472744.0,472744.0,473244.0,472744,474459.0,,,472744.0,474459.0
YHR185C,PFS1,8,gene,474627,475340,-,Verified,713,,475340.0,475640.0,474840.0,475340.0,474627,475340.0,,,475340.0,474627.0
YHR186C,KOG1,8,gene,475999,480672,-,Verified,4673,False,480757.0,481057.0,480257.0,480757.0,475888,480757.0,480757.0,475888.0,480757.0,475888.0
YHR187W,IKI1,8,gene,480990,481919,+,Verified,929,False,480656.0,480956.0,480956.0,481456.0,480956,482030.0,480956.0,482030.0,480956.0,482030.0
YHR188C,GPI16,8,gene,482005,483837,-,Verified,1832,False,483853.0,484153.0,483353.0,483853.0,481886,483853.0,483853.0,481886.0,483853.0,481886.0
YHR189W,PTH1,8,gene,484028,484600,+,Verified,572,,483728.0,484028.0,484028.0,484528.0,484028,484600.0,,,484028.0,484600.0
YHR190W,ERG9,8,gene,484845,486179,+,Verified,1334,False,484497.0,484797.0,484797.0,485297.0,484797,486279.0,484797.0,486279.0,484797.0,486279.0
YHR191C,CTF8,8,gene,486230,486631,-,Verified,401,False,486662.0,486962.0,486162.0,486662.0,486200,486662.0,486662.0,486200.0,486662.0,486200.0
YHR192W,YHR192W,8,gene,486826,487662,+,Uncharacterized,836,False,486491.0,486791.0,486791.0,487291.0,486791,487740.0,486791.0,487740.0,486791.0,487740.0
YHR193C,EGD2,8,gene,487712,488236,-,Verified,524,False,488269.0,488569.0,487769.0,488269.0,487649,488269.0,488269.0,487649.0,488269.0,487649.0
YHR194W,MDM31,8,gene,488657,490396,+,Verified,1739,False,488287.0,488587.0,488587.0,489087.0,488587,490676.0,488587.0,490676.0,488587.0,490676.0
YHR195W,NVJ1,8,gene,490747,491712,+,Verified,965,False,490274.0,490574.0,490574.0,491074.0,490574,491875.0,490574.0,491875.0,490574.0,491875.0
YHR196W,UTP9,8,gene,491931,493658,+,Verified,1727,False,491578.0,491878.0,491878.0,492378.0,491878,493710.0,491878.0,493710.0,491878.0,493710.0
YHR197W,RIX1,8,gene,493896,496187,+,Verified,2291,False,493597.0,493897.0,493897.0,494397.0,493897,496302.0,493897.0,496302.0,493897.0,496302.0
YHR198C,AIM18,8,gene,496315,497280,-,Verified,965,False,497281.0,497581.0,496781.0,497281.0,496193,497281.0,497281.0,496193.0,497281.0,496193.0
YHR199C,AIM46,8,gene,497490,498422,-,Verified,932,False,498437.0,498737.0,497937.0,498437.0,497421,498437.0,498437.0,497421.0,498437.0,497421.0
YHR199C-A,NBL1,8,gene,498571,498859,-,Verified,288,False,498891.0,499191.0,498391.0,498891.0,498571,498891.0,498891.0,,498891.0,498571.0
YHR200W,RPN10,8,gene,499079,499885,+,Verified,806,False,498768.0,499068.0,499068.0,499568.0,499068,499956.0,499068.0,499956.0,499068.0,499956.0
YHR201C,PPX1,8,gene,499950,501143,-,Verified,1193,False,501179.0,501479.0,500679.0,501179.0,499885,501179.0,501179.0,499885.0,501179.0,499885.0
YHR202W,YHR202W,8,gene,502388,504196,+,Uncharacterized,1808,False,501812.0,502112.0,502112.0,502612.0,502112,504259.0,502112.0,504259.0,502112.0,504259.0
YHR203C,RPS4B,8,gene,504476,505530,-,Verified,1054,False,505570.0,505870.0,505070.0,505570.0,504347,505570.0,505570.0,504347.0,505570.0,504347.0
YHR204W,MNL1,8,gene,506319,508709,+,Verified,2390,False,505992.0,506292.0,506292.0,506792.0,506292,508779.0,506292.0,508779.0,506292.0,508779.0
YHR205W,SCH9,8,gene,509363,511837,+,Verified,2474,False,508619.0,508919.0,508919.0,509419.0,508919,511962.0,508919.0,511962.0,508919.0,511962.0
YHR206W,SKN7,8,gene,512732,514600,+,Verified,1868,False,512144.0,512444.0,512444.0,512944.0,512444,514895.0,512444.0,514895.0,512444.0,514895.0
YHR207C,SET5,8,gene,514905,516485,-,Verified,1580,False,516526.0,516826.0,516026.0,516526.0,514792,516526.0,516526.0,514792.0,516526.0,514792.0
YHR208W,BAT1,8,gene,517532,518713,+,Verified,1181,False,517212.0,517512.0,517512.0,518012.0,517512,518869.0,517512.0,518869.0,517512.0,518869.0
YHR209W,CRG1,8,gene,519437,520312,+,Uncharacterized,875,False,519105.0,519405.0,519405.0,519905.0,519405,520339.0,519405.0,520339.0,519405.0,520339.0
YHR210C,YHR210C,8,gene,520712,521737,-,Uncharacterized,1025,False,521817.0,522117.0,521317.0,521817.0,520583,521817.0,521817.0,520583.0,521817.0,520583.0
YHR211W,FLO5,8,gene,525392,528619,+,Verified,3227,False,522758.0,523058.0,523058.0,523558.0,523058,528725.0,523058.0,528725.0,523058.0,528725.0
YHR212W-A,YHR212W-A,8,gene,538742,538945,+,Uncharacterized,203,,538442.0,538742.0,538742.0,539242.0,538742,538945.0,,,538742.0,538945.0
YHR213W,YHR213W,8,gene,539151,539747,+,Uncharacterized,596,,538851.0,539151.0,539151.0,539651.0,539151,539747.0,,,539151.0,539747.0
YHR213W-A,YHR213W-A,8,gene,540549,540782,+,Uncharacterized,233,,540249.0,540549.0,540549.0,541049.0,540549,540782.0,,,540549.0,540782.0
YHR213W-B,YHR213W-B,8,gene,540800,541099,+,Uncharacterized,299,,540500.0,540800.0,540800.0,541300.0,540800,541099.0,,,540800.0,541099.0
YHR214W,YHR214W,8,gene,541651,542262,+,Uncharacterized,611,False,541276.0,541576.0,541576.0,542076.0,541576,542262.0,541576.0,,541576.0,542262.0
YHR214C-D,YHR214C-D,8,gene,550648,550941,-,Uncharacterized,293,False,550991.0,551291.0,550491.0,550991.0,550648,550991.0,550991.0,,550991.0,550648.0
YHR214C-E,YHR214C-E,8,gene,551200,551499,-,Uncharacterized,299,False,551597.0,551897.0,551097.0,551597.0,551073,551597.0,551597.0,551073.0,551597.0,551073.0
YHR215W,PHO12,8,gene,552099,553502,+,Verified,1403,False,551760.0,552060.0,552060.0,552560.0,552060,553569.0,552060.0,553569.0,552060.0,553569.0
YHR216W,IMD2,8,gene,554396,555967,+,Verified,1571,False,553875.0,554175.0,554175.0,554675.0,554175,556153.0,554175.0,556153.0,554175.0,556153.0
YHR218W,YHR218W,8,gene,558014,559924,+,Uncharacterized,1910,,557714.0,558014.0,558014.0,558514.0,558014,559924.0,,,558014.0,559924.0
YHR219W,YHR219W,8,gene,560173,562047,+,Uncharacterized,1874,,559873.0,560173.0,560173.0,560673.0,560173,562047.0,,,560173.0,562047.0
YIL177C,YIL177C,9,gene,483,6147,-,Uncharacterized,5664,,6147.0,6447.0,5647.0,6147.0,483,6147.0,,,6147.0,483.0
YIL176C,PAU14,9,gene,8793,9155,-,Uncharacterized,362,,9155.0,9455.0,8655.0,9155.0,8793,9155.0,,,9155.0,8793.0
YIL173W,VTH1,9,gene,11492,16141,+,Verified,4649,,11192.0,11492.0,11492.0,11992.0,11492,16141.0,,,11492.0,16141.0
YIL172C,IMA3,9,gene,16784,18553,-,Verified,1769,,18553.0,18853.0,18053.0,18553.0,16784,18553.0,,,18553.0,16784.0
YIL169C,YIL169C,9,gene,23119,26106,-,Uncharacterized,2987,False,26154.0,26454.0,25654.0,26154.0,23119,26154.0,26154.0,,26154.0,23119.0
YIL166C,YIL166C,9,gene,30938,32566,-,Uncharacterized,1628,,32566.0,32866.0,32066.0,32566.0,30938,32566.0,,,32566.0,30938.0
YIL165C,YIL165C,9,gene,33718,34077,-,Uncharacterized,359,,34077.0,34377.0,33577.0,34077.0,33718,34077.0,,,34077.0,33718.0
YIL164C,NIT1,9,gene,34087,34686,-,Verified,599,False,34976.0,35276.0,34476.0,34976.0,34087,34976.0,34976.0,,34976.0,34087.0
YIL162W,SUC2,9,gene,37385,38983,+,Verified,1598,False,37136.0,37436.0,37436.0,37936.0,37436,39204.0,37436.0,39204.0,37436.0,39204.0
YIL161W,YIL161W,9,gene,39433,40140,+,Uncharacterized,707,False,39124.0,39424.0,39424.0,39924.0,39424,40177.0,39424.0,40177.0,39424.0,40177.0
YIL160C,POT1,9,gene,40191,41444,-,Verified,1253,,41444.0,41744.0,40944.0,41444.0,40191,41444.0,,,41444.0,40191.0
YIL159W,BNR1,9,gene,41825,45952,+,Verified,4127,False,41478.0,41778.0,41778.0,42278.0,41778,46066.0,41778.0,46066.0,41778.0,46066.0
YIL158W,AIM20,9,gene,46201,46815,+,Verified,614,False,45891.0,46191.0,46191.0,46691.0,46191,46909.0,46191.0,46909.0,46191.0,46909.0
YIL157C,COA1,9,gene,46949,47542,-,Verified,593,False,47547.0,47847.0,47047.0,47547.0,46777,47547.0,47547.0,46777.0,47547.0,46777.0
YIL156W-B,YIL156W-B,9,gene,47690,47973,+,Uncharacterized,283,False,47356.0,47656.0,47656.0,48156.0,47656,48062.0,47656.0,48062.0,47656.0,48062.0
YIL156W,UBP7,9,gene,48091,51306,+,Verified,3215,,47791.0,48091.0,48091.0,48591.0,48091,51306.0,,,48091.0,51306.0
YIL155C,GUT2,9,gene,51759,53708,-,Verified,1949,False,53780.0,54080.0,53280.0,53780.0,51415,53780.0,53780.0,51415.0,53780.0,51415.0
YIL154C,IMP2',9,gene,53981,55021,-,Verified,1040,False,55047.0,55347.0,54547.0,55047.0,53907,55047.0,55047.0,53907.0,55047.0,53907.0
YIL153W,RRD1,9,gene,55198,56379,+,Verified,1181,False,54866.0,55166.0,55166.0,55666.0,55166,56425.0,55166.0,56425.0,55166.0,56425.0
YIL152W,YIL152W,9,gene,56545,57252,+,Uncharacterized,707,False,56280.0,56580.0,56580.0,57080.0,56580,57381.0,56580.0,57381.0,56580.0,57381.0
YIL151C,YIL151C,9,gene,57338,60694,-,Uncharacterized,3356,False,60840.0,61140.0,60340.0,60840.0,57285,60840.0,60840.0,57285.0,60840.0,57285.0
YIL150C,MCM10,9,gene,61013,62728,-,Verified,1715,False,62760.0,63060.0,62260.0,62760.0,60708,62760.0,62760.0,60708.0,62760.0,60708.0
YIL149C,MLP2,9,gene,63028,68067,-,Verified,5039,False,68194.0,68494.0,67694.0,68194.0,62893,68194.0,68194.0,62893.0,68194.0,62893.0
YIL148W,RPL40A,9,gene,68708,69528,+,Verified,820,False,68289.0,68589.0,68589.0,69089.0,68589,69594.0,68589.0,69594.0,68589.0,69594.0
YIL147C,SLN1,9,gene,69791,73453,-,Verified,3662,False,73657.0,73957.0,73157.0,73657.0,69589,73657.0,73657.0,69589.0,73657.0,69589.0
YIL146C,ATG32,9,gene,74184,75773,-,Verified,1589,,75773.0,76073.0,75273.0,75773.0,74184,75773.0,,,75773.0,74184.0
YIL145C,PAN6,9,gene,76354,77283,-,Verified,929,False,77343.0,77643.0,76843.0,77343.0,76255,77343.0,77343.0,76255.0,77343.0,76255.0
YIL144W,TID3,9,gene,78074,80149,+,Verified,2075,False,77695.0,77995.0,77995.0,78495.0,77995,80178.0,77995.0,80178.0,77995.0,80178.0
YIL143C,SSL2,9,gene,80510,83041,-,Verified,2531,False,83076.0,83376.0,82576.0,83076.0,80283,83076.0,83076.0,80283.0,83076.0,80283.0
YIL142W,CCT2,9,gene,83302,84885,+,Verified,1583,False,82966.0,83266.0,83266.0,83766.0,83266,84936.0,83266.0,84936.0,83266.0,84936.0
YIL140W,AXL2,9,gene,85366,87837,+,Verified,2471,False,84964.0,85264.0,85264.0,85764.0,85264,87962.0,85264.0,87962.0,85264.0,87962.0
YIL139C,REV7,9,gene,87979,88716,-,Verified,737,,88716.0,89016.0,88216.0,88716.0,87979,88716.0,,,88716.0,87979.0
YIL138C,TPM2,9,gene,89230,89715,-,Verified,485,False,89738.0,90038.0,89238.0,89738.0,88886,89738.0,89738.0,88886.0,89738.0,88886.0
YIL137C,TMA108,9,gene,89948,92788,-,Verified,2840,False,92838.0,93138.0,92338.0,92838.0,89865,92838.0,92838.0,89865.0,92838.0,89865.0
YIL136W,OM45,9,gene,93619,94800,+,Verified,1181,False,93269.0,93569.0,93569.0,94069.0,93569,94885.0,93569.0,94885.0,93569.0,94885.0
YIL135C,VHS2,9,gene,95065,96375,-,Verified,1310,False,96449.0,96749.0,95949.0,96449.0,94923,96449.0,96449.0,94923.0,96449.0,94923.0
YIL134C-A,YIL134C-A,9,gene,96522,96725,-,Uncharacterized,203,,96725.0,97025.0,96225.0,96725.0,96522,96725.0,,,96725.0,96522.0
YIL134W,FLX1,9,gene,97395,98330,+,Verified,935,False,97270.0,97570.0,97570.0,98070.0,97570,98373.0,97570.0,98373.0,97570.0,98373.0
YIL133C,RPL16A,9,gene,98527,99416,-,Verified,889,False,99435.0,99735.0,98935.0,99435.0,98428,99435.0,99435.0,98428.0,99435.0,98428.0
YIL132C,CSM2,9,gene,99860,100501,-,Verified,641,False,100513.0,100813.0,100013.0,100513.0,99806,100513.0,100513.0,99806.0,100513.0,99806.0
YIL131C,FKH1,9,gene,100781,102235,-,Verified,1454,False,102347.0,102647.0,101847.0,102347.0,100655,102347.0,102347.0,100655.0,102347.0,100655.0
YIL130W,ASG1,9,gene,102782,105676,+,Verified,2894,False,102347.0,102647.0,102647.0,103147.0,102647,105791.0,102647.0,105791.0,102647.0,105791.0
YIL129C,TAO3,9,gene,106107,113237,-,Verified,7130,False,113346.0,113646.0,112846.0,113346.0,105966,113346.0,113346.0,105966.0,113346.0,105966.0
YIL128W,MET18,9,gene,113806,116904,+,Verified,3098,False,113423.0,113723.0,113723.0,114223.0,113723,117022.0,113723.0,117022.0,113723.0,117022.0
YIL127C,RRT14,9,gene,117024,117644,-,Uncharacterized,620,False,117669.0,117969.0,117169.0,117669.0,116858,117669.0,117669.0,116858.0,117669.0,116858.0
YIL126W,STH1,9,gene,117992,122071,+,Verified,4079,False,117633.0,117933.0,117933.0,118433.0,117933,122211.0,117933.0,122211.0,117933.0,122211.0
YIL125W,KGD1,9,gene,122689,125733,+,Verified,3044,False,122115.0,122415.0,122415.0,122915.0,122415,125991.0,122415.0,125991.0,122415.0,125991.0
YIL124W,AYR1,9,gene,126204,127097,+,Verified,893,False,125883.0,126183.0,126183.0,126683.0,126183,127198.0,126183.0,127198.0,126183.0,127198.0
YIL123W,SIM1,9,gene,127662,129581,+,Verified,1919,False,127141.0,127441.0,127441.0,127941.0,127441,129913.0,127441.0,129913.0,127441.0,129913.0
YIL122W,POG1,9,gene,130610,131665,+,Verified,1055,False,130054.0,130354.0,130354.0,130854.0,130354,131818.0,130354.0,131818.0,130354.0,131818.0
YIL121W,QDR2,9,gene,132244,133872,+,Verified,1628,False,131887.0,132187.0,132187.0,132687.0,132187,134015.0,132187.0,134015.0,132187.0,134015.0
YIL120W,QDR1,9,gene,134417,136108,+,Verified,1691,False,134954.0,135254.0,135254.0,135754.0,135254,136249.0,135254.0,136249.0,135254.0,136249.0
YIL119C,RPI1,9,gene,136654,137877,-,Verified,1223,False,138079.0,138379.0,137579.0,138079.0,136511,138079.0,138079.0,136511.0,138079.0,136511.0
YIL118W,RHO3,9,gene,139752,140447,+,Verified,695,False,139335.0,139635.0,139635.0,140135.0,139635,140605.0,139635.0,140605.0,139635.0,140605.0
YIL117C,PRM5,9,gene,140613,141569,-,Verified,956,False,141636.0,141936.0,141136.0,141636.0,140502,141636.0,141636.0,140502.0,141636.0,140502.0
YIL116W,HIS5,9,gene,142928,144085,+,Verified,1157,False,142559.0,142859.0,142859.0,143359.0,142859,144208.0,142859.0,144208.0,142859.0,144208.0
YIL115C,NUP159,9,gene,144327,148709,-,Verified,4382,False,148890.0,149190.0,148390.0,148890.0,144271,148890.0,148890.0,144271.0,148890.0,144271.0
YIL114C,POR2,9,gene,149143,149988,-,Verified,845,False,150020.0,150320.0,149520.0,150020.0,149074,150020.0,150020.0,149074.0,150020.0,149074.0
YIL113W,SDP1,9,gene,150559,151188,+,Verified,629,,150259.0,150559.0,150559.0,151059.0,150559,151188.0,,,150559.0,151188.0
YIL112W,HOS4,9,gene,151595,154846,+,Verified,3251,False,151252.0,151552.0,151552.0,152052.0,151552,154997.0,151552.0,154997.0,151552.0,154997.0
YIL111W,COX5B,9,gene,155222,155765,+,Verified,543,False,154879.0,155179.0,155179.0,155679.0,155179,155800.0,155179.0,155800.0,155179.0,155800.0
YIL110W,HPM1,9,gene,156045,157178,+,Verified,1133,False,155715.0,156015.0,156015.0,156515.0,156015,157303.0,156015.0,157303.0,156015.0,157303.0
YIL109C,SEC24,9,gene,157385,160165,-,Verified,2780,False,160253.0,160553.0,159753.0,160253.0,157276,160253.0,160253.0,157276.0,160253.0,157276.0
YIL108W,YIL108W,9,gene,160887,162977,+,Uncharacterized,2090,False,160466.0,160766.0,160766.0,161266.0,160766,163054.0,160766.0,163054.0,160766.0,163054.0
YIL107C,PFK26,9,gene,163278,165761,-,Verified,2483,False,165940.0,166240.0,165440.0,165940.0,163270,165940.0,165940.0,163270.0,165940.0,163270.0
YIL106W,MOB1,9,gene,166415,167444,+,Verified,1029,False,166100.0,166400.0,166400.0,166900.0,166400,167531.0,166400.0,167531.0,166400.0,167531.0
YIL105C,SLM1,9,gene,167581,169641,-,Verified,2060,False,169780.0,170080.0,169280.0,169780.0,167544,169780.0,169780.0,167544.0,169780.0,167544.0
YIL104C,SHQ1,9,gene,169982,171505,-,Verified,1523,False,171536.0,171836.0,171036.0,171536.0,169909,171536.0,171536.0,169909.0,171536.0,169909.0
YIL103W,DPH1,9,gene,171751,173028,+,Verified,1277,False,171402.0,171702.0,171702.0,172202.0,171702,173099.0,171702.0,173099.0,171702.0,173099.0
YIL102C-A,YIL102C-A,9,gene,173365,173592,-,Uncharacterized,227,False,173627.0,173927.0,173127.0,173627.0,173024,173627.0,173627.0,173024.0,173627.0,173024.0
YIL102C,YIL102C,9,gene,174582,174887,-,Uncharacterized,305,,174887.0,175187.0,174387.0,174887.0,174582,174887.0,,,174887.0,174582.0
YIL101C,XBP1,9,gene,175307,177250,-,Verified,1943,False,177429.0,177729.0,176929.0,177429.0,175283,177429.0,177429.0,175283.0,177429.0,175283.0
YIL099W,SGA1,9,gene,178004,179653,+,Verified,1649,False,177644.0,177944.0,177944.0,178444.0,177944,179764.0,177944.0,179764.0,177944.0,179764.0
YIL098C,FMC1,9,gene,179772,180239,-,Verified,467,False,180246.0,180546.0,179746.0,180246.0,179679,180246.0,180246.0,179679.0,180246.0,179679.0
YIL097W,FYV10,9,gene,180427,181977,+,Verified,1550,False,180102.0,180402.0,180402.0,180902.0,180402,182148.0,180402.0,182148.0,180402.0,182148.0
YIL096C,YIL096C,9,gene,182117,183127,-,Uncharacterized,1010,False,183184.0,183484.0,182684.0,183184.0,181960,183184.0,183184.0,181960.0,183184.0,181960.0
YIL095W,PRK1,9,gene,183937,186369,+,Verified,2432,False,183469.0,183769.0,183769.0,184269.0,183769,186444.0,183769.0,186444.0,183769.0,186444.0
YIL094C,LYS12,9,gene,186517,187632,-,Verified,1115,False,187706.0,188006.0,187206.0,187706.0,186459,187706.0,187706.0,186459.0,187706.0,186459.0
YIL093C,RSM25,9,gene,187990,188784,-,Verified,794,False,188854.0,189154.0,188354.0,188854.0,187873,188854.0,188854.0,187873.0,188854.0,187873.0
YIL092W,YIL092W,9,gene,189066,190967,+,Uncharacterized,1901,False,188689.0,188989.0,188989.0,189489.0,188989,191067.0,188989.0,191067.0,188989.0,191067.0
YIL091C,UTP25,9,gene,191030,193195,-,Verified,2165,False,193232.0,193532.0,192732.0,193232.0,190977,193232.0,193232.0,190977.0,193232.0,190977.0
YIL090W,ICE2,9,gene,193595,195070,+,Verified,1475,False,193119.0,193419.0,193419.0,193919.0,193419,195389.0,193419.0,195389.0,193419.0,195389.0
YIL089W,YIL089W,9,gene,195599,196216,+,Uncharacterized,617,False,195266.0,195566.0,195566.0,196066.0,195566,196216.0,195566.0,,195566.0,196216.0
YIL088C,AVT7,9,gene,197931,199403,-,Verified,1472,False,199477.0,199777.0,198977.0,199477.0,197860,199477.0,199477.0,197860.0,199477.0,197860.0
YIL087C,AIM19,9,gene,199646,200119,-,Verified,473,False,200132.0,200432.0,199632.0,200132.0,199546,200132.0,200132.0,199546.0,200132.0,199546.0
YIL085C,KTR7,9,gene,200490,202043,-,Verified,1553,False,202114.0,202414.0,201614.0,202114.0,200379,202114.0,202114.0,200379.0,202114.0,200379.0
YIL084C,SDS3,9,gene,202276,203259,-,Verified,983,False,203302.0,203602.0,202802.0,203302.0,202276,203302.0,203302.0,,203302.0,202276.0
YIL083C,CAB2,9,gene,203556,204653,-,Verified,1097,False,204743.0,205043.0,204243.0,204743.0,203461,204743.0,204743.0,203461.0,204743.0,203461.0
YIL079C,AIR1,9,gene,210923,212005,-,Verified,1082,False,212036.0,212336.0,211536.0,212036.0,210886,212036.0,212036.0,210886.0,212036.0,210886.0
YIL078W,THS1,9,gene,212499,214703,+,Verified,2204,False,212157.0,212457.0,212457.0,212957.0,212457,214792.0,212457.0,214792.0,212457.0,214792.0
YIL077C,YIL077C,9,gene,214991,215953,-,Uncharacterized,962,False,215977.0,216277.0,215477.0,215977.0,214859,215977.0,215977.0,214859.0,215977.0,214859.0
YIL076W,SEC28,9,gene,216658,217548,+,Verified,890,False,216318.0,216618.0,216618.0,217118.0,216618,217619.0,216618.0,217619.0,216618.0,217619.0
YIL075C,RPN2,9,gene,217863,220700,-,Verified,2837,False,220763.0,221063.0,220263.0,220763.0,217767,220763.0,220763.0,217767.0,220763.0,217767.0
YIL074C,SER33,9,gene,221081,222490,-,Verified,1409,False,222625.0,222925.0,222125.0,222625.0,221029,222625.0,222625.0,221029.0,222625.0,221029.0
YIL073C,SPO22,9,gene,222937,225954,-,Verified,3017,,225954.0,226254.0,225454.0,225954.0,222937,225954.0,,,225954.0,222937.0
YIL072W,HOP1,9,gene,226602,228419,+,Verified,1817,False,226196.0,226496.0,226496.0,226996.0,226496,228419.0,226496.0,,226496.0,228419.0
YIL071C,PCI8,9,gene,228660,229994,-,Verified,1334,False,229981.0,230281.0,229481.0,229981.0,228352,229981.0,229981.0,228352.0,229981.0,228352.0
YIL070C,MAM33,9,gene,230272,231072,-,Verified,800,False,231135.0,231435.0,230635.0,231135.0,230167,231135.0,231135.0,230167.0,231135.0,230167.0
YIL069C,RPS24B,9,gene,231553,232369,-,Verified,816,False,232438.0,232738.0,231938.0,232438.0,231367,232438.0,232438.0,231367.0,232438.0,231367.0
YIL068C,SEC6,9,gene,233057,235474,-,Verified,2417,False,235496.0,235796.0,234996.0,235496.0,233023,235496.0,235496.0,233023.0,235496.0,233023.0
YIL067C,YIL067C,9,gene,235724,237760,-,Uncharacterized,2036,False,237820.0,238120.0,237320.0,237820.0,235642,237820.0,237820.0,235642.0,237820.0,235642.0
YIL066C,RNR3,9,gene,238099,240708,-,Verified,2609,,240708.0,241008.0,240208.0,240708.0,238099,240708.0,,,240708.0,238099.0
YIL065C,FIS1,9,gene,241308,241775,-,Verified,467,False,241807.0,242107.0,241307.0,241807.0,241235,241807.0,241807.0,241235.0,241807.0,241235.0
YIL064W,SEE1,9,gene,241943,242716,+,Verified,773,False,241695.0,241995.0,241995.0,242495.0,241995,242759.0,241995.0,242759.0,241995.0,242759.0
YIL063C,YRB2,9,gene,242761,243744,-,Verified,983,False,243790.0,244090.0,243290.0,243790.0,242721,243790.0,243790.0,242721.0,243790.0,242721.0
YIL062C,ARC15,9,gene,243998,244462,-,Verified,464,False,244501.0,244801.0,244001.0,244501.0,243928,244501.0,244501.0,243928.0,244501.0,243928.0
YIL061C,SNP1,9,gene,244657,245559,-,Verified,902,False,245579.0,245879.0,245079.0,245579.0,244625,245579.0,245579.0,244625.0,245579.0,244625.0
YIL060W,YIL060W,9,gene,246392,246826,+,Uncharacterized,434,False,245978.0,246278.0,246278.0,246778.0,246278,246826.0,246278.0,,246278.0,246826.0
YIL057C,RGI2,9,gene,247902,248396,-,Verified,494,False,248395.0,248695.0,247895.0,248395.0,247902,248395.0,248395.0,,248395.0,247902.0
YIL056W,VHR1,9,gene,249991,251913,+,Verified,1922,False,249375.0,249675.0,249675.0,250175.0,249675,251973.0,249675.0,251973.0,249675.0,251973.0
YIL055C,YIL055C,9,gene,252042,253925,-,Uncharacterized,1883,False,254122.0,254422.0,253622.0,254122.0,251913,254122.0,254122.0,251913.0,254122.0,251913.0
YIL053W,RHR2,9,gene,255115,255867,+,Verified,752,False,254788.0,255088.0,255088.0,255588.0,255088,256026.0,255088.0,256026.0,255088.0,256026.0
YIL052C,RPL34B,9,gene,256226,257063,-,Verified,837,False,257101.0,257401.0,256601.0,257101.0,256118,257101.0,257101.0,256118.0,257101.0,256118.0
YIL051C,MMF1,9,gene,257843,258280,-,Verified,437,False,258336.0,258636.0,257836.0,258336.0,257713,258336.0,258336.0,257713.0,258336.0,257713.0
YIL050W,PCL7,9,gene,258913,259770,+,Verified,857,False,258539.0,258839.0,258839.0,259339.0,258839,259907.0,258839.0,259907.0,258839.0,259907.0
YIL049W,DFG10,9,gene,260158,260919,+,Verified,761,False,259858.0,260158.0,260158.0,260658.0,260158,260989.0,260158.0,260989.0,260158.0,260989.0
YIL048W,NEO1,9,gene,261437,264892,+,Verified,3455,False,260873.0,261173.0,261173.0,261673.0,261173,265016.0,261173.0,265016.0,261173.0,265016.0
YIL047C,SYG1,9,gene,265115,267823,-,Verified,2708,False,267842.0,268142.0,267342.0,267842.0,264957,267842.0,267842.0,264957.0,267842.0,264957.0
YIL046W-A,YIL046W-A,9,gene,268309,268473,+,Uncharacterized,164,False,267817.0,268117.0,268117.0,268617.0,268117,268474.0,268117.0,268474.0,268117.0,268474.0
YIL046W,MET30,9,gene,268651,270573,+,Verified,1922,False,268307.0,268607.0,268607.0,269107.0,268607,270678.0,268607.0,270678.0,268607.0,270678.0
YIL045W,PIG2,9,gene,271161,272777,+,Verified,1616,False,270755.0,271055.0,271055.0,271555.0,271055,272922.0,271055.0,272922.0,271055.0,272922.0
YIL044C,AGE2,9,gene,272950,273846,-,Verified,896,False,273873.0,274173.0,273373.0,273873.0,272836,273873.0,273873.0,272836.0,273873.0,272836.0
YIL043C,CBR1,9,gene,274072,274926,-,Verified,854,False,274939.0,275239.0,274439.0,274939.0,273973,274939.0,274939.0,273973.0,274939.0,273973.0
YIL042C,PKP1,9,gene,275108,276292,-,Verified,1184,False,276331.0,276631.0,275831.0,276331.0,274976,276331.0,276331.0,274976.0,276331.0,274976.0
YIL041W,GVP36,9,gene,276525,277505,+,Verified,980,False,276204.0,276504.0,276504.0,277004.0,276504,277591.0,276504.0,277591.0,276504.0,277591.0
YIL040W,APQ12,9,gene,277723,278139,+,Verified,416,False,277415.0,277715.0,277715.0,278215.0,277715,278232.0,277715.0,278232.0,277715.0,278232.0
YIL039W,TED1,9,gene,278426,279847,+,Uncharacterized,1421,False,278067.0,278367.0,278367.0,278867.0,278367,279947.0,278367.0,279947.0,278367.0,279947.0
YIL038C,NOT3,9,gene,280142,282652,-,Verified,2510,False,282891.0,283191.0,282391.0,282891.0,279981,282891.0,282891.0,279981.0,282891.0,279981.0
YIL037C,PRM2,9,gene,283029,284999,-,Verified,1970,False,285162.0,285462.0,284662.0,285162.0,283029,285162.0,285162.0,,285162.0,283029.0
YIL036W,CST6,9,gene,285666,287429,+,Verified,1763,False,285208.0,285508.0,285508.0,286008.0,285508,287541.0,285508.0,287541.0,285508.0,287541.0
YIL035C,CKA1,9,gene,287790,288908,-,Verified,1118,False,289019.0,289319.0,288519.0,289019.0,287679,289019.0,289019.0,287679.0,289019.0,287679.0
YIL034C,CAP2,9,gene,289226,290089,-,Verified,863,False,290143.0,290443.0,289643.0,290143.0,289155,290143.0,290143.0,289155.0,290143.0,289155.0
YIL033C,BCY1,9,gene,290419,291669,-,Verified,1250,False,291778.0,292078.0,291278.0,291778.0,290241,291778.0,291778.0,290241.0,291778.0,290241.0
YIL031W,ULP2,9,gene,292633,295737,+,Verified,3104,False,292164.0,292464.0,292464.0,292964.0,292464,295875.0,292464.0,295875.0,292464.0,295875.0
YIL030C,SSM4,9,gene,296050,300009,-,Verified,3959,False,300067.0,300367.0,299567.0,300067.0,295964,300067.0,300067.0,295964.0,300067.0,295964.0
YIL029C,YIL029C,9,gene,300829,301257,-,Uncharacterized,428,False,301363.0,301663.0,300863.0,301363.0,300829,301363.0,301363.0,,301363.0,300829.0
YIL027C,KRE27,9,gene,303679,304104,-,Verified,425,False,304163.0,304463.0,303663.0,304163.0,303589,304163.0,304163.0,303589.0,304163.0,303589.0
YIL026C,IRR1,9,gene,304477,307929,-,Verified,3452,False,307966.0,308266.0,307466.0,307966.0,304354,307966.0,307966.0,304354.0,307966.0,304354.0
YIL024C,YIL024C,9,gene,308602,309171,-,Uncharacterized,569,,309171.0,309471.0,308671.0,309171.0,308602,309171.0,,,309171.0,308602.0
YIL023C,YKE4,9,gene,309386,310426,-,Verified,1040,False,310427.0,310727.0,309927.0,310427.0,309324,310427.0,310427.0,309324.0,310427.0,309324.0
YIL022W,TIM44,9,gene,311165,312460,+,Verified,1295,False,310793.0,311093.0,311093.0,311593.0,311093,312691.0,311093.0,312691.0,311093.0,312691.0
YIL021W,RPB3,9,gene,312905,313861,+,Verified,956,False,312509.0,312809.0,312809.0,313309.0,312809,313997.0,312809.0,313997.0,312809.0,313997.0
YIL020C,HIS6,9,gene,314035,314820,-,Verified,785,False,314842.0,315142.0,314342.0,314842.0,313914,314842.0,314842.0,313914.0,314842.0,313914.0
YIL019W,FAF1,9,gene,315093,316133,+,Verified,1040,False,314774.0,315074.0,315074.0,315574.0,315074,316244.0,315074.0,316244.0,315074.0,316244.0
YIL018W,RPL2B,9,gene,316768,317932,+,Verified,1164,False,316427.0,316727.0,316727.0,317227.0,316727,318020.0,316727.0,318020.0,316727.0,318020.0
YIL017C,VID28,9,gene,318200,320965,-,Verified,2765,False,321036.0,321336.0,320536.0,321036.0,318087,321036.0,321036.0,318087.0,321036.0,318087.0
YIL016W,SNL1,9,gene,321454,321933,+,Verified,479,False,321088.0,321388.0,321388.0,321888.0,321388,321989.0,321388.0,321989.0,321388.0,321989.0
YIL015W,BAR1,9,gene,322342,324105,+,Verified,1763,False,322011.0,322311.0,322311.0,322811.0,322311,324182.0,322311.0,324182.0,322311.0,324182.0
YIL014C-A,YIL014C-A,9,gene,325212,325526,-,Uncharacterized,314,False,325606.0,325906.0,325106.0,325606.0,325142,325606.0,325606.0,325142.0,325606.0,325142.0
YIL014W,MNT3,9,gene,326103,327995,+,Verified,1892,False,325656.0,325956.0,325956.0,326456.0,325956,328086.0,325956.0,328086.0,325956.0,328086.0
YIL013C,PDR11,9,gene,328207,332442,-,Verified,4235,False,332536.0,332836.0,332036.0,332536.0,328021,332536.0,332536.0,328021.0,332536.0,328021.0
YIL011W,TIR3,9,gene,333727,334536,+,Verified,809,False,333396.0,333696.0,333696.0,334196.0,333696,334665.0,333696.0,334665.0,333696.0,334665.0
YIL010W,DOT5,9,gene,334882,335529,+,Verified,647,False,334546.0,334846.0,334846.0,335346.0,334846,335709.0,334846.0,335709.0,334846.0,335709.0
YIL009C-A,EST3,9,gene,335666,336212,-,Verified,546,False,336225.0,336525.0,335725.0,336225.0,335626,336225.0,336225.0,335626.0,336225.0,335626.0
YIL009W,FAA3,9,gene,339344,341428,+,Verified,2084,False,339031.0,339331.0,339331.0,339831.0,339331,341664.0,339331.0,341664.0,339331.0,341664.0
YIL008W,URM1,9,gene,342536,342835,+,Verified,299,False,342191.0,342491.0,342491.0,342991.0,342491,342960.0,342491.0,342960.0,342491.0,342960.0
YIL007C,NAS2,9,gene,342994,343656,-,Verified,662,False,343683.0,343983.0,343183.0,343683.0,342900,343683.0,343683.0,342900.0,343683.0,342900.0
YIL006W,YIA6,9,gene,344062,345183,+,Verified,1121,False,343741.0,344041.0,344041.0,344541.0,344041,345183.0,344041.0,,344041.0,345183.0
YIL005W,EPS1,9,gene,345692,347797,+,Verified,2105,False,345260.0,345560.0,345560.0,346060.0,345560,347839.0,345560.0,347839.0,345560.0,347839.0
YIL004C,BET1,9,gene,347946,348505,-,Verified,559,False,348569.0,348869.0,348069.0,348569.0,347777,348569.0,348569.0,347777.0,348569.0,347777.0
YIL003W,CFD1,9,gene,349122,350003,+,Verified,881,False,348784.0,349084.0,349084.0,349584.0,349084,350089.0,349084.0,350089.0,349084.0,350089.0
YIL002W-A,YIL002W-A,9,gene,350301,350510,+,Uncharacterized,209,False,349986.0,350286.0,350286.0,350786.0,350286,350601.0,350286.0,350601.0,350286.0,350601.0
YIL002C,INP51,9,gene,350591,353431,-,Verified,2840,False,353680.0,353980.0,353180.0,353680.0,350551,353680.0,353680.0,350551.0,353680.0,350551.0
YIL001W,YIL001W,9,gene,353940,355481,+,Uncharacterized,1541,False,353582.0,353882.0,353882.0,354382.0,353882,355549.0,353882.0,355549.0,353882.0,355549.0
YIR001C,SGN1,9,gene,356143,356895,-,Verified,752,False,356961.0,357261.0,356461.0,356961.0,355815,356961.0,356961.0,355815.0,356961.0,355815.0
YIR002C,MPH1,9,gene,357415,360396,-,Verified,2981,False,360488.0,360788.0,359988.0,360488.0,357299,360488.0,360488.0,357299.0,360488.0,357299.0
YIR003W,AIM21,9,gene,360885,362924,+,Verified,2039,False,360538.0,360838.0,360838.0,361338.0,360838,362995.0,360838.0,362995.0,360838.0,362995.0
YIR004W,DJP1,9,gene,363221,364519,+,Verified,1298,False,362908.0,363208.0,363208.0,363708.0,363208,364636.0,363208.0,364636.0,363208.0,364636.0
YIR005W,IST3,9,gene,364889,365335,+,Verified,446,False,364545.0,364845.0,364845.0,365345.0,364845,365416.0,364845.0,365416.0,364845.0,365416.0
YIR006C,PAN1,9,gene,365466,369908,-,Verified,4442,False,369943.0,370243.0,369443.0,369943.0,365380,369943.0,369943.0,365380.0,369943.0,365380.0
YIR007W,YIR007W,9,gene,370704,372998,+,Uncharacterized,2294,,370404.0,370704.0,370704.0,371204.0,370704,372998.0,,,370704.0,372998.0
YIR008C,PRI1,9,gene,373077,374306,-,Verified,1229,False,374366.0,374666.0,373866.0,374366.0,373009,374366.0,374366.0,373009.0,374366.0,373009.0
YIR009W,MSL1,9,gene,374525,374860,+,Verified,335,False,374163.0,374463.0,374463.0,374963.0,374463,374860.0,374463.0,,374463.0,374860.0
YIR010W,DSN1,9,gene,375431,377161,+,Verified,1730,False,375056.0,375356.0,375356.0,375856.0,375356,377269.0,375356.0,377269.0,375356.0,377269.0
YIR011C,STS1,9,gene,377287,378246,-,Verified,959,False,378269.0,378569.0,377769.0,378269.0,377178,378269.0,378269.0,377178.0,378269.0,377178.0
YIR012W,SQT1,9,gene,378486,379781,+,Verified,1295,False,378162.0,378462.0,378462.0,378962.0,378462,379847.0,378462.0,379847.0,378462.0,379847.0
YIR013C,GAT4,9,gene,380019,380384,-,Verified,365,,380384.0,380684.0,379884.0,380384.0,380019,380384.0,,,380384.0,380019.0
YIR014W,YIR014W,9,gene,381086,381814,+,Uncharacterized,728,False,380771.0,381071.0,381071.0,381571.0,381071,381814.0,381071.0,,381071.0,381814.0
YIR015W,RPR2,9,gene,381948,382382,+,Verified,434,,381648.0,381948.0,381948.0,382448.0,381948,382382.0,,,381948.0,382382.0
YIR016W,YIR016W,9,gene,382628,383425,+,Uncharacterized,797,,382328.0,382628.0,382628.0,383128.0,382628,383425.0,,,382628.0,383425.0
YIR017C,MET28,9,gene,383556,384119,-,Verified,563,False,384114.0,384414.0,383614.0,384114.0,383344,384114.0,384114.0,383344.0,384114.0,383344.0
YIR018W,YAP5,9,gene,384609,385346,+,Verified,737,False,384301.0,384601.0,384601.0,385101.0,384601,385402.0,384601.0,385402.0,384601.0,385402.0
YIR018C-A,YIR018C-A,9,gene,385564,385701,-,Uncharacterized,137,,385701.0,386001.0,385201.0,385701.0,385564,385701.0,,,385701.0,385564.0
YIR019C,MUC1,9,gene,389572,393675,-,Verified,4103,,393675.0,393975.0,393175.0,393675.0,389572,393675.0,,,393675.0,389572.0
YIR021W,MRS1,9,gene,397294,398385,+,Verified,1091,False,396969.0,397269.0,397269.0,397769.0,397269,398442.0,397269.0,398442.0,397269.0,398442.0
YIR021W-A,YIR021W-A,9,gene,398514,398726,+,Uncharacterized,212,,398214.0,398514.0,398514.0,399014.0,398514,398726.0,,,398514.0,398726.0
YIR022W,SEC11,9,gene,398733,399236,+,Verified,503,False,398398.0,398698.0,398698.0,399198.0,398698,399337.0,398698.0,399337.0,398698.0,399337.0
YIR023W,DAL81,9,gene,399777,402689,+,Verified,2912,False,399452.0,399752.0,399752.0,400252.0,399752,402800.0,399752.0,402800.0,399752.0,402800.0
YIR024C,YIR024C,9,gene,402841,403491,-,Verified,650,False,403500.0,403800.0,403000.0,403500.0,402776,403500.0,403500.0,402776.0,403500.0,402776.0
YIR025W,MND2,9,gene,403659,404765,+,Verified,1106,False,403389.0,403689.0,403689.0,404189.0,403689,404916.0,403689.0,404916.0,403689.0,404916.0
YIR026C,YVH1,9,gene,404873,405967,-,Verified,1094,False,405997.0,406297.0,405497.0,405997.0,404781,405997.0,405997.0,404781.0,405997.0,404781.0
YIR027C,DAL1,9,gene,406260,407642,-,Verified,1382,False,407953.0,408253.0,407453.0,407953.0,406260,407953.0,407953.0,,407953.0,406260.0
YIR028W,DAL4,9,gene,408468,410375,+,Verified,1907,,408168.0,408468.0,408468.0,408968.0,408468,410375.0,,,408468.0,410375.0
YIR029W,DAL2,9,gene,410807,411838,+,Verified,1031,,410507.0,410807.0,410807.0,411307.0,410807,411838.0,,,410807.0,411838.0
YIR030C,DCG1,9,gene,412036,412770,-,Verified,734,False,412811.0,413111.0,412311.0,412811.0,411983,412811.0,412811.0,411983.0,412811.0,411983.0
YIR031C,DAL7,9,gene,413015,414679,-,Verified,1664,False,414822.0,415122.0,414322.0,414822.0,412963,414822.0,414822.0,412963.0,414822.0,412963.0
YIR032C,DAL3,9,gene,415030,415617,-,Verified,587,False,415683.0,415983.0,415183.0,415683.0,414956,415683.0,415683.0,414956.0,415683.0,414956.0
YIR033W,MGA2,9,gene,416124,419465,+,Verified,3341,False,415790.0,416090.0,416090.0,416590.0,416090,419525.0,416090.0,419525.0,416090.0,419525.0
YIR034C,LYS1,9,gene,419615,420736,-,Verified,1121,False,420772.0,421072.0,420272.0,420772.0,419546,420772.0,420772.0,419546.0,420772.0,419546.0
YIR035C,YIR035C,9,gene,421026,421790,-,Uncharacterized,764,False,421811.0,422111.0,421311.0,421811.0,420961,421811.0,421811.0,420961.0,421811.0,420961.0
YIR036C,IRC24,9,gene,422074,422865,-,Uncharacterized,791,False,422892.0,423192.0,422392.0,422892.0,422019,422892.0,422892.0,422019.0,422892.0,422019.0
YIR037W,HYR1,9,gene,423128,423619,+,Verified,491,False,422768.0,423068.0,423068.0,423568.0,423068,423711.0,423068.0,423711.0,423068.0,423711.0
YIR038C,GTT1,9,gene,423809,424513,-,Verified,704,False,424544.0,424844.0,424044.0,424544.0,423688,424544.0,424544.0,423688.0,424544.0,423688.0
YIR039C,YPS6,9,gene,430498,432111,-,Verified,1613,,432111.0,432411.0,431611.0,432111.0,430498,432111.0,,,432111.0,430498.0
YIR041W,PAU15,9,gene,433929,434303,+,Verified,374,False,433584.0,433884.0,433884.0,434384.0,433884,434303.0,433884.0,,433884.0,434303.0
YIR042C,YIR042C,9,gene,435273,435983,-,Uncharacterized,710,False,436054.0,436354.0,435554.0,436054.0,435193,436054.0,436054.0,435193.0,436054.0,435193.0
YJL225C,YJL225C,10,gene,466,6130,-,Uncharacterized,5664,False,6546.0,6846.0,6046.0,6546.0,391,6546.0,6546.0,391.0,6546.0,391.0
YJL223C,PAU1,10,gene,8776,9138,-,Verified,362,,9138.0,9438.0,8638.0,9138.0,8776,9138.0,,,9138.0,8776.0
YJL222W,VTH2,10,gene,11475,16124,+,Verified,4649,False,11184.0,11484.0,11484.0,11984.0,11484,16496.0,11484.0,16496.0,11484.0,16496.0
YJL221C,IMA4,10,gene,16767,18536,-,Verified,1769,False,18825.0,19125.0,18325.0,18825.0,16767,18825.0,18825.0,,18825.0,16767.0
YJL219W,HXT9,10,gene,19497,21200,+,Verified,1703,False,18980.0,19280.0,19280.0,19780.0,19280,21200.0,19280.0,,19280.0,21200.0
YJL218W,YJL218W,10,gene,21973,22563,+,Uncharacterized,590,False,21657.0,21957.0,21957.0,22457.0,21957,22716.0,21957.0,22716.0,21957.0,22716.0
YJL217W,REE1,10,gene,23133,23729,+,Verified,596,False,22827.0,23127.0,23127.0,23627.0,23127,23825.0,23127.0,23825.0,23127.0,23825.0
YJL216C,IMA5,10,gene,24341,26086,-,Verified,1745,False,26238.0,26538.0,25738.0,26238.0,24105,26238.0,26238.0,24105.0,26238.0,24105.0
YJL214W,HXT8,10,gene,26887,28596,+,Verified,1709,,26587.0,26887.0,26887.0,27387.0,26887,28596.0,,,26887.0,28596.0
YJL213W,YJL213W,10,gene,32163,33158,+,Verified,995,False,31523.0,31823.0,31823.0,32323.0,31823,33478.0,31823.0,33478.0,31823.0,33478.0
YJL212C,OPT1,10,gene,33850,36249,-,Verified,2399,False,36278.0,36578.0,35778.0,36278.0,33728,36278.0,36278.0,33728.0,36278.0,33728.0
YJL210W,PEX2,10,gene,36919,37734,+,Verified,815,False,36471.0,36771.0,36771.0,37271.0,36771,37798.0,36771.0,37798.0,36771.0,37798.0
YJL209W,CBP1,10,gene,38005,39969,+,Verified,1964,False,37604.0,37904.0,37904.0,38404.0,37904,40063.0,37904.0,40063.0,37904.0,40063.0
YJL208C,NUC1,10,gene,40194,41183,-,Verified,989,False,41236.0,41536.0,40736.0,41236.0,40012,41236.0,41236.0,40012.0,41236.0,40012.0
YJL207C,LAA1,10,gene,41389,47433,-,Verified,6044,False,47445.0,47745.0,46945.0,47445.0,41217,47445.0,47445.0,41217.0,47445.0,41217.0
YJL206C,YJL206C,10,gene,47659,49935,-,Uncharacterized,2276,False,49941.0,50241.0,49441.0,49941.0,47590,49941.0,49941.0,47590.0,49941.0,47590.0
YJL205C,NCE101,10,gene,50139,50443,-,Verified,304,False,50463.0,50763.0,49963.0,50463.0,49993,50463.0,50463.0,49993.0,50463.0,49993.0
YJL204C,RCY1,10,gene,50629,53151,-,Verified,2522,False,53167.0,53467.0,52667.0,53167.0,50558,53167.0,53167.0,50558.0,53167.0,50558.0
YJL203W,PRP21,10,gene,53341,54183,+,Verified,842,False,53008.0,53308.0,53308.0,53808.0,53308,54419.0,53308.0,54419.0,53308.0,54419.0
YJL201W,ECM25,10,gene,54379,56178,+,Verified,1799,False,54077.0,54377.0,54377.0,54877.0,54377,56424.0,54377.0,56424.0,54377.0,56424.0
YJL200C,ACO2,10,gene,56444,58813,-,Verified,2369,False,58945.0,59245.0,58445.0,58945.0,56298,58945.0,58945.0,56298.0,58945.0,56298.0
YJL198W,PHO90,10,gene,60844,63489,+,Verified,2645,False,60523.0,60823.0,60823.0,61323.0,60823,63603.0,60823.0,63603.0,60823.0,63603.0
YJL197W,UBP12,10,gene,63805,67569,+,Verified,3764,False,63464.0,63764.0,63764.0,64264.0,63764,67638.0,63764.0,67638.0,63764.0,67638.0
YJL196C,ELO1,10,gene,67850,68782,-,Verified,932,False,68806.0,69106.0,68306.0,68806.0,67716,68806.0,68806.0,67716.0,68806.0,67716.0
YJL194W,CDC6,10,gene,69338,70879,+,Verified,1541,False,68978.0,69278.0,69278.0,69778.0,69278,70997.0,69278.0,70997.0,69278.0,70997.0
YJL193W,YJL193W,10,gene,71366,72574,+,Uncharacterized,1208,False,71069.0,71369.0,71369.0,71869.0,71369,72700.0,71369.0,72700.0,71369.0,72700.0
YJL192C,SOP4,10,gene,72710,73414,-,Verified,704,False,73439.0,73739.0,72939.0,73439.0,72604,73439.0,73439.0,72604.0,73439.0,72604.0
YJL191W,RPS14B,10,gene,73787,74611,+,Verified,824,False,73467.0,73767.0,73767.0,74267.0,73767,74717.0,73767.0,74717.0,73767.0,74717.0
YJL190C,RPS22A,10,gene,74910,75302,-,Verified,392,False,75319.0,75619.0,74819.0,75319.0,74762,75319.0,75319.0,74762.0,75319.0,74762.0
YJL189W,RPL39,10,gene,75933,76474,+,Verified,541,False,75591.0,75891.0,75891.0,76391.0,75891,76612.0,75891.0,76612.0,75891.0,76612.0
YJL187C,SWE1,10,gene,76803,79262,-,Verified,2459,False,79356.0,79656.0,78856.0,79356.0,76621,79356.0,79356.0,76621.0,79356.0,76621.0
YJL186W,MNN5,10,gene,80155,81915,+,Verified,1760,False,79827.0,80127.0,80127.0,80627.0,80127,82037.0,80127.0,82037.0,80127.0,82037.0
YJL185C,YJL185C,10,gene,82095,82976,-,Uncharacterized,881,,82976.0,83276.0,82476.0,82976.0,82095,82976.0,,,82976.0,82095.0
YJL184W,GON7,10,gene,83448,83819,+,Verified,371,False,83108.0,83408.0,83408.0,83908.0,83408,83882.0,83408.0,83882.0,83408.0,83882.0
YJL183W,MNN11,10,gene,84068,85336,+,Verified,1268,False,83704.0,84004.0,84004.0,84504.0,84004,85426.0,84004.0,85426.0,84004.0,85426.0
YJL181W,YJL181W,10,gene,85660,87495,+,Uncharacterized,1835,False,85339.0,85639.0,85639.0,86139.0,85639,87580.0,85639.0,87580.0,85639.0,87580.0
YJL180C,ATP12,10,gene,87583,88560,-,Verified,977,False,88566.0,88866.0,88066.0,88566.0,87462,88566.0,88566.0,87462.0,88566.0,87462.0
YJL179W,PFD1,10,gene,88787,89116,+,Verified,329,False,88439.0,88739.0,88739.0,89239.0,88739,89250.0,88739.0,89250.0,88739.0,89250.0
YJL178C,ATG27,10,gene,89282,90097,-,Verified,815,False,90136.0,90436.0,89636.0,90136.0,89160,90136.0,90136.0,89160.0,90136.0,89160.0
YJL177W,RPL17B,10,gene,90786,91657,+,Verified,871,False,90466.0,90766.0,90766.0,91266.0,90766,91776.0,90766.0,91776.0,90766.0,91776.0
YJL176C,SWI3,10,gene,92053,94530,-,Verified,2477,False,94594.0,94894.0,94094.0,94594.0,91827,94594.0,94594.0,91827.0,94594.0,91827.0
YJL174W,KRE9,10,gene,95092,95922,+,Verified,830,False,94678.0,94978.0,94978.0,95478.0,94978,96166.0,94978.0,96166.0,94978.0,96166.0
YJL173C,RFA3,10,gene,96161,96529,-,Verified,368,False,96561.0,96861.0,96061.0,96561.0,96085,96561.0,96561.0,96085.0,96561.0,96085.0
YJL172W,CPS1,10,gene,97737,99467,+,Verified,1730,False,97399.0,97699.0,97699.0,98199.0,97699,99609.0,97699.0,99609.0,97699.0,99609.0
YJL171C,YJL171C,10,gene,99704,100894,-,Verified,1190,False,100933.0,101233.0,100433.0,100933.0,99505,100933.0,100933.0,99505.0,100933.0,99505.0
YJL170C,ASG7,10,gene,101150,101779,-,Verified,629,False,101888.0,102188.0,101388.0,101888.0,101124,101888.0,101888.0,101124.0,101888.0,101124.0
YJL168C,SET2,10,gene,102227,104428,-,Verified,2201,False,104522.0,104822.0,104022.0,104522.0,102032,104522.0,104522.0,102032.0,104522.0,102032.0
YJL167W,ERG20,10,gene,105014,106072,+,Verified,1058,False,104659.0,104959.0,104959.0,105459.0,104959,106166.0,104959.0,106166.0,104959.0,106166.0
YJL166W,QCR8,10,gene,106434,106718,+,Verified,284,False,106033.0,106333.0,106333.0,106833.0,106333,106888.0,106333.0,106888.0,106333.0,106888.0
YJL165C,HAL5,10,gene,106894,109461,-,Verified,2567,False,109627.0,109927.0,109127.0,109627.0,106863,109627.0,109627.0,106863.0,109627.0,106863.0
YJL164C,TPK1,10,gene,109966,111159,-,Verified,1193,False,111379.0,111679.0,110879.0,111379.0,109855,111379.0,111379.0,109855.0,111379.0,109855.0
YJL163C,YJL163C,10,gene,111666,113333,-,Uncharacterized,1667,,113333.0,113633.0,112833.0,113333.0,111666,113333.0,,,113333.0,111666.0
YJL162C,JJJ2,10,gene,113878,115629,-,Verified,1751,False,115686.0,115986.0,115186.0,115686.0,113713,115686.0,115686.0,113713.0,115686.0,113713.0
YJL161W,FMP33,10,gene,117245,117787,+,Uncharacterized,542,False,116957.0,117257.0,117257.0,117757.0,117257,117942.0,117257.0,117942.0,117257.0,117942.0
YJL160C,YJL160C,10,gene,117962,118825,-,Uncharacterized,863,False,119133.0,119433.0,118633.0,119133.0,117844,119133.0,119133.0,117844.0,119133.0,117844.0
YJL159W,HSP150,10,gene,120449,121690,+,Verified,1241,False,120096.0,120396.0,120396.0,120896.0,120396,121993.0,120396.0,121993.0,120396.0,121993.0
YJL158C,CIS3,10,gene,122265,122948,-,Verified,683,False,122991.0,123291.0,122491.0,122991.0,122196,122991.0,122991.0,122196.0,122991.0,122196.0
YJL157C,FAR1,10,gene,123836,126328,-,Verified,2492,False,126375.0,126675.0,125875.0,126375.0,123680,126375.0,126375.0,123680.0,126375.0,123680.0
YJL156C,SSY5,10,gene,126853,128952,-,Verified,2099,False,129009.0,129309.0,128509.0,129009.0,126692,129009.0,129009.0,126692.0,129009.0,126692.0
YJL155C,FBP26,10,gene,129285,130643,-,Verified,1358,False,130772.0,131072.0,130272.0,130772.0,129128,130772.0,130772.0,129128.0,130772.0,129128.0
YJL154C,VPS35,10,gene,131101,133935,-,Verified,2834,False,133967.0,134267.0,133467.0,133967.0,131046,133967.0,133967.0,131046.0,133967.0,131046.0
YJL153C,INO1,10,gene,134332,135933,-,Verified,1601,,135933.0,136233.0,135433.0,135933.0,134332,135933.0,,,135933.0,134332.0
YJL151C,SNA3,10,gene,136372,136773,-,Verified,401,False,136807.0,137107.0,136307.0,136807.0,136307,136807.0,136807.0,136307.0,136807.0,136307.0
YJL149W,DAS1,10,gene,137379,139370,+,Verified,1991,False,137035.0,137335.0,137335.0,137835.0,137335,139429.0,137335.0,139429.0,137335.0,139429.0
YJL148W,RPA34,10,gene,140437,141138,+,Verified,701,False,140066.0,140366.0,140366.0,140866.0,140366,141343.0,140366.0,141343.0,140366.0,141343.0
YJL147C,YJL147C,10,gene,141419,142567,-,Uncharacterized,1148,False,142635.0,142935.0,142135.0,142635.0,141419,142635.0,142635.0,,142635.0,141419.0
YJL146W,IDS2,10,gene,143292,144701,+,Verified,1409,False,142911.0,143211.0,143211.0,143711.0,143211,144939.0,143211.0,144939.0,143211.0,144939.0
YJL145W,SFH5,10,gene,145160,146044,+,Verified,884,False,144767.0,145067.0,145067.0,145567.0,145067,146158.0,145067.0,146158.0,145067.0,146158.0
YJL144W,YJL144W,10,gene,146359,146673,+,Uncharacterized,314,False,146027.0,146327.0,146327.0,146827.0,146327,146902.0,146327.0,146902.0,146327.0,146902.0
YJL143W,TIM17,10,gene,147101,147577,+,Verified,476,False,146772.0,147072.0,147072.0,147572.0,147072,147779.0,147072.0,147779.0,147072.0,147779.0
YJL141C,YAK1,10,gene,147967,150390,-,Verified,2423,False,150488.0,150788.0,149988.0,150488.0,147814,150488.0,150488.0,147814.0,150488.0,147814.0
YJL140W,RPB4,10,gene,150961,151626,+,Verified,665,False,150568.0,150868.0,150868.0,151368.0,150868,151677.0,150868.0,151677.0,150868.0,151677.0
YJL139C,YUR1,10,gene,151713,152999,-,Verified,1286,False,153126.0,153426.0,152626.0,153126.0,151605,153126.0,153126.0,151605.0,153126.0,151605.0
YJL138C,TIF2,10,gene,153504,154691,-,Verified,1187,False,154743.0,155043.0,154243.0,154743.0,153301,154743.0,154743.0,153301.0,154743.0,153301.0
YJL137C,GLG2,10,gene,154985,156127,-,Verified,1142,False,156236.0,156536.0,155736.0,156236.0,154863,156236.0,156236.0,154863.0,156236.0,154863.0
YJL136W-A,YJL136W-A,10,gene,156169,156252,+,Uncharacterized,83,,155869.0,156169.0,156169.0,156669.0,156169,156252.0,,,156169.0,156252.0
YJL136C,RPS21B,10,gene,156550,157273,-,Verified,723,False,157297.0,157597.0,156797.0,157297.0,156412,157297.0,157297.0,156412.0,157297.0,156412.0
YJL134W,LCB3,10,gene,158188,159417,+,Verified,1229,False,157858.0,158158.0,158158.0,158658.0,158158,159508.0,158158.0,159508.0,158158.0,159508.0
YJL133C-A,YJL133C-A,10,gene,159623,159847,-,Uncharacterized,224,False,159877.0,160177.0,159377.0,159877.0,159456,159877.0,159877.0,159456.0,159877.0,159456.0
YJL133W,MRS3,10,gene,160619,161563,+,Verified,944,False,160159.0,160459.0,160459.0,160959.0,160459,161704.0,160459.0,161704.0,160459.0,161704.0
YJL132W,YJL132W,10,gene,161914,164166,+,Uncharacterized,2252,,161614.0,161914.0,161914.0,162414.0,161914,164166.0,,,161914.0,164166.0
YJL131C,AIM23,10,gene,164278,165348,-,Verified,1070,False,165395.0,165695.0,164895.0,165395.0,164177,165395.0,165395.0,164177.0,165395.0,164177.0
YJL130C,URA2,10,gene,165723,172752,-,Verified,7029,False,173026.0,173326.0,172526.0,173026.0,165624,173026.0,173026.0,165624.0,173026.0,165624.0
YJL129C,TRK1,10,gene,173599,177306,-,Verified,3707,False,177598.0,177898.0,177098.0,177598.0,173536,177598.0,177598.0,173536.0,177598.0,173536.0
YJL128C,PBS2,10,gene,178097,180103,-,Verified,2006,False,180325.0,180625.0,179825.0,180325.0,177957,180325.0,180325.0,177957.0,180325.0,177957.0
YJL127C-B,YJL127C-B,10,gene,181551,181709,-,Uncharacterized,158,False,181809.0,182109.0,181309.0,181809.0,181290,181809.0,181809.0,181290.0,181809.0,181290.0
YJL127C,SPT10,10,gene,182298,184220,-,Verified,1922,False,184289.0,184589.0,183789.0,184289.0,182298,184289.0,184289.0,,184289.0,182298.0
YJL126W,NIT2,10,gene,184501,185424,+,Verified,923,False,184195.0,184495.0,184495.0,184995.0,184495,185558.0,184495.0,185558.0,184495.0,185558.0
YJL125C,GCD14,10,gene,185528,186679,-,Verified,1151,False,186732.0,187032.0,186232.0,186732.0,185433,186732.0,186732.0,185433.0,186732.0,185433.0
YJL124C,LSM1,10,gene,187126,187644,-,Verified,518,False,187811.0,188111.0,187311.0,187811.0,186907,187811.0,187811.0,186907.0,187811.0,186907.0
YJL123C,MTC1,10,gene,188004,189440,-,Verified,1436,False,189449.0,189749.0,188949.0,189449.0,187888,189449.0,189449.0,187888.0,189449.0,187888.0
YJL122W,ALB1,10,gene,189716,190243,+,Verified,527,False,189414.0,189714.0,189714.0,190214.0,189714,190399.0,189714.0,190399.0,189714.0,190399.0
YJL121C,RPE1,10,gene,190374,191090,-,Verified,716,False,191103.0,191403.0,190603.0,191103.0,190304,191103.0,191103.0,190304.0,191103.0,190304.0
YJL118W,YJL118W,10,gene,191639,192298,+,Verified,659,False,191385.0,191685.0,191685.0,192185.0,191685,192402.0,191685.0,192402.0,191685.0,192402.0
YJL117W,PHO86,10,gene,192531,193466,+,Verified,935,False,192182.0,192482.0,192482.0,192982.0,192482,193629.0,192482.0,193629.0,192482.0,193629.0
YJL116C,NCA3,10,gene,193860,194873,-,Verified,1013,False,195087.0,195387.0,194587.0,195087.0,193545,195087.0,195087.0,193545.0,195087.0,193545.0
YJL115W,ASF1,10,gene,196287,197126,+,Verified,839,False,195912.0,196212.0,196212.0,196712.0,196212,197208.0,196212.0,197208.0,196212.0,197208.0
YJL112W,MDV1,10,gene,205305,207449,+,Verified,2144,False,204958.0,205258.0,205258.0,205758.0,205258,207586.0,205258.0,207586.0,205258.0,207586.0
YJL111W,CCT7,10,gene,207877,209529,+,Verified,1652,False,207527.0,207827.0,207827.0,208327.0,207827,209697.0,207827.0,209697.0,207827.0,209697.0
YJL110C,GZF3,10,gene,209922,211577,-,Verified,1655,False,211667.0,211967.0,211167.0,211667.0,209912,211667.0,211667.0,209912.0,211667.0,209912.0
YJL109C,UTP10,10,gene,212000,217309,-,Verified,5309,False,217342.0,217642.0,216842.0,217342.0,211942,217342.0,217342.0,211942.0,217342.0,211942.0
YJL108C,PRM10,10,gene,217705,218856,-,Verified,1151,,218856.0,219156.0,218356.0,218856.0,217705,218856.0,,,218856.0,217705.0
YJL107C,YJL107C,10,gene,218853,220016,-,Uncharacterized,1163,False,220137.0,220437.0,219637.0,220137.0,218853,220137.0,220137.0,,220137.0,218853.0
YJL106W,IME2,10,gene,221390,223327,+,Verified,1937,,221090.0,221390.0,221390.0,221890.0,221390,223327.0,,,221390.0,223327.0
YJL105W,SET4,10,gene,225055,226737,+,Verified,1682,False,223434.0,223734.0,223734.0,224234.0,223734,226737.0,223734.0,,223734.0,226737.0
YJL104W,PAM16,10,gene,227327,227776,+,Verified,449,False,227006.0,227306.0,227306.0,227806.0,227306,227947.0,227306.0,227947.0,227306.0,227947.0
YJL103C,GSM1,10,gene,229025,230881,-,Uncharacterized,1856,False,231052.0,231352.0,230552.0,231052.0,228824,231052.0,231052.0,228824.0,231052.0,228824.0
YJL102W,MEF2,10,gene,231301,233760,+,Verified,2459,False,230951.0,231251.0,231251.0,231751.0,231251,234012.0,231251.0,234012.0,231251.0,234012.0
YJL101C,GSH1,10,gene,234320,236356,-,Verified,2036,False,236500.0,236800.0,236000.0,236500.0,234178,236500.0,236500.0,234178.0,236500.0,234178.0
YJL100W,LSB6,10,gene,237263,239086,+,Verified,1823,False,236518.0,236818.0,236818.0,237318.0,236818,239168.0,236818.0,239168.0,236818.0,239168.0
YJL099W,CHS6,10,gene,239414,241654,+,Verified,2240,False,239027.0,239327.0,239327.0,239827.0,239327,241742.0,239327.0,241742.0,239327.0,241742.0
YJL098W,SAP185,10,gene,242082,245258,+,Verified,3176,False,241656.0,241956.0,241956.0,242456.0,241956,245331.0,241956.0,245331.0,241956.0,245331.0
YJL097W,PHS1,10,gene,245591,246244,+,Verified,653,False,245248.0,245548.0,245548.0,246048.0,245548,246318.0,245548.0,246318.0,245548.0,246318.0
YJL096W,MRPL49,10,gene,246490,246975,+,Verified,485,False,246150.0,246450.0,246450.0,246950.0,246450,247047.0,246450.0,247047.0,246450.0,247047.0
YJL095W,BCK1,10,gene,247255,251691,+,Verified,4436,False,246850.0,247150.0,247150.0,247650.0,247150,251772.0,247150.0,251772.0,247150.0,251772.0
YJL094C,KHA1,10,gene,251821,254442,-,Verified,2621,False,254488.0,254788.0,253988.0,254488.0,251672,254488.0,254488.0,251672.0,254488.0,251672.0
YJL093C,TOK1,10,gene,254737,256812,-,Verified,2075,False,256762.0,257062.0,256262.0,256762.0,254624,256762.0,256762.0,254624.0,256762.0,254624.0
YJL092W,SRS2,10,gene,257423,260947,+,Verified,3524,False,256943.0,257243.0,257243.0,257743.0,257243,261079.0,257243.0,261079.0,257243.0,261079.0
YJL091C,GWT1,10,gene,261080,262552,-,Verified,1472,False,262553.0,262853.0,262053.0,262553.0,260918,262553.0,262553.0,260918.0,262553.0,260918.0
YJL090C,DPB11,10,gene,262757,265051,-,Verified,2294,False,265107.0,265407.0,264607.0,265107.0,262681,265107.0,265107.0,262681.0,265107.0,262681.0
YJL089W,SIP4,10,gene,265926,268415,+,Verified,2489,False,265471.0,265771.0,265771.0,266271.0,265771,268716.0,265771.0,268716.0,265771.0,268716.0
YJL088W,ARG3,10,gene,268799,269815,+,Verified,1016,False,268478.0,268778.0,268778.0,269278.0,268778,269922.0,268778.0,269922.0,268778.0,269922.0
YJL087C,TRL1,10,gene,270002,272485,-,Verified,2483,False,272611.0,272911.0,272111.0,272611.0,269781,272611.0,272611.0,269781.0,272611.0,269781.0
YJL085W,EXO70,10,gene,272827,274698,+,Verified,1871,False,272448.0,272748.0,272748.0,273248.0,272748,274818.0,272748.0,274818.0,272748.0,274818.0
YJL084C,ALY2,10,gene,274862,278002,-,Verified,3140,False,278116.0,278416.0,277616.0,278116.0,274732,278116.0,278116.0,274732.0,278116.0,274732.0
YJL083W,TAX4,10,gene,278841,280655,+,Verified,1814,,278541.0,278841.0,278841.0,279341.0,278841,280655.0,,,278841.0,280655.0
YJL082W,IML2,10,gene,281185,283380,+,Verified,2195,False,280768.0,281068.0,281068.0,281568.0,281068,283599.0,281068.0,283599.0,281068.0,283599.0
YJL081C,ARP4,10,gene,283802,285271,-,Verified,1469,False,285298.0,285598.0,284798.0,285298.0,283655,285298.0,285298.0,283655.0,285298.0,283655.0
YJL080C,SCP160,10,gene,285558,289226,-,Verified,3668,False,289417.0,289717.0,288917.0,289417.0,285450,289417.0,289417.0,285450.0,289417.0,285450.0
YJL079C,PRY1,10,gene,289875,290774,-,Verified,899,False,290939.0,291239.0,290439.0,290939.0,289692,290939.0,290939.0,289692.0,290939.0,289692.0
YJL078C,PRY3,10,gene,291336,293981,-,Verified,2645,False,294055.0,294355.0,293555.0,294055.0,291031,294055.0,294055.0,291031.0,294055.0,291031.0
YJL077W-B,YJL077W-B,10,gene,294047,294145,+,Uncharacterized,98,,293747.0,294047.0,294047.0,294547.0,294047,294145.0,,,294047.0,294145.0
YJL077C,ICS3,10,gene,294666,295061,-,Verified,395,,295061.0,295361.0,294561.0,295061.0,294666,295061.0,,,295061.0,294666.0
YJL076W,NET1,10,gene,295245,298814,+,Verified,3569,False,294909.0,295209.0,295209.0,295709.0,295209,298911.0,295209.0,298911.0,295209.0,298911.0
YJL074C,SMC3,10,gene,299157,302849,-,Verified,3692,False,302873.0,303173.0,302373.0,302873.0,299072,302873.0,302873.0,299072.0,302873.0,299072.0
YJL073W,JEM1,10,gene,303181,305118,+,Verified,1937,False,302955.0,303255.0,303255.0,303755.0,303255,305223.0,303255.0,305223.0,303255.0,305223.0
YJL072C,PSF2,10,gene,305221,305862,-,Verified,641,False,305900.0,306200.0,305400.0,305900.0,305080,305900.0,305900.0,305080.0,305900.0,305080.0
YJL071W,ARG2,10,gene,306132,307856,+,Verified,1724,False,305748.0,306048.0,306048.0,306548.0,306048,307963.0,306048.0,307963.0,306048.0,307963.0
YJL070C,YJL070C,10,gene,307971,310637,-,Uncharacterized,2666,False,310650.0,310950.0,310150.0,310650.0,307898,310650.0,310650.0,307898.0,310650.0,307898.0
YJL069C,UTP18,10,gene,310922,312706,-,Verified,1784,False,312748.0,313048.0,312248.0,312748.0,310834,312748.0,312748.0,310834.0,312748.0,310834.0
YJL068C,YJL068C,10,gene,313016,313915,-,Verified,899,False,313933.0,314233.0,313433.0,313933.0,312914,313933.0,313933.0,312914.0,313933.0,312914.0
YJL066C,MPM1,10,gene,314114,314872,-,Verified,758,False,314911.0,315211.0,314411.0,314911.0,313901,314911.0,314911.0,313901.0,314911.0,313901.0
YJL065C,DLS1,10,gene,315054,315557,-,Verified,503,False,315592.0,315892.0,315092.0,315592.0,314940,315592.0,315592.0,314940.0,315592.0,314940.0
YJL063C,MRPL8,10,gene,315759,316475,-,Verified,716,False,316515.0,316815.0,316015.0,316515.0,315681,316515.0,316515.0,315681.0,316515.0,315681.0
YJL062W-A,COA3,10,gene,316723,316980,+,Verified,257,False,316401.0,316701.0,316701.0,317201.0,316701,317178.0,316701.0,317178.0,316701.0,317178.0
YJL062W,LAS21,10,gene,317284,319776,+,Verified,2492,False,316960.0,317260.0,317260.0,317760.0,317260,319870.0,317260.0,319870.0,317260.0,319870.0
YJL061W,NUP82,10,gene,320016,322157,+,Verified,2141,False,319677.0,319977.0,319977.0,320477.0,319977,322304.0,319977.0,322304.0,319977.0,322304.0
YJL060W,BNA3,10,gene,323386,324720,+,Verified,1334,False,323061.0,323361.0,323361.0,323861.0,323361,324803.0,323361.0,324803.0,323361.0,324803.0
YJL059W,YHC3,10,gene,324964,326190,+,Verified,1226,False,324638.0,324938.0,324938.0,325438.0,324938,326281.0,324938.0,326281.0,324938.0,326281.0
YJL058C,BIT61,10,gene,326242,327873,-,Verified,1631,False,327933.0,328233.0,327433.0,327933.0,326180,327933.0,327933.0,326180.0,327933.0,326180.0
YJL057C,IKS1,10,gene,328118,330121,-,Verified,2003,False,330236.0,330536.0,329736.0,330236.0,328058,330236.0,330236.0,328058.0,330236.0,328058.0
YJL056C,ZAP1,10,gene,330431,333073,-,Verified,2642,False,333171.0,333471.0,332671.0,333171.0,330259,333171.0,333171.0,330259.0,333171.0,330259.0
YJL055W,YJL055W,10,gene,333357,334094,+,Uncharacterized,737,False,333044.0,333344.0,333344.0,333844.0,333344,334164.0,333344.0,334164.0,333344.0,334164.0
YJL054W,TIM54,10,gene,334265,335701,+,Verified,1436,False,333958.0,334258.0,334258.0,334758.0,334258,335787.0,334258.0,335787.0,334258.0,335787.0
YJL053W,PEP8,10,gene,335898,337037,+,Verified,1139,False,335556.0,335856.0,335856.0,336356.0,335856,337228.0,335856.0,337228.0,335856.0,337228.0
YJL052C-A,YJL052C-A,10,gene,337884,338003,-,Uncharacterized,119,,338003.0,338303.0,337503.0,338003.0,337884,338003.0,,,338003.0,337884.0
YJL052W,TDH1,10,gene,338271,339269,+,Verified,998,False,337898.0,338198.0,338198.0,338698.0,338198,339420.0,338198.0,339420.0,338198.0,339420.0
YJL051W,IRC8,10,gene,339787,342255,+,Verified,2468,False,339413.0,339713.0,339713.0,340213.0,339713,342346.0,339713.0,342346.0,339713.0,342346.0
YJL050W,MTR4,10,gene,342522,345743,+,Verified,3221,False,342175.0,342475.0,342475.0,342975.0,342475,345803.0,342475.0,345803.0,342475.0,345803.0
YJL049W,YJL049W,10,gene,345973,347325,+,Uncharacterized,1352,False,345647.0,345947.0,345947.0,346447.0,345947,347403.0,345947.0,347403.0,345947.0,347403.0
YJL048C,UBX6,10,gene,347447,348637,-,Verified,1190,False,348881.0,349181.0,348381.0,348881.0,347305,348881.0,348881.0,347305.0,348881.0,347305.0
YJL047C-A,YJL047C-A,10,gene,349044,349178,-,Uncharacterized,134,False,349368.0,349668.0,348868.0,349368.0,348695,349368.0,349368.0,348695.0,349368.0,348695.0
YJL047C,RTT101,10,gene,349580,352108,-,Verified,2528,False,352229.0,352529.0,351729.0,352229.0,349303,352229.0,352229.0,349303.0,352229.0,349303.0
YJL046W,AIM22,10,gene,352386,353615,+,Verified,1229,False,352060.0,352360.0,352360.0,352860.0,352360,353865.0,352360.0,353865.0,352360.0,353865.0
YJL045W,YJL045W,10,gene,356024,357928,+,Verified,1904,,355724.0,356024.0,356024.0,356524.0,356024,357928.0,,,356024.0,357928.0
YJL044C,GYP6,10,gene,358300,359676,-,Verified,1376,False,359714.0,360014.0,359214.0,359714.0,358040,359714.0,359714.0,358040.0,359714.0,358040.0
YJL043W,YJL043W,10,gene,360130,360903,+,Uncharacterized,773,False,359698.0,359998.0,359998.0,360498.0,359998,360903.0,359998.0,,359998.0,360903.0
YJL042W,MHP1,10,gene,361249,365445,+,Verified,4196,False,360882.0,361182.0,361182.0,361682.0,361182,365601.0,361182.0,365601.0,361182.0,365601.0
YJL041W,NSP1,10,gene,365784,368373,+,Verified,2589,False,365427.0,365727.0,365727.0,366227.0,365727,368503.0,365727.0,368503.0,365727.0,368503.0
YJL039C,NUP192,10,gene,368748,373799,-,Verified,5051,False,373957.0,374257.0,373457.0,373957.0,368412,373957.0,373957.0,368412.0,373957.0,368412.0
YJL038C,LOH1,10,gene,375115,375774,-,Verified,659,False,376094.0,376394.0,375594.0,376094.0,374973,376094.0,376094.0,374973.0,376094.0,374973.0
YJL037W,IRC18,10,gene,376662,377336,+,Verified,674,,376362.0,376662.0,376662.0,377162.0,376662,377336.0,,,376662.0,377336.0
YJL036W,SNX4,10,gene,378825,380096,+,Verified,1271,False,378407.0,378707.0,378707.0,379207.0,378707,380303.0,378707.0,380303.0,378707.0,380303.0
YJL035C,TAD2,10,gene,380249,381001,-,Verified,752,False,381055.0,381355.0,380555.0,381055.0,380156,381055.0,381055.0,380156.0,381055.0,380156.0
YJL034W,KAR2,10,gene,381327,383375,+,Verified,2048,False,380990.0,381290.0,381290.0,381790.0,381290,383572.0,381290.0,383572.0,381290.0,383572.0
YJL033W,HCA4,10,gene,383837,386149,+,Verified,2312,False,383512.0,383812.0,383812.0,384312.0,383812,386231.0,383812.0,386231.0,383812.0,386231.0
YJL031C,BET4,10,gene,386368,387438,-,Verified,1070,False,387500.0,387800.0,387000.0,387500.0,386265,387500.0,387500.0,386265.0,387500.0,386265.0
YJL030W,MAD2,10,gene,387657,388247,+,Verified,590,False,387335.0,387635.0,387635.0,388135.0,387635,388387.0,387635.0,388387.0,387635.0,388387.0
YJL029C,VPS53,10,gene,388385,390853,-,Verified,2468,False,390855.0,391155.0,390355.0,390855.0,388286,390855.0,390855.0,388286.0,390855.0,388286.0
YJL028W,YJL028W,10,gene,391311,391646,+,Verified,335,,391011.0,391311.0,391311.0,391811.0,391311,391646.0,,,391311.0,391646.0
YJL027C,YJL027C,10,gene,391833,392249,-,Uncharacterized,416,,392249.0,392549.0,391749.0,392249.0,391833,392249.0,,,392249.0,391833.0
YJL026W,RNR2,10,gene,392404,393603,+,Verified,1199,False,392055.0,392355.0,392355.0,392855.0,392355,393745.0,392355.0,393745.0,392355.0,393745.0
YJL025W,RRN7,10,gene,393967,395511,+,Verified,1544,False,393590.0,393890.0,393890.0,394390.0,393890,395674.0,393890.0,395674.0,393890.0,395674.0
YJL024C,APS3,10,gene,395931,396592,-,Verified,661,False,396635.0,396935.0,396135.0,396635.0,395699,396635.0,396635.0,395699.0,396635.0,395699.0
YJL023C,PET130,10,gene,397355,398398,-,Verified,1043,False,398391.0,398691.0,397891.0,398391.0,397261,398391.0,398391.0,397261.0,398391.0,397261.0
YJL020C,BBC1,10,gene,398937,402410,-,Verified,3473,False,402490.0,402790.0,401990.0,402490.0,398789,402490.0,402490.0,398789.0,402490.0,398789.0
YJL019W,MPS3,10,gene,402897,404945,+,Verified,2048,False,402498.0,402798.0,402798.0,403298.0,402798,404945.0,402798.0,,402798.0,404945.0
YJL016W,YJL016W,10,gene,405588,407273,+,Uncharacterized,1685,False,405015.0,405315.0,405315.0,405815.0,405315,407415.0,405315.0,407415.0,405315.0,407415.0
YJL014W,CCT3,10,gene,407558,409162,+,Verified,1604,False,407197.0,407497.0,407497.0,407997.0,407497,409284.0,407497.0,409284.0,407497.0,409284.0
YJL013C,MAD3,10,gene,409493,411040,-,Verified,1547,False,411033.0,411333.0,410533.0,411033.0,409373,411033.0,411033.0,409373.0,411033.0,409373.0
YJL012C,VTC4,10,gene,411234,413399,-,Verified,2165,False,413431.0,413731.0,412931.0,413431.0,411164,413431.0,413431.0,411164.0,413431.0,411164.0
YJL011C,RPC17,10,gene,414285,414770,-,Verified,485,False,414811.0,415111.0,414311.0,414811.0,414138,414811.0,414811.0,414138.0,414811.0,414138.0
YJL010C,NOP9,10,gene,417562,419562,-,Verified,2000,False,419614.0,419914.0,419114.0,419614.0,417484,419614.0,419614.0,417484.0,419614.0,417484.0
YJL008C,CCT8,10,gene,419957,421663,-,Verified,1706,False,421690.0,421990.0,421190.0,421690.0,419803,421690.0,421690.0,419803.0,421690.0,419803.0
YJL006C,CTK2,10,gene,423138,424109,-,Verified,971,False,424148.0,424448.0,423648.0,424148.0,423082,424148.0,424148.0,423082.0,424148.0,423082.0
YJL005W,CYR1,10,gene,425157,431237,+,Verified,6080,False,424718.0,425018.0,425018.0,425518.0,425018,431379.0,425018.0,431379.0,425018.0,431379.0
YJL004C,SYS1,10,gene,431589,432200,-,Verified,611,False,432229.0,432529.0,431729.0,432229.0,431308,432229.0,432229.0,431308.0,432229.0,431308.0
YJL003W,COX16,10,gene,432644,433000,+,Verified,356,False,432298.0,432598.0,432598.0,433098.0,432598,433193.0,432598.0,433193.0,432598.0,433193.0
YJL002C,OST1,10,gene,433221,434651,-,Verified,1430,False,434708.0,435008.0,434208.0,434708.0,433127,434708.0,434708.0,433127.0,434708.0,433127.0
YJL001W,PRE3,10,gene,435163,435926,+,Verified,763,False,434804.0,435104.0,435104.0,435604.0,435104,436041.0,435104.0,436041.0,435104.0,436041.0
YJR001W,AVT1,10,gene,436802,438610,+,Verified,1808,False,436447.0,436747.0,436747.0,437247.0,436747,438742.0,436747.0,438742.0,436747.0,438742.0
YJR002W,MPP10,10,gene,438865,440646,+,Verified,1781,False,438551.0,438851.0,438851.0,439351.0,438851,440698.0,438851.0,440698.0,438851.0,440698.0
YJR003C,YJR003C,10,gene,440994,442553,-,Uncharacterized,1559,False,442549.0,442849.0,442049.0,442549.0,440908,442549.0,442549.0,440908.0,442549.0,440908.0
YJR004C,SAG1,10,gene,442909,444861,-,Verified,1952,False,445669.0,445969.0,445169.0,445669.0,442767,445669.0,445669.0,442767.0,445669.0,442767.0
YJR005W,APL1,10,gene,445923,448025,+,Verified,2102,False,445567.0,445867.0,445867.0,446367.0,445867,448315.0,445867.0,448315.0,445867.0,448315.0
YJR005C-A,YJR005C-A,10,gene,448477,448758,-,Uncharacterized,281,False,448931.0,449231.0,448431.0,448931.0,448477,448931.0,448931.0,,448931.0,448477.0
YJR006W,POL31,10,gene,449202,450665,+,Verified,1463,False,448895.0,449195.0,449195.0,449695.0,449195,450770.0,449195.0,450770.0,449195.0,450770.0
YJR007W,SUI2,10,gene,451020,451934,+,Verified,914,False,450624.0,450924.0,450924.0,451424.0,450924,452102.0,450924.0,452102.0,450924.0,452102.0
YJR008W,YJR008W,10,gene,452430,453446,+,Uncharacterized,1016,False,452018.0,452318.0,452318.0,452818.0,452318,453661.0,452318.0,453661.0,452318.0,453661.0
YJR009C,TDH2,10,gene,453683,454681,-,Verified,998,False,454730.0,455030.0,454230.0,454730.0,453546,454730.0,454730.0,453546.0,454730.0,453546.0
YJR010W,MET3,10,gene,456239,457774,+,Verified,1535,False,455737.0,456037.0,456037.0,456537.0,456037,458129.0,456037.0,458129.0,456037.0,458129.0
YJR010C-A,SPC1,10,gene,458077,458361,-,Verified,284,False,458407.0,458707.0,457907.0,458407.0,457836,458407.0,458407.0,457836.0,458407.0,457836.0
YJR011C,YJR011C,10,gene,458641,459426,-,Uncharacterized,785,False,459472.0,459772.0,458972.0,459472.0,458556,459472.0,459472.0,458556.0,459472.0,458556.0
YJR012C,YJR012C,10,gene,459795,460418,-,Uncharacterized,623,False,460214.0,460514.0,459714.0,460214.0,459666,460214.0,460214.0,459666.0,460214.0,459666.0
YJR013W,GPI14,10,gene,460382,461593,+,Verified,1211,False,460043.0,460343.0,460343.0,460843.0,460343,461661.0,460343.0,461661.0,460343.0,461661.0
YJR014W,TMA22,10,gene,461829,462425,+,Verified,596,False,461483.0,461783.0,461783.0,462283.0,461783,462526.0,461783.0,462526.0,461783.0,462526.0
YJR015W,YJR015W,10,gene,462721,464253,+,Uncharacterized,1532,False,462416.0,462716.0,462716.0,463216.0,462716,464388.0,462716.0,464388.0,462716.0,464388.0
YJR016C,ILV3,10,gene,464451,466208,-,Verified,1757,False,466224.0,466524.0,465724.0,466224.0,464289,466224.0,466224.0,464289.0,466224.0,464289.0
YJR017C,ESS1,10,gene,466521,467033,-,Verified,512,False,467056.0,467356.0,466556.0,467056.0,466287,467056.0,467056.0,466287.0,467056.0,466287.0
YJR019C,TES1,10,gene,467232,468281,-,Verified,1049,,468281.0,468581.0,467781.0,468281.0,467232,468281.0,,,468281.0,467232.0
YJR021C,REC107,10,gene,468555,469579,-,Verified,1024,False,469606.0,469906.0,469106.0,469606.0,468458,469606.0,469606.0,468458.0,469606.0,468458.0
YJR022W,LSM8,10,gene,469784,470113,+,Verified,329,False,469457.0,469757.0,469757.0,470257.0,469757,470240.0,469757.0,470240.0,469757.0,470240.0
YJR024C,MDE1,10,gene,470230,470964,-,Verified,734,False,470976.0,471276.0,470476.0,470976.0,470154,470976.0,470976.0,470154.0,470976.0,470154.0
YJR025C,BNA1,10,gene,471138,471671,-,Verified,533,False,471707.0,472007.0,471207.0,471707.0,470987,471707.0,471707.0,470987.0,471707.0,470987.0
YJR030C,YJR030C,10,gene,483959,486196,-,Uncharacterized,2237,False,486253.0,486553.0,485753.0,486253.0,483812,486253.0,486253.0,483812.0,486253.0,483812.0
YJR031C,GEA1,10,gene,486586,490812,-,Verified,4226,False,490889.0,491189.0,490389.0,490889.0,486446,490889.0,490889.0,486446.0,490889.0,486446.0
YJR032W,CPR7,10,gene,491081,492262,+,Verified,1181,False,490770.0,491070.0,491070.0,491570.0,491070,492384.0,491070.0,492384.0,491070.0,492384.0
YJR033C,RAV1,10,gene,492378,496451,-,Verified,4073,False,496480.0,496780.0,495980.0,496480.0,492326,496480.0,496480.0,492326.0,496480.0,492326.0
YJR034W,PET191,10,gene,496683,497009,+,Verified,326,False,496320.0,496620.0,496620.0,497120.0,496620,497071.0,496620.0,497071.0,496620.0,497071.0
YJR035W,RAD26,10,gene,497355,500612,+,Verified,3257,False,497023.0,497323.0,497323.0,497823.0,497323,500762.0,497323.0,500762.0,497323.0,500762.0
YJR036C,HUL4,10,gene,500713,503391,-,Verified,2678,False,503563.0,503863.0,503063.0,503563.0,500601,503563.0,503563.0,500601.0,503563.0,500601.0
YJR039W,YJR039W,10,gene,503936,507301,+,Uncharacterized,3365,False,503645.0,503945.0,503945.0,504445.0,503945,507348.0,503945.0,507348.0,503945.0,507348.0
YJR040W,GEF1,10,gene,507746,510085,+,Verified,2339,False,507392.0,507692.0,507692.0,508192.0,507692,510152.0,507692.0,510152.0,507692.0,510152.0
YJR041C,URB2,10,gene,510239,513763,-,Verified,3524,False,513812.0,514112.0,513312.0,513812.0,510072,513812.0,513812.0,510072.0,513812.0,510072.0
YJR042W,NUP85,10,gene,514055,516289,+,Verified,2234,False,513733.0,514033.0,514033.0,514533.0,514033,516375.0,514033.0,516375.0,514033.0,516375.0
YJR043C,POL32,10,gene,516461,517513,-,Verified,1052,False,517555.0,517855.0,517055.0,517555.0,516336,517555.0,517555.0,516336.0,517555.0,516336.0
YJR044C,VPS55,10,gene,518763,519185,-,Verified,422,False,519278.0,519578.0,518778.0,519278.0,518587,519278.0,519278.0,518587.0,519278.0,518587.0
YJR045C,SSC1,10,gene,519638,521602,-,Verified,1964,False,521742.0,522042.0,521242.0,521742.0,519420,521742.0,521742.0,519420.0,521742.0,519420.0
YJR046W,TAH11,10,gene,522048,523862,+,Verified,1814,False,521732.0,522032.0,522032.0,522532.0,522032,523905.0,522032.0,523905.0,522032.0,523905.0
YJR047C,ANB1,10,gene,524908,525381,-,Verified,473,False,525432.0,525732.0,524932.0,525432.0,524803,525432.0,525432.0,524803.0,525432.0,524803.0
YJR048W,CYC1,10,gene,526335,526664,+,Verified,329,False,525990.0,526290.0,526290.0,526790.0,526290,526839.0,526290.0,526839.0,526290.0,526839.0
YJR049C,UTR1,10,gene,526884,528476,-,Verified,1592,False,528495.0,528795.0,527995.0,528495.0,526774,528495.0,528495.0,526774.0,528495.0,526774.0
YJR050W,ISY1,10,gene,528697,529404,+,Verified,707,False,528387.0,528687.0,528687.0,529187.0,528687,529673.0,528687.0,529673.0,528687.0,529673.0
YJR051W,OSM1,10,gene,529861,531366,+,Verified,1505,False,529549.0,529849.0,529849.0,530349.0,529849,531450.0,529849.0,531450.0,529849.0,531450.0
YJR052W,RAD7,10,gene,532062,533759,+,Verified,1697,False,531750.0,532050.0,532050.0,532550.0,532050,533815.0,532050.0,533815.0,532050.0,533815.0
YJR053W,BFA1,10,gene,534027,535751,+,Verified,1724,False,533668.0,533968.0,533968.0,534468.0,533968,535751.0,533968.0,,533968.0,535751.0
YJR054W,YJR054W,10,gene,536056,537549,+,Uncharacterized,1493,False,535629.0,535929.0,535929.0,536429.0,535929,537895.0,535929.0,537895.0,535929.0,537895.0
YJR055W,HIT1,10,gene,538772,539266,+,Verified,494,False,538463.0,538763.0,538763.0,539263.0,538763,539266.0,538763.0,,538763.0,539266.0
YJR056C,YJR056C,10,gene,541792,542502,-,Uncharacterized,710,False,542700.0,543000.0,542200.0,542700.0,541669,542700.0,542700.0,541669.0,542700.0,541669.0
YJR057W,CDC8,10,gene,544062,544712,+,Verified,650,False,543753.0,544053.0,544053.0,544553.0,544053,544782.0,544053.0,544782.0,544053.0,544782.0
YJR058C,APS2,10,gene,544732,545175,-,Verified,443,False,545257.0,545557.0,544757.0,545257.0,544687,545257.0,545257.0,544687.0,545257.0,544687.0
YJR059W,PTK2,10,gene,545787,548243,+,Verified,2456,False,545399.0,545699.0,545699.0,546199.0,545699,548450.0,545699.0,548450.0,545699.0,548450.0
YJR060W,CBF1,10,gene,548759,549814,+,Verified,1055,False,548338.0,548638.0,548638.0,549138.0,548638,550024.0,548638.0,550024.0,548638.0,550024.0
YJR061W,YJR061W,10,gene,550511,553318,+,Uncharacterized,2807,,550211.0,550511.0,550511.0,551011.0,550511,553318.0,,,550511.0,553318.0
YJR062C,NTA1,10,gene,553476,554849,-,Verified,1373,False,554867.0,555167.0,554367.0,554867.0,553137,554867.0,554867.0,553137.0,554867.0,553137.0
YJR063W,RPA12,10,gene,555195,555572,+,Verified,377,False,554868.0,555168.0,555168.0,555668.0,555168,555709.0,555168.0,555709.0,555168.0,555709.0
YJR064W,CCT5,10,gene,555914,557602,+,Verified,1688,False,555579.0,555879.0,555879.0,556379.0,555879,557644.0,555879.0,557644.0,555879.0,557644.0
YJR065C,ARP3,10,gene,557809,559158,-,Verified,1349,False,559185.0,559485.0,558685.0,559185.0,557662,559185.0,559185.0,557662.0,559185.0,557662.0
YJR066W,TOR1,10,gene,559416,566828,+,Verified,7412,False,559089.0,559389.0,559389.0,559889.0,559389,566926.0,559389.0,566926.0,559389.0,566926.0
YJR067C,YAE1,10,gene,567019,567444,-,Verified,425,False,567451.0,567751.0,566951.0,567451.0,566911,567451.0,567451.0,566911.0,567451.0,566911.0
YJR068W,RFC2,10,gene,567643,568704,+,Verified,1061,False,567296.0,567596.0,567596.0,568096.0,567596,568778.0,567596.0,568778.0,567596.0,568778.0
YJR069C,HAM1,10,gene,568806,569399,-,Verified,593,False,569433.0,569733.0,568933.0,569433.0,568654,569433.0,569433.0,568654.0,569433.0,568654.0
YJR070C,LIA1,10,gene,569621,570598,-,Verified,977,False,570651.0,570951.0,570151.0,570651.0,569492,570651.0,570651.0,569492.0,570651.0,569492.0
YJR072C,NPA3,10,gene,570967,572124,-,Verified,1157,False,572156.0,572456.0,571656.0,572156.0,570898,572156.0,572156.0,570898.0,572156.0,570898.0
YJR073C,OPI3,10,gene,572315,572935,-,Verified,620,False,572960.0,573260.0,572460.0,572960.0,572233,572960.0,572960.0,572233.0,572960.0,572233.0
YJR074W,MOG1,10,gene,573095,573751,+,Verified,656,False,572878.0,573178.0,573178.0,573678.0,573178,573851.0,573178.0,573851.0,573178.0,573851.0
YJR075W,HOC1,10,gene,573981,575171,+,Verified,1190,False,573633.0,573933.0,573933.0,574433.0,573933,575209.0,573933.0,575209.0,573933.0,575209.0
YJR076C,CDC11,10,gene,575354,576601,-,Verified,1247,False,576638.0,576938.0,576138.0,576638.0,575207,576638.0,576638.0,575207.0,576638.0,575207.0
YJR077C,MIR1,10,gene,577255,578190,-,Verified,935,False,578217.0,578517.0,577717.0,578217.0,577109,578217.0,578217.0,577109.0,578217.0,577109.0
YJR078W,BNA2,10,gene,578860,580221,+,Verified,1361,False,578578.0,578878.0,578878.0,579378.0,578878,580439.0,578878.0,580439.0,578878.0,580439.0
YJR079W,YJR079W,10,gene,580205,581239,+,Uncharacterized,1034,,579905.0,580205.0,580205.0,580705.0,580205,581239.0,,,580205.0,581239.0
YJR080C,AIM24,10,gene,580432,581616,-,Verified,1184,False,581640.0,581940.0,581140.0,581640.0,580290,581640.0,581640.0,580290.0,581640.0,580290.0
YJR082C,EAF6,10,gene,581914,582255,-,Verified,341,False,582363.0,582663.0,581863.0,582363.0,581710,582363.0,582363.0,581710.0,582363.0,581710.0
YJR083C,ACF4,10,gene,582608,583537,-,Verified,929,False,583557.0,583857.0,583057.0,583557.0,582523,583557.0,583557.0,582523.0,583557.0,582523.0
YJR084W,CSN12,10,gene,583733,585004,+,Verified,1271,False,583411.0,583711.0,583711.0,584211.0,583711,585147.0,583711.0,585147.0,583711.0,585147.0
YJR085C,YJR085C,10,gene,585120,585437,-,Uncharacterized,317,False,585451.0,585751.0,584951.0,585451.0,585026,585451.0,585451.0,585026.0,585451.0,585026.0
YJR086W,STE18,10,gene,586068,586400,+,Verified,332,False,585740.0,586040.0,586040.0,586540.0,586040,586447.0,586040.0,586447.0,586040.0,586447.0
YJR088C,EMC2,10,gene,586495,587373,-,Verified,878,False,587424.0,587724.0,586924.0,587424.0,586367,587424.0,587424.0,586367.0,587424.0,586367.0
YJR089W,BIR1,10,gene,587718,590582,+,Verified,2864,False,587345.0,587645.0,587645.0,588145.0,587645,590692.0,587645.0,590692.0,587645.0,590692.0
YJR090C,GRR1,10,gene,590872,594327,-,Verified,3455,False,594620.0,594920.0,594120.0,594620.0,590775,594620.0,594620.0,590775.0,594620.0,590775.0
YJR091C,JSN1,10,gene,595061,598336,-,Verified,3275,False,598364.0,598664.0,597864.0,598364.0,594783,598364.0,598364.0,594783.0,598364.0,594783.0
YJR092W,BUD4,10,gene,598735,603078,+,Verified,4343,False,598385.0,598685.0,598685.0,599185.0,598685,603202.0,598685.0,603202.0,598685.0,603202.0
YJR093C,FIP1,10,gene,603220,604203,-,Verified,983,False,604289.0,604589.0,603789.0,604289.0,603115,604289.0,604289.0,603115.0,604289.0,603115.0
YJR094C,IME1,10,gene,604569,605651,-,Verified,1082,False,605648.0,605948.0,605148.0,605648.0,604569,605648.0,605648.0,,605648.0,604569.0
YJR094W-A,RPL43B,10,gene,608305,608858,+,Verified,553,False,607948.0,608248.0,608248.0,608748.0,608248,608989.0,608248.0,608989.0,608248.0,608989.0
YJR095W,SFC1,10,gene,609773,610741,+,Verified,968,,609473.0,609773.0,609773.0,610273.0,609773,610741.0,,,609773.0,610741.0
YJR096W,YJR096W,10,gene,611195,612043,+,Verified,848,False,610819.0,611119.0,611119.0,611619.0,611119,612146.0,611119.0,612146.0,611119.0,612146.0
YJR097W,JJJ3,10,gene,612413,612931,+,Verified,518,False,612051.0,612351.0,612351.0,612851.0,612351,613091.0,612351.0,613091.0,612351.0,613091.0
YJR098C,YJR098C,10,gene,613186,615156,-,Uncharacterized,1970,False,615254.0,615554.0,614754.0,615254.0,613012,615254.0,615254.0,613012.0,615254.0,613012.0
YJR099W,YUH1,10,gene,615576,616286,+,Verified,710,False,615169.0,615469.0,615469.0,615969.0,615469,616357.0,615469.0,616357.0,615469.0,616357.0
YJR100C,AIM25,10,gene,616351,617334,-,Verified,983,False,617412.0,617712.0,616912.0,617412.0,616280,617412.0,617412.0,616280.0,617412.0,616280.0
YJR101W,RSM26,10,gene,618234,619034,+,Verified,800,False,617897.0,618197.0,618197.0,618697.0,618197,619193.0,618197.0,619193.0,618197.0,619193.0
YJR102C,VPS25,10,gene,619157,619765,-,Verified,608,False,619834.0,620134.0,619334.0,619834.0,619034,619834.0,619834.0,619034.0,619834.0,619034.0
YJR103W,URA8,10,gene,620754,622490,+,Verified,1736,False,620311.0,620611.0,620611.0,621111.0,620611,622546.0,620611.0,622546.0,620611.0,622546.0
YJR104C,SOD1,10,gene,622550,623014,-,Verified,464,False,623058.0,623358.0,622558.0,623058.0,622480,623058.0,623058.0,622480.0,623058.0,622480.0
YJR105W,ADO1,10,gene,623581,624603,+,Verified,1022,False,623239.0,623539.0,623539.0,624039.0,623539,624649.0,623539.0,624649.0,623539.0,624649.0
YJR106W,ECM27,10,gene,624838,627015,+,Verified,2177,False,624401.0,624701.0,624701.0,625201.0,624701,627166.0,624701.0,627166.0,624701.0,627166.0
YJR107W,YJR107W,10,gene,627340,628326,+,Uncharacterized,986,,627040.0,627340.0,627340.0,627840.0,627340,628326.0,,,627340.0,628326.0
YJR108W,ABM1,10,gene,628712,629083,+,Verified,371,False,628573.0,628873.0,628873.0,629373.0,628873,629083.0,628873.0,,628873.0,629083.0
YJR109C,CPA2,10,gene,629585,632941,-,Verified,3356,False,632970.0,633270.0,632470.0,632970.0,629489,632970.0,632970.0,629489.0,632970.0,629489.0
YJR110W,YMR1,10,gene,633615,635681,+,Verified,2066,False,633190.0,633490.0,633490.0,633990.0,633490,635841.0,633490.0,635841.0,633490.0,635841.0
YJR111C,YJR111C,10,gene,635855,636706,-,Uncharacterized,851,False,636831.0,637131.0,636331.0,636831.0,635747,636831.0,636831.0,635747.0,636831.0,635747.0
YJR112W,NNF1,10,gene,637030,637635,+,Verified,605,False,636712.0,637012.0,637012.0,637512.0,637012,637688.0,637012.0,637688.0,637012.0,637688.0
YJR112W-A,YJR112W-A,10,gene,637790,638168,+,Uncharacterized,378,False,637454.0,637754.0,637754.0,638254.0,637754,638262.0,637754.0,638262.0,637754.0,638262.0
YJR113C,RSM7,10,gene,638232,638975,-,Verified,743,False,639028.0,639328.0,638528.0,639028.0,638184,639028.0,639028.0,638184.0,639028.0,638184.0
YJR115W,YJR115W,10,gene,639942,640451,+,Uncharacterized,509,False,639472.0,639772.0,639772.0,640272.0,639772,640745.0,639772.0,640745.0,639772.0,640745.0
YJR116W,YJR116W,10,gene,640825,641664,+,Uncharacterized,839,False,640342.0,640642.0,640642.0,641142.0,640642,641816.0,640642.0,641816.0,640642.0,641816.0
YJR117W,STE24,10,gene,642007,643368,+,Verified,1361,False,641678.0,641978.0,641978.0,642478.0,641978,643483.0,641978.0,643483.0,641978.0,643483.0
YJR118C,ILM1,10,gene,643490,644101,-,Verified,611,False,644145.0,644445.0,643645.0,644145.0,643394,644145.0,644145.0,643394.0,644145.0,643394.0
YJR119C,JHD2,10,gene,644304,646490,-,Verified,2186,False,646590.0,646890.0,646090.0,646590.0,644266,646590.0,646590.0,644266.0,646590.0,644266.0
YJR120W,YJR120W,10,gene,647126,647476,+,Verified,350,,646826.0,647126.0,647126.0,647626.0,647126,647476.0,,,647126.0,647476.0
YJR121W,ATP2,10,gene,647607,649142,+,Verified,1535,False,647115.0,647415.0,647415.0,647915.0,647415,649403.0,647415.0,649403.0,647415.0,649403.0
YJR122W,IBA57,10,gene,649776,651269,+,Verified,1493,False,649410.0,649710.0,649710.0,650210.0,649710,651304.0,649710.0,651304.0,649710.0,651304.0
YJR123W,RPS5,10,gene,651901,652578,+,Verified,677,False,651566.0,651866.0,651866.0,652366.0,651866,652699.0,651866.0,652699.0,651866.0,652699.0
YJR124C,YJR124C,10,gene,652892,654238,-,Uncharacterized,1346,False,654278.0,654578.0,653778.0,654278.0,652698,654278.0,654278.0,652698.0,654278.0,652698.0
YJR125C,ENT3,10,gene,654737,655963,-,Verified,1226,False,656024.0,656324.0,655524.0,656024.0,654631,656024.0,656024.0,654631.0,656024.0,654631.0
YJR126C,VPS70,10,gene,656254,658689,-,Verified,2435,False,658677.0,658977.0,658177.0,658677.0,656178,658677.0,658677.0,656178.0,658677.0,656178.0
YJR127C,RSF2,10,gene,658917,663059,-,Verified,4142,False,663455.0,663755.0,662955.0,663455.0,658843,663455.0,663455.0,658843.0,663455.0,658843.0
YJR129C,YJR129C,10,gene,664000,665019,-,Uncharacterized,1019,False,665066.0,665366.0,664566.0,665066.0,663681,665066.0,665066.0,663681.0,665066.0,663681.0
YJR130C,STR2,10,gene,665218,667137,-,Verified,1919,False,667214.0,667514.0,666714.0,667214.0,665113,667214.0,667214.0,665113.0,667214.0,665113.0
YJR131W,MNS1,10,gene,667644,669293,+,Verified,1649,False,667329.0,667629.0,667629.0,668129.0,667629,669515.0,667629.0,669515.0,667629.0,669515.0
YJR132W,NMD5,10,gene,669522,672668,+,Verified,3146,False,669162.0,669462.0,669462.0,669962.0,669462,672833.0,669462.0,672833.0,669462.0,672833.0
YJR133W,XPT1,10,gene,672991,673620,+,Verified,629,False,672579.0,672879.0,672879.0,673379.0,672879,673731.0,672879.0,673731.0,672879.0,673731.0
YJR134C,SGM1,10,gene,673729,675852,-,Verified,2123,False,675894.0,676194.0,675394.0,675894.0,673623,675894.0,675894.0,673623.0,675894.0,673623.0
YJR135C,MCM22,10,gene,676059,676778,-,Verified,719,False,676823.0,677123.0,676323.0,676823.0,675848,676823.0,676823.0,675848.0,676823.0,675848.0
YJR135W-A,TIM8,10,gene,676971,677234,+,Verified,263,False,676659.0,676959.0,676959.0,677459.0,676959,677333.0,676959.0,677333.0,676959.0,677333.0
YJR136C,TTI2,10,gene,677441,678706,-,Verified,1265,False,678725.0,679025.0,678225.0,678725.0,677347,678725.0,678725.0,677347.0,678725.0,677347.0
YJR137C,MET5,10,gene,678957,683285,-,Verified,4328,False,683309.0,683609.0,682809.0,683309.0,678811,683309.0,683309.0,678811.0,683309.0,678811.0
YJR138W,IML1,10,gene,684567,689321,+,Verified,4754,False,684241.0,684541.0,684541.0,685041.0,684541,689467.0,684541.0,689467.0,684541.0,689467.0
YJR139C,HOM6,10,gene,689445,690524,-,Verified,1079,False,690589.0,690889.0,690089.0,690589.0,689380,690589.0,690589.0,689380.0,690589.0,689380.0
YJR140C,HIR3,10,gene,690750,695696,-,Verified,4946,False,695750.0,696050.0,695250.0,695750.0,690535,695750.0,695750.0,690535.0,695750.0,690535.0
YJR141W,YJR141W,10,gene,695906,696949,+,Uncharacterized,1043,False,695574.0,695874.0,695874.0,696374.0,695874,697022.0,695874.0,697022.0,695874.0,697022.0
YJR142W,YJR142W,10,gene,697141,698169,+,Uncharacterized,1028,False,696821.0,697121.0,697121.0,697621.0,697121,698275.0,697121.0,698275.0,697121.0,698275.0
YJR143C,PMT4,10,gene,698326,700614,-,Verified,2288,False,700674.0,700974.0,700174.0,700674.0,698198,700674.0,700674.0,698198.0,700674.0,698198.0
YJR144W,MGM101,10,gene,700882,701691,+,Verified,809,False,700554.0,700854.0,700854.0,701354.0,700854,701758.0,700854.0,701758.0,700854.0,701758.0
YJR145C,RPS4A,10,gene,702027,703068,-,Verified,1041,False,703102.0,703402.0,702602.0,703102.0,701959,703102.0,703102.0,701959.0,703102.0,701959.0
YJR147W,HMS2,10,gene,704196,705272,+,Verified,1076,False,703861.0,704161.0,704161.0,704661.0,704161,705632.0,704161.0,705632.0,704161.0,705632.0
YJR148W,BAT2,10,gene,705744,706874,+,Verified,1130,False,705421.0,705721.0,705721.0,706221.0,705721,706938.0,705721.0,706938.0,705721.0,706938.0
YJR149W,YJR149W,10,gene,707160,708374,+,Uncharacterized,1214,,706860.0,707160.0,707160.0,707660.0,707160,708374.0,,,707160.0,708374.0
YJR150C,DAN1,10,gene,708811,709707,-,Verified,896,,709707.0,710007.0,709207.0,709707.0,708811,709707.0,,,709707.0,708811.0
YJR151C,DAN4,10,gene,712255,715740,-,Verified,3485,,715740.0,716040.0,715240.0,715740.0,712255,715740.0,,,715740.0,712255.0
YJR151W-A,YJR151W-A,10,gene,717580,717630,+,Uncharacterized,50,,717280.0,717580.0,717580.0,718080.0,717580,717630.0,,,717580.0,717630.0
YJR152W,DAL5,10,gene,719666,721297,+,Verified,1631,,719366.0,719666.0,719666.0,720166.0,719666,721297.0,,,719666.0,721297.0
YJR153W,PGU1,10,gene,722815,723900,+,Verified,1085,,722515.0,722815.0,722815.0,723315.0,722815,723900.0,,,722815.0,723900.0
YJR154W,YJR154W,10,gene,725784,726824,+,Uncharacterized,1040,False,725278.0,725578.0,725578.0,726078.0,725578,726824.0,725578.0,,725578.0,726824.0
YJR155W,AAD10,10,gene,727405,728271,+,Verified,866,,727105.0,727405.0,727405.0,727905.0,727405,728271.0,,,727405.0,728271.0
YJR156C,THI11,10,gene,728574,729596,-,Verified,1022,,729596.0,729896.0,729096.0,729596.0,728574,729596.0,,,729596.0,728574.0
YJR158W,HXT16,10,gene,732440,734143,+,Verified,1703,,732140.0,732440.0,732440.0,732940.0,732440,734143.0,,,732440.0,734143.0
YJR159W,SOR1,10,gene,736044,737117,+,Verified,1073,,735744.0,736044.0,736044.0,736544.0,736044,737117.0,,,736044.0,737117.0
YJR160C,MPH3,10,gene,738008,739816,-,Verified,1808,,739816.0,740116.0,739316.0,739816.0,738008,739816.0,,,739816.0,738008.0
YJR161C,COS5,10,gene,742848,743999,-,Verified,1151,False,744007.0,744307.0,743507.0,744007.0,742848,744007.0,744007.0,,744007.0,742848.0
YKL224C,PAU16,11,gene,1810,2181,-,Verified,371,,2181.0,2481.0,1681.0,2181.0,1810,2181.0,,,2181.0,1810.0
YKL222C,YKL222C,11,gene,3503,5620,-,Verified,2117,False,5764.0,6064.0,5264.0,5764.0,3208,5764.0,5764.0,3208.0,5764.0,3208.0
YKL221W,MCH2,11,gene,6107,7528,+,Verified,1421,False,5212.0,5512.0,5512.0,6012.0,5512,7676.0,5512.0,7676.0,5512.0,7676.0
YKL220C,FRE2,11,gene,9091,11226,-,Verified,2135,,11226.0,11526.0,10726.0,11226.0,9091,11226.0,,,11226.0,9091.0
YKL219W,COS9,11,gene,14485,15708,+,Verified,1223,False,14236.0,14536.0,14536.0,15036.0,14536,15789.0,14536.0,15789.0,14536.0,15789.0
YKL218C,SRY1,11,gene,17359,18339,-,Verified,980,False,18484.0,18784.0,17984.0,18484.0,17160,18484.0,18484.0,17160.0,18484.0,17160.0
YKL217W,JEN1,11,gene,22234,24084,+,Verified,1850,,21934.0,22234.0,22234.0,22734.0,22234,24084.0,,,22234.0,24084.0
YKL216W,URA1,11,gene,25215,26159,+,Verified,944,False,24874.0,25174.0,25174.0,25674.0,25174,26477.0,25174.0,26477.0,25174.0,26477.0
YKL215C,OXP1,11,gene,26827,30687,-,Verified,3860,False,30761.0,31061.0,30261.0,30761.0,26660,30761.0,30761.0,26660.0,30761.0,26660.0
YKL214C,YRA2,11,gene,31082,31693,-,Verified,611,False,31750.0,32050.0,31250.0,31750.0,31024,31750.0,31750.0,31024.0,31750.0,31024.0
YKL213C,DOA1,11,gene,31960,34107,-,Verified,2147,False,34146.0,34446.0,33646.0,34146.0,31886,34146.0,34146.0,31886.0,34146.0,31886.0
YKL212W,SAC1,11,gene,34543,36414,+,Verified,1871,False,34070.0,34370.0,34370.0,34870.0,34370,36678.0,34370.0,36678.0,34370.0,36678.0
YKL211C,TRP3,11,gene,36699,38153,-,Verified,1454,False,38171.0,38471.0,37671.0,38171.0,36503,38171.0,38171.0,36503.0,38171.0,36503.0
YKL210W,UBA1,11,gene,39163,42237,+,Verified,3074,False,38815.0,39115.0,39115.0,39615.0,39115,42330.0,39115.0,42330.0,39115.0,42330.0
YKL209C,STE6,11,gene,42423,46295,-,Verified,3872,False,46323.0,46623.0,45823.0,46323.0,42249,46323.0,46323.0,42249.0,46323.0,42249.0
YKL208W,CBT1,11,gene,47157,47972,+,Verified,815,False,46849.0,47149.0,47149.0,47649.0,47149,48045.0,47149.0,48045.0,47149.0,48045.0
YKL207W,AIM27,11,gene,48194,48955,+,Verified,761,False,47861.0,48161.0,48161.0,48661.0,48161,49008.0,48161.0,49008.0,48161.0,49008.0
YKL206C,ADD66,11,gene,49006,49809,-,Verified,803,False,49832.0,50132.0,49332.0,49832.0,48941,49832.0,49832.0,48941.0,49832.0,48941.0
YKL205W,LOS1,11,gene,50051,53353,+,Verified,3302,False,49698.0,49998.0,49998.0,50498.0,49998,53473.0,49998.0,53473.0,49998.0,53473.0
YKL204W,EAP1,11,gene,53704,55602,+,Verified,1898,False,53370.0,53670.0,53670.0,54170.0,53670,55758.0,53670.0,55758.0,53670.0,55758.0
YKL203C,TOR2,11,gene,55935,63359,-,Verified,7424,False,63540.0,63840.0,63040.0,63540.0,55856,63540.0,63540.0,55856.0,63540.0,55856.0
YKL201C,MNN4,11,gene,63930,67466,-,Verified,3536,False,66285.0,66585.0,65785.0,66285.0,63714,66285.0,66285.0,63714.0,66285.0,63714.0
YKL198C,PTK1,11,gene,68232,70220,-,Verified,1988,,70220.0,70520.0,69720.0,70220.0,68232,70220.0,,,70220.0,68232.0
YKL197C,PEX1,11,gene,70734,73865,-,Verified,3131,False,73898.0,74198.0,73398.0,73898.0,70444,73898.0,73898.0,70444.0,73898.0,70444.0
YKL196C,YKT6,11,gene,74932,75534,-,Verified,602,False,75582.0,75882.0,75082.0,75582.0,74786,75582.0,75582.0,74786.0,75582.0,74786.0
YKL195W,MIA40,11,gene,75821,77032,+,Verified,1211,False,75478.0,75778.0,75778.0,76278.0,75778,77162.0,75778.0,77162.0,75778.0,77162.0
YKL194C,MST1,11,gene,77258,78646,-,Verified,1388,False,78684.0,78984.0,78184.0,78684.0,77092,78684.0,78684.0,77092.0,78684.0,77092.0
YKL193C,SDS22,11,gene,78866,79882,-,Verified,1016,False,79925.0,80225.0,79425.0,79925.0,78757,79925.0,79925.0,78757.0,79925.0,78757.0
YKL192C,ACP1,11,gene,80160,80537,-,Verified,377,False,80581.0,80881.0,80081.0,80581.0,80022,80581.0,80581.0,80022.0,80581.0,80022.0
YKL191W,DPH2,11,gene,81035,82639,+,Verified,1604,False,80709.0,81009.0,81009.0,81509.0,81009,82727.0,81009.0,82727.0,81009.0,82727.0
YKL190W,CNB1,11,gene,82947,83550,+,Verified,603,False,82610.0,82910.0,82910.0,83410.0,82910,83719.0,82910.0,83719.0,82910.0,83719.0
YKL189W,HYM1,11,gene,84704,85903,+,Verified,1199,False,84306.0,84606.0,84606.0,85106.0,84606,86039.0,84606.0,86039.0,84606.0,86039.0
YKL188C,PXA2,11,gene,86225,88786,-,Verified,2561,False,88574.0,88874.0,88074.0,88574.0,86017,88574.0,88574.0,86017.0,88574.0,86017.0
YKL187C,YKL187C,11,gene,89284,91536,-,Uncharacterized,2252,False,91189.0,91489.0,90689.0,91189.0,89130,91189.0,91189.0,89130.0,91189.0,89130.0
YKL186C,MTR2,11,gene,92744,93465,-,Verified,721,False,93349.0,93649.0,92849.0,93349.0,92645,93349.0,93349.0,92645.0,93349.0,92645.0
YKL185W,ASH1,11,gene,94499,96265,+,Verified,1766,False,93852.0,94152.0,94152.0,94652.0,94152,96379.0,94152.0,96379.0,94152.0,96379.0
YKL184W,SPE1,11,gene,96757,98157,+,Verified,1400,False,96306.0,96606.0,96606.0,97106.0,96606,98169.0,96606.0,98169.0,96606.0,98169.0
YKL183C-A,YKL183C-A,11,gene,98395,98607,-,Uncharacterized,212,,98607.0,98907.0,98107.0,98607.0,98395,98607.0,,,98607.0,98395.0
YKL183W,LOT5,11,gene,98721,99641,+,Verified,920,False,98279.0,98579.0,98579.0,99079.0,98579,99777.0,98579.0,99777.0,98579.0,99777.0
YKL182W,FAS1,11,gene,100671,106826,+,Verified,6155,False,100048.0,100348.0,100348.0,100848.0,100348,106913.0,100348.0,106913.0,100348.0,106913.0
YKL181W,PRS1,11,gene,107316,108599,+,Verified,1283,False,106841.0,107141.0,107141.0,107641.0,107141,108723.0,107141.0,108723.0,107141.0,108723.0
YKL180W,RPL17A,11,gene,109269,110129,+,Verified,860,False,108949.0,109249.0,109249.0,109749.0,109249,110239.0,109249.0,110239.0,109249.0,110239.0
YKL179C,COY1,11,gene,110464,112503,-,Verified,2039,False,112519.0,112819.0,112019.0,112519.0,110237,112519.0,112519.0,110237.0,112519.0,110237.0
YKL178C,STE3,11,gene,113215,114627,-,Verified,1412,False,114067.0,114367.0,113567.0,114067.0,112939,114067.0,114067.0,112939.0,114067.0,112939.0
YKL176C,LST4,11,gene,115500,117986,-,Verified,2486,False,118329.0,118629.0,117829.0,118329.0,115409,118329.0,118329.0,115409.0,118329.0,115409.0
YKL175W,ZRT3,11,gene,118793,120304,+,Verified,1511,False,118475.0,118775.0,118775.0,119275.0,118775,120389.0,118775.0,120389.0,118775.0,120389.0
YKL174C,TPO5,11,gene,120380,122236,-,Verified,1856,False,122323.0,122623.0,121823.0,122323.0,120299,122323.0,122323.0,120299.0,122323.0,120299.0
YKL173W,SNU114,11,gene,122517,125543,+,Verified,3026,False,122140.0,122440.0,122440.0,122940.0,122440,125647.0,122440.0,125647.0,122440.0,125647.0
YKL172W,EBP2,11,gene,125759,127042,+,Verified,1283,False,125437.0,125737.0,125737.0,126237.0,125737,127142.0,125737.0,127142.0,125737.0,127142.0
YKL171W,NNK1,11,gene,127475,130261,+,Verified,2786,False,127099.0,127399.0,127399.0,127899.0,127399,130469.0,127399.0,130469.0,127399.0,130469.0
YKL170W,MRPL38,11,gene,130634,131050,+,Verified,416,False,130262.0,130562.0,130562.0,131062.0,130562,131187.0,130562.0,131187.0,130562.0,131187.0
YKL168C,KKQ8,11,gene,131288,133462,-,Verified,2174,False,133491.0,133791.0,132991.0,133491.0,131104,133491.0,133491.0,131104.0,133491.0,131104.0
YKL167C,MRP49,11,gene,133721,134134,-,Verified,413,False,134129.0,134429.0,133629.0,134129.0,133513,134129.0,134129.0,133513.0,134129.0,133513.0
YKL166C,TPK3,11,gene,134509,135705,-,Verified,1196,False,135860.0,136160.0,135360.0,135860.0,134290,135860.0,135860.0,134290.0,135860.0,134290.0
YKL165C,MCD4,11,gene,137932,140691,-,Verified,2759,False,140721.0,141021.0,140221.0,140721.0,137776,140721.0,140721.0,137776.0,140721.0,137776.0
YKL164C,PIR1,11,gene,141794,142819,-,Verified,1025,False,142898.0,143198.0,142398.0,142898.0,141537,142898.0,142898.0,141537.0,142898.0,141537.0
YKL163W,PIR3,11,gene,144401,145378,+,Verified,977,,144101.0,144401.0,144401.0,144901.0,144401,145378.0,,,144401.0,145378.0
YKL162C,YKL162C,11,gene,147630,148838,-,Uncharacterized,1208,False,148923.0,149223.0,148423.0,148923.0,147490,148923.0,148923.0,147490.0,148923.0,147490.0
YKL161C,KDX1,11,gene,149386,150687,-,Verified,1301,False,150966.0,151266.0,150466.0,150966.0,149129,150966.0,150966.0,149129.0,150966.0,149129.0
YKL160W,ELF1,11,gene,153269,153706,+,Verified,437,False,152962.0,153262.0,153262.0,153762.0,153262,153775.0,153262.0,153775.0,153262.0,153775.0
YKL159C,RCN1,11,gene,153816,154451,-,Verified,635,False,154462.0,154762.0,153962.0,154462.0,153717,154462.0,154462.0,153717.0,154462.0,153717.0
YKL157W,APE2,11,gene,154991,158232,+,Verified,3241,False,154660.0,154960.0,154960.0,155460.0,154960,158388.0,154960.0,158388.0,154960.0,158388.0
YKL156W,RPS27A,11,gene,158613,159212,+,Verified,599,False,158306.0,158606.0,158606.0,159106.0,158606,159420.0,158606.0,159420.0,158606.0,159420.0
YKL155C,RSM22,11,gene,159456,161342,-,Verified,1886,False,161346.0,161646.0,160846.0,161346.0,159412,161346.0,161346.0,159412.0,161346.0,159412.0
YKL154W,SRP102,11,gene,161601,162335,+,Verified,734,False,161222.0,161522.0,161522.0,162022.0,161522,162401.0,161522.0,162401.0,161522.0,162401.0
YKL152C,GPM1,11,gene,163642,164385,-,Verified,743,False,164409.0,164709.0,163909.0,164409.0,163503,164409.0,164409.0,163503.0,164409.0,163503.0
YKL151C,YKL151C,11,gene,164917,165930,-,Uncharacterized,1013,False,165997.0,166297.0,165497.0,165997.0,164813,165997.0,165997.0,164813.0,165997.0,164813.0
YKL150W,MCR1,11,gene,166400,167452,+,Verified,1052,False,166177.0,166477.0,166477.0,166977.0,166477,167573.0,166477.0,167573.0,166477.0,167573.0
YKL149C,DBR1,11,gene,167612,168829,-,Verified,1217,False,168870.0,169170.0,168370.0,168870.0,167484,168870.0,168870.0,167484.0,168870.0,167484.0
YKL148C,SDH1,11,gene,169207,171129,-,Verified,1922,False,171282.0,171582.0,170782.0,171282.0,169012,171282.0,171282.0,169012.0,171282.0,169012.0
YKL146W,AVT3,11,gene,171783,173861,+,Verified,2078,False,171463.0,171763.0,171763.0,172263.0,171763,173943.0,171763.0,173943.0,171763.0,173943.0
YKL145W,RPT1,11,gene,174213,175616,+,Verified,1403,False,173891.0,174191.0,174191.0,174691.0,174191,175768.0,174191.0,175768.0,174191.0,175768.0
YKL144C,RPC25,11,gene,175843,176481,-,Verified,638,False,176546.0,176846.0,176046.0,176546.0,175717,176546.0,176546.0,175717.0,176546.0,175717.0
YKL143W,LTV1,11,gene,176781,178172,+,Verified,1391,False,176428.0,176728.0,176728.0,177228.0,176728,178254.0,176728.0,178254.0,176728.0,178254.0
YKL142W,MRP8,11,gene,178515,179174,+,Verified,659,False,178167.0,178467.0,178467.0,178967.0,178467,179315.0,178467.0,179315.0,178467.0,179315.0
YKL141W,SDH3,11,gene,179667,180263,+,Verified,596,False,179327.0,179627.0,179627.0,180127.0,179627,180366.0,179627.0,180366.0,179627.0,180366.0
YKL140W,TGL1,11,gene,180779,182425,+,Verified,1646,False,180230.0,180530.0,180530.0,181030.0,180530,182620.0,180530.0,182620.0,180530.0,182620.0
YKL139W,CTK1,11,gene,182958,184544,+,Verified,1586,False,182476.0,182776.0,182776.0,183276.0,182776,184596.0,182776.0,184596.0,182776.0,184596.0
YKL138C-A,HSK3,11,gene,184803,185012,-,Verified,209,False,185035.0,185335.0,184535.0,185035.0,184501,185035.0,185035.0,184501.0,185035.0,184501.0
YKL138C,MRPL31,11,gene,185286,185681,-,Verified,395,False,185792.0,186092.0,185292.0,185792.0,185213,185792.0,185792.0,185213.0,185792.0,185213.0
YKL137W,CMC1,11,gene,185957,186292,+,Verified,335,False,185605.0,185905.0,185905.0,186405.0,185905,186491.0,185905.0,186491.0,185905.0,186491.0
YKL135C,APL2,11,gene,186460,188640,-,Verified,2180,False,188764.0,189064.0,188264.0,188764.0,186387,188764.0,188764.0,186387.0,188764.0,186387.0
YKL134C,OCT1,11,gene,189124,191442,-,Verified,2318,False,191495.0,191795.0,190995.0,191495.0,188948,191495.0,191495.0,188948.0,191495.0,188948.0
YKL133C,YKL133C,11,gene,191679,193070,-,Uncharacterized,1391,False,193099.0,193399.0,192599.0,193099.0,191517,193099.0,193099.0,191517.0,193099.0,191517.0
YKL132C,RMA1,11,gene,193574,194866,-,Verified,1292,False,194990.0,195290.0,194490.0,194990.0,193330,194990.0,194990.0,193330.0,194990.0,193330.0
YKL130C,SHE2,11,gene,195288,196028,-,Verified,740,False,196079.0,196379.0,195579.0,196079.0,195155,196079.0,196079.0,195155.0,196079.0,195155.0
YKL129C,MYO3,11,gene,196349,200167,-,Verified,3818,False,200238.0,200538.0,199738.0,200238.0,196244,200238.0,200238.0,196244.0,200238.0,196244.0
YKL128C,PMU1,11,gene,200884,201771,-,Verified,887,False,201803.0,202103.0,201303.0,201803.0,200785,201803.0,201803.0,200785.0,201803.0,200785.0
YKL127W,PGM1,11,gene,203541,205253,+,Verified,1712,False,203188.0,203488.0,203488.0,203988.0,203488,205398.0,203488.0,205398.0,203488.0,205398.0
YKL126W,YPK1,11,gene,205707,207749,+,Verified,2042,False,205210.0,205510.0,205510.0,206010.0,205510,207823.0,205510.0,207823.0,205510.0,207823.0
YKL125W,RRN3,11,gene,208247,210130,+,Verified,1883,False,207825.0,208125.0,208125.0,208625.0,208125,210290.0,208125.0,210290.0,208125.0,210290.0
YKL124W,SSH4,11,gene,210593,212332,+,Verified,1739,False,210193.0,210493.0,210493.0,210993.0,210493,212514.0,210493.0,212514.0,210493.0,212514.0
YKL122C,SRP21,11,gene,212495,212998,-,Verified,503,False,213024.0,213324.0,212524.0,213024.0,212406,213024.0,213024.0,212406.0,213024.0,212406.0
YKL121W,DGR2,11,gene,214142,216700,+,Uncharacterized,2558,False,213628.0,213928.0,213928.0,214428.0,213928,216821.0,213928.0,216821.0,213928.0,216821.0
YKL120W,OAC1,11,gene,217344,218318,+,Verified,974,False,216955.0,217255.0,217255.0,217755.0,217255,218500.0,217255.0,218500.0,217255.0,218500.0
YKL119C,VPH2,11,gene,218570,219217,-,Verified,647,False,219261.0,219561.0,218761.0,219261.0,218430,219261.0,219261.0,218430.0,219261.0,218430.0
YKL117W,SBA1,11,gene,220324,220974,+,Verified,650,False,219994.0,220294.0,220294.0,220794.0,220294,221124.0,220294.0,221124.0,220294.0,221124.0
YKL116C,PRR1,11,gene,221344,222900,-,Verified,1556,False,223083.0,223383.0,222583.0,223083.0,221200,223083.0,223083.0,221200.0,223083.0,221200.0
YKL114C,APN1,11,gene,223352,224455,-,Verified,1103,False,224490.0,224790.0,223990.0,224490.0,223272,224490.0,224490.0,223272.0,224490.0,223272.0
YKL113C,RAD27,11,gene,224727,225875,-,Verified,1148,False,225902.0,226202.0,225402.0,225902.0,224620,225902.0,225902.0,224620.0,225902.0,224620.0
YKL112W,ABF1,11,gene,226570,228765,+,Verified,2195,False,226104.0,226404.0,226404.0,226904.0,226404,228907.0,226404.0,228907.0,226404.0,228907.0
YKL110C,KTI12,11,gene,228939,229880,-,Verified,941,False,229934.0,230234.0,229434.0,229934.0,228798,229934.0,229934.0,228798.0,229934.0,228798.0
YKL109W,HAP4,11,gene,232227,233891,+,Verified,1664,False,231657.0,231957.0,231957.0,232457.0,231957,234256.0,231957.0,234256.0,231957.0,234256.0
YKL108W,SLD2,11,gene,234426,235787,+,Verified,1361,False,234112.0,234412.0,234412.0,234912.0,234412,235928.0,234412.0,235928.0,234412.0,235928.0
YKL107W,YKL107W,11,gene,236141,237070,+,Uncharacterized,929,,235841.0,236141.0,236141.0,236641.0,236141,237070.0,,,236141.0,237070.0
YKL106C-A,YKL106C-A,11,gene,237147,237266,-,Uncharacterized,119,False,237263.0,237563.0,236763.0,237263.0,237147,237263.0,237263.0,,237263.0,237147.0
YKL106W,AAT1,11,gene,237536,238891,+,Verified,1355,False,237120.0,237420.0,237420.0,237920.0,237420,239013.0,237420.0,239013.0,237420.0,239013.0
YKL105C,YKL105C,11,gene,239185,242583,-,Uncharacterized,3398,False,242783.0,243083.0,242283.0,242783.0,238954,242783.0,242783.0,238954.0,242783.0,238954.0
YKL104C,GFA1,11,gene,243220,245373,-,Verified,2153,False,245576.0,245876.0,245076.0,245576.0,242973,245576.0,245576.0,242973.0,245576.0,242973.0
YKL103C,LAP4,11,gene,246138,247682,-,Verified,1544,False,247762.0,248062.0,247262.0,247762.0,245962,247762.0,247762.0,245962.0,247762.0,245962.0
YKL101W,HSL1,11,gene,248920,253476,+,Verified,4556,False,248366.0,248666.0,248666.0,249166.0,248666,253525.0,248666.0,253525.0,248666.0,253525.0
YKL100C,YKL100C,11,gene,253697,255460,-,Uncharacterized,1763,False,255468.0,255768.0,254968.0,255468.0,253457,255468.0,255468.0,253457.0,255468.0,253457.0
YKL099C,UTP11,11,gene,255720,256472,-,Verified,752,False,256542.0,256842.0,256042.0,256542.0,255635,256542.0,256542.0,255635.0,256542.0,255635.0
YKL098W,MTC2,11,gene,256770,257843,+,Verified,1073,False,256445.0,256745.0,256745.0,257245.0,256745,257928.0,256745.0,257928.0,256745.0,257928.0
YKL096C-B,YKL096C-B,11,gene,259073,259222,-,Uncharacterized,149,,259222.0,259522.0,258722.0,259222.0,259073,259222.0,,,259222.0,259073.0
YKL096W-A,CWP2,11,gene,259253,259531,+,Verified,278,False,258922.0,259222.0,259222.0,259722.0,259222,259702.0,259222.0,259702.0,259222.0,259702.0
YKL096W,CWP1,11,gene,261132,261851,+,Verified,719,False,260791.0,261091.0,261091.0,261591.0,261091,261948.0,261091.0,261948.0,261091.0,261948.0
YKL095W,YJU2,11,gene,262277,263113,+,Verified,836,False,261796.0,262096.0,262096.0,262596.0,262096,263113.0,262096.0,,262096.0,263113.0
YKL094W,YJU3,11,gene,263349,264290,+,Verified,941,False,263032.0,263332.0,263332.0,263832.0,263332,264380.0,263332.0,264380.0,263332.0,264380.0
YKL093W,MBR1,11,gene,264789,265808,+,Verified,1019,,264489.0,264789.0,264789.0,265289.0,264789,265808.0,,,264789.0,265808.0
YKL092C,BUD2,11,gene,266145,269459,-,Verified,3314,False,269536.0,269836.0,269036.0,269536.0,266016,269536.0,269536.0,266016.0,269536.0,266016.0
YKL091C,YKL091C,11,gene,269718,270650,-,Verified,932,False,270682.0,270982.0,270182.0,270682.0,269624,270682.0,270682.0,269624.0,270682.0,269624.0
YKL090W,CUE2,11,gene,271878,273209,+,Verified,1331,False,271543.0,271843.0,271843.0,272343.0,271843,273390.0,271843.0,273390.0,271843.0,273390.0
YKL089W,MIF2,11,gene,273394,275043,+,Verified,1649,False,273070.0,273370.0,273370.0,273870.0,273370,275138.0,273370.0,275138.0,273370.0,275138.0
YKL088W,CAB3,11,gene,275283,276998,+,Verified,1715,False,274955.0,275255.0,275255.0,275755.0,275255,277209.0,275255.0,277209.0,275255.0,277209.0
YKL087C,CYT2,11,gene,277189,277863,-,Verified,674,False,277963.0,278263.0,277463.0,277963.0,277088,277963.0,277963.0,277088.0,277963.0,277088.0
YKL086W,SRX1,11,gene,278281,278664,+,Verified,383,False,277956.0,278256.0,278256.0,278756.0,278256,278756.0,278256.0,278756.0,278256.0,278756.0
YKL085W,MDH1,11,gene,279123,280127,+,Verified,1004,False,278733.0,279033.0,279033.0,279533.0,279033,280494.0,279033.0,280494.0,279033.0,280494.0
YKL084W,HOT13,11,gene,280509,280859,+,Verified,350,False,280168.0,280468.0,280468.0,280968.0,280468,281070.0,280468.0,281070.0,280468.0,281070.0
YKL082C,RRP14,11,gene,281025,282329,-,Verified,1304,False,282395.0,282695.0,281895.0,282395.0,280913,282395.0,282395.0,280913.0,282395.0,280913.0
YKL081W,TEF4,11,gene,282891,284455,+,Verified,1564,False,282567.0,282867.0,282867.0,283367.0,282867,284695.0,282867.0,284695.0,282867.0,284695.0
YKL080W,VMA5,11,gene,285030,286208,+,Verified,1178,False,284626.0,284926.0,284926.0,285426.0,284926,286258.0,284926.0,286258.0,284926.0,286258.0
YKL079W,SMY1,11,gene,286603,288573,+,Verified,1970,False,286248.0,286548.0,286548.0,287048.0,286548,288650.0,286548.0,288650.0,286548.0,288650.0
YKL078W,DHR2,11,gene,288845,291052,+,Verified,2207,False,288513.0,288813.0,288813.0,289313.0,288813,291136.0,288813.0,291136.0,288813.0,291136.0
YKL077W,YKL077W,11,gene,291453,292631,+,Uncharacterized,1178,False,291102.0,291402.0,291402.0,291902.0,291402,292834.0,291402.0,292834.0,291402.0,292834.0
YKL075C,YKL075C,11,gene,292956,294308,-,Uncharacterized,1352,False,294394.0,294694.0,293894.0,294394.0,292698,294394.0,294394.0,292698.0,294394.0,292698.0
YKL074C,MUD2,11,gene,294610,296193,-,Verified,1583,False,296188.0,296488.0,295688.0,296188.0,294537,296188.0,296188.0,294537.0,296188.0,294537.0
YKL073W,LHS1,11,gene,296430,299075,+,Verified,2645,False,296081.0,296381.0,296381.0,296881.0,296381,299163.0,296381.0,299163.0,296381.0,299163.0
YKL072W,STB6,11,gene,299582,301882,+,Verified,2300,False,299082.0,299382.0,299382.0,299882.0,299382,302015.0,299382.0,302015.0,299382.0,302015.0
YKL071W,YKL071W,11,gene,305114,305884,+,Uncharacterized,770,,304814.0,305114.0,305114.0,305614.0,305114,305884.0,,,305114.0,305884.0
YKL070W,YKL070W,11,gene,306211,306720,+,Uncharacterized,509,,305911.0,306211.0,306211.0,306711.0,306211,306720.0,,,306211.0,306720.0
YKL069W,YKL069W,11,gene,307285,307827,+,Verified,542,False,306978.0,307278.0,307278.0,307778.0,307278,307890.0,307278.0,307890.0,307278.0,307890.0
YKL068W-A,YKL068W-A,11,gene,309206,309442,+,Uncharacterized,236,False,308862.0,309162.0,309162.0,309662.0,309162,309777.0,309162.0,309777.0,309162.0,309777.0
YKL068W,NUP100,11,gene,310199,313078,+,Verified,2879,False,309780.0,310080.0,310080.0,310580.0,310080,313197.0,310080.0,313197.0,310080.0,313197.0
YKL067W,YNK1,11,gene,314812,315273,+,Verified,461,False,314443.0,314743.0,314743.0,315243.0,314743,315468.0,314743.0,315468.0,314743.0,315468.0
YKL065W-A,YKL065W-A,11,gene,315954,316175,+,Uncharacterized,221,False,315690.0,315990.0,315990.0,316490.0,315990,316444.0,315990.0,316444.0,315990.0,316444.0
YKL065C,YET1,11,gene,316437,317057,-,Verified,620,False,317094.0,317394.0,316594.0,317094.0,316347,317094.0,317094.0,316347.0,317094.0,316347.0
YKL064W,MNR2,11,gene,317764,320673,+,Verified,2909,False,317265.0,317565.0,317565.0,318065.0,317565,320837.0,317565.0,320837.0,317565.0,320837.0
YKL063C,YKL063C,11,gene,321015,321518,-,Uncharacterized,503,False,321676.0,321976.0,321176.0,321676.0,320845,321676.0,321676.0,320845.0,321676.0,320845.0
YKL062W,MSN4,11,gene,323228,325120,+,Verified,1892,False,322824.0,323124.0,323124.0,323624.0,323124,325448.0,323124.0,325448.0,323124.0,325448.0
YKL061W,BLI1,11,gene,325771,326112,+,Uncharacterized,341,False,325452.0,325752.0,325752.0,326252.0,325752,326401.0,325752.0,326401.0,325752.0,326401.0
YKL060C,FBA1,11,gene,326408,327487,-,Verified,1079,False,327512.0,327812.0,327012.0,327512.0,326328,327512.0,327512.0,326328.0,327512.0,326328.0
YKL059C,MPE1,11,gene,328118,329443,-,Verified,1325,False,329514.0,329814.0,329014.0,329514.0,328026,329514.0,329514.0,328026.0,329514.0,328026.0
YKL058W,TOA2,11,gene,330166,330534,+,Verified,368,False,329859.0,330159.0,330159.0,330659.0,330159,330747.0,330159.0,330747.0,330159.0,330747.0
YKL057C,NUP120,11,gene,330856,333969,-,Verified,3113,False,334035.0,334335.0,333535.0,334035.0,330807,334035.0,334035.0,330807.0,334035.0,330807.0
YKL056C,TMA19,11,gene,334412,334915,-,Verified,503,False,334959.0,335259.0,334459.0,334959.0,334311,334959.0,334959.0,334311.0,334959.0,334311.0
YKL055C,OAR1,11,gene,335321,336157,-,Verified,836,False,336186.0,336486.0,335686.0,336186.0,335126,336186.0,336186.0,335126.0,336186.0,335126.0
YKL054C,DEF1,11,gene,336537,338753,-,Verified,2216,False,338851.0,339151.0,338351.0,338851.0,336327,338851.0,338851.0,336327.0,338851.0,336327.0
YKL053C-A,MDM35,11,gene,339182,339442,-,Verified,260,False,339516.0,339816.0,339016.0,339516.0,339068,339516.0,339516.0,339068.0,339516.0,339068.0
YKL052C,ASK1,11,gene,339668,340546,-,Verified,878,False,340570.0,340870.0,340070.0,340570.0,339635,340570.0,340570.0,339635.0,340570.0,339635.0
YKL051W,SFK1,11,gene,341312,342373,+,Verified,1061,False,340850.0,341150.0,341150.0,341650.0,341150,342470.0,341150.0,342470.0,341150.0,342470.0
YKL050C,YKL050C,11,gene,342852,345620,-,Verified,2768,,345620.0,345920.0,345120.0,345620.0,342852,345620.0,,,345620.0,342852.0
YKL049C,CSE4,11,gene,346075,346764,-,Verified,689,False,346804.0,347104.0,346304.0,346804.0,345984,346804.0,346804.0,345984.0,346804.0,345984.0
YKL048C,ELM1,11,gene,347214,349136,-,Verified,1922,False,349222.0,349522.0,348722.0,349222.0,347062,349222.0,349222.0,347062.0,349222.0,347062.0
YKL047W,YKL047W,11,gene,349463,351013,+,Uncharacterized,1550,False,349133.0,349433.0,349433.0,349933.0,349433,351211.0,349433.0,351211.0,349433.0,351211.0
YKL046C,DCW1,11,gene,351275,352624,-,Verified,1349,False,352843.0,353143.0,352343.0,352843.0,351040,352843.0,352843.0,351040.0,352843.0,351040.0
YKL045W,PRI2,11,gene,353493,355079,+,Verified,1586,False,353127.0,353427.0,353427.0,353927.0,353427,355183.0,353427.0,355183.0,353427.0,355183.0
YKL043W,PHD1,11,gene,356748,357848,+,Verified,1100,False,356176.0,356476.0,356476.0,356976.0,356476,358008.0,356476.0,358008.0,356476.0,358008.0
YKL042W,SPC42,11,gene,358475,359566,+,Verified,1091,False,358087.0,358387.0,358387.0,358887.0,358387,359788.0,358387.0,359788.0,358387.0,359788.0
YKL041W,VPS24,11,gene,360143,360817,+,Verified,674,False,359726.0,360026.0,360026.0,360526.0,360026,360878.0,360026.0,360878.0,360026.0,360878.0
YKL040C,NFU1,11,gene,361058,361828,-,Verified,770,False,361905.0,362205.0,361405.0,361905.0,360809,361905.0,361905.0,360809.0,361905.0,360809.0
YKL039W,PTM1,11,gene,362622,364193,+,Verified,1571,False,362155.0,362455.0,362455.0,362955.0,362455,364447.0,362455.0,364447.0,362455.0,364447.0
YKL038W,RGT1,11,gene,365605,369117,+,Verified,3512,False,365076.0,365376.0,365376.0,365876.0,365376,369284.0,365376.0,369284.0,365376.0,369284.0
YKL037W,AIM26,11,gene,369365,369721,+,Verified,356,,369065.0,369365.0,369365.0,369865.0,369365,369721.0,,,369365.0,369721.0
YKL035W,UGP1,11,gene,369891,371390,+,Verified,1499,False,369521.0,369821.0,369821.0,370321.0,369821,371559.0,369821.0,371559.0,369821.0,371559.0
YKL034W,TUL1,11,gene,371829,374105,+,Verified,2276,False,371439.0,371739.0,371739.0,372239.0,371739,374219.0,371739.0,374219.0,371739.0,374219.0
YKL033W-A,YKL033W-A,11,gene,374505,375215,+,Uncharacterized,710,False,374130.0,374430.0,374430.0,374930.0,374430,375286.0,374430.0,375286.0,374430.0,375286.0
YKL033W,TTI1,11,gene,375456,378572,+,Verified,3116,False,375151.0,375451.0,375451.0,375951.0,375451,378879.0,375451.0,378879.0,375451.0,378879.0
YKL032C,IXR1,11,gene,380065,381858,-,Verified,1793,False,382041.0,382341.0,381541.0,382041.0,379909,382041.0,382041.0,379909.0,382041.0,379909.0
YKL029C,MAE1,11,gene,382716,384725,-,Verified,2009,False,384763.0,385063.0,384263.0,384763.0,382605,384763.0,384763.0,382605.0,384763.0,382605.0
YKL028W,TFA1,11,gene,385758,387206,+,Verified,1448,False,385429.0,385729.0,385729.0,386229.0,385729,387274.0,385729.0,387274.0,385729.0,387274.0
YKL027W,YKL027W,11,gene,387562,388905,+,Verified,1343,False,387206.0,387506.0,387506.0,388006.0,387506,389023.0,387506.0,389023.0,387506.0,389023.0
YKL026C,GPX1,11,gene,389380,389883,-,Verified,503,False,390007.0,390307.0,389507.0,390007.0,389208,390007.0,390007.0,389208.0,390007.0,389208.0
YKL025C,PAN3,11,gene,390240,392279,-,Verified,2039,False,392314.0,392614.0,391814.0,392314.0,390181,392314.0,392314.0,390181.0,392314.0,390181.0
YKL024C,URA6,11,gene,392526,393140,-,Verified,614,False,393366.0,393666.0,392866.0,393366.0,392424,393366.0,393366.0,392424.0,393366.0,392424.0
YKL023C-A,YKL023C-A,11,gene,393146,393373,-,Uncharacterized,227,False,393366.0,393666.0,392866.0,393366.0,393146,393366.0,393366.0,,393366.0,393146.0
YKL023W,YKL023W,11,gene,393721,394554,+,Uncharacterized,833,False,393390.0,393690.0,393690.0,394190.0,393690,394708.0,393690.0,394708.0,393690.0,394708.0
YKL022C,CDC16,11,gene,394726,397248,-,Verified,2522,False,397166.0,397466.0,396666.0,397166.0,394626,397166.0,397166.0,394626.0,397166.0,394626.0
YKL021C,MAK11,11,gene,397344,398750,-,Verified,1406,False,398619.0,398919.0,398119.0,398619.0,397259,398619.0,398619.0,397259.0,398619.0,397259.0
YKL020C,SPT23,11,gene,398832,402080,-,Verified,3248,False,402134.0,402434.0,401634.0,402134.0,398767,402134.0,402134.0,398767.0,402134.0,398767.0
YKL019W,RAM2,11,gene,402568,403518,+,Verified,950,False,402257.0,402557.0,402557.0,403057.0,402557,403595.0,402557.0,403595.0,402557.0,403595.0
YKL018C-A,YKL018C-A,11,gene,403580,403879,-,Uncharacterized,299,False,403921.0,404221.0,403421.0,403921.0,403518,403921.0,403921.0,403518.0,403921.0,403518.0
YKL018W,SWD2,11,gene,404102,405091,+,Verified,989,False,403773.0,404073.0,404073.0,404573.0,404073,405221.0,404073.0,405221.0,404073.0,405221.0
YKL017C,HCS1,11,gene,405190,407241,-,Verified,2051,False,407250.0,407550.0,406750.0,407250.0,405126,407250.0,407250.0,405126.0,407250.0,405126.0
YKL016C,ATP7,11,gene,407465,407989,-,Verified,524,False,408061.0,408361.0,407561.0,408061.0,407369,408061.0,408061.0,407369.0,408061.0,407369.0
YKL015W,PUT3,11,gene,408544,411483,+,Verified,2939,False,408147.0,408447.0,408447.0,408947.0,408447,411597.0,408447.0,411597.0,408447.0,411597.0
YKL014C,URB1,11,gene,411619,416913,-,Verified,5294,False,416944.0,417244.0,416444.0,416944.0,411506,416944.0,416944.0,411506.0,416944.0,411506.0
YKL013C,ARC19,11,gene,417508,418023,-,Verified,515,False,418039.0,418339.0,417539.0,418039.0,417344,418039.0,418039.0,417344.0,418039.0,417344.0
YKL012W,PRP40,11,gene,418310,420061,+,Verified,1751,False,417948.0,418248.0,418248.0,418748.0,418248,420203.0,418248.0,420203.0,418248.0,420203.0
YKL011C,CCE1,11,gene,420155,421216,-,Verified,1061,False,421220.0,421520.0,420720.0,421220.0,420074,421220.0,421220.0,420074.0,421220.0,420074.0
YKL010C,UFD4,11,gene,421424,425875,-,Verified,4451,False,425980.0,426280.0,425480.0,425980.0,421366,425980.0,425980.0,421366.0,425980.0,421366.0
YKL009W,MRT4,11,gene,426242,426952,+,Verified,710,False,425907.0,426207.0,426207.0,426707.0,426207,427046.0,426207.0,427046.0,426207.0,427046.0
YKL008C,LAC1,11,gene,427295,428551,-,Verified,1256,False,428676.0,428976.0,428176.0,428676.0,427223,428676.0,428676.0,427223.0,428676.0,427223.0
YKL007W,CAP1,11,gene,429302,430108,+,Verified,806,False,428974.0,429274.0,429274.0,429774.0,429274,430247.0,429274.0,430247.0,429274.0,430247.0
YKL006C-A,SFT1,11,gene,430198,430632,-,Verified,434,False,430675.0,430975.0,430175.0,430675.0,430130,430675.0,430675.0,430130.0,430675.0,430130.0
YKL006W,RPL14A,11,gene,431906,432720,+,Verified,814,False,431588.0,431888.0,431888.0,432388.0,431888,432811.0,431888.0,432811.0,431888.0,432811.0
YKL005C,BYE1,11,gene,433093,434877,-,Verified,1784,False,434994.0,435294.0,434494.0,434994.0,432921,434994.0,434994.0,432921.0,434994.0,432921.0
YKL004W,AUR1,11,gene,435580,436785,+,Verified,1205,False,434924.0,435224.0,435224.0,435724.0,435224,436927.0,435224.0,436927.0,435224.0,436927.0
YKL003C,MRP17,11,gene,437097,437492,-,Verified,395,False,437486.0,437786.0,436986.0,437486.0,437000,437486.0,437486.0,437000.0,437486.0,437000.0
YKL002W,DID4,11,gene,437778,438544,+,Verified,766,False,437402.0,437702.0,437702.0,438202.0,437702,438621.0,437702.0,438621.0,437702.0,438621.0
YKL001C,MET14,11,gene,438777,439385,-,Verified,608,False,439430.0,439730.0,438930.0,439430.0,438701,439430.0,439430.0,438701.0,439430.0,438701.0
YKR001C,VPS1,11,gene,440608,442722,-,Verified,2114,False,442765.0,443065.0,442265.0,442765.0,440467,442765.0,442765.0,440467.0,442765.0,440467.0
YKR002W,PAP1,11,gene,443232,444938,+,Verified,1706,False,442728.0,443028.0,443028.0,443528.0,443028,445015.0,443028.0,445015.0,443028.0,445015.0
YKR003W,OSH6,11,gene,445381,446727,+,Verified,1346,False,445022.0,445322.0,445322.0,445822.0,445322,446817.0,445322.0,446817.0,445322.0,446817.0
YKR004C,ECM9,11,gene,446799,448036,-,Verified,1237,False,448084.0,448384.0,447584.0,448084.0,446734,448084.0,448084.0,446734.0,448084.0,446734.0
YKR005C,YKR005C,11,gene,448521,450167,-,Uncharacterized,1646,,450167.0,450467.0,449667.0,450167.0,448521,450167.0,,,450167.0,448521.0
YKR006C,MRPL13,11,gene,450423,451217,-,Verified,794,False,451222.0,451522.0,450722.0,451222.0,450328,451222.0,451222.0,450328.0,451222.0,450328.0
YKR007W,MEH1,11,gene,451434,451988,+,Verified,554,False,451115.0,451415.0,451415.0,451915.0,451415,452070.0,451415.0,452070.0,451415.0,452070.0
YKR008W,RSC4,11,gene,452201,454078,+,Verified,1877,False,451870.0,452170.0,452170.0,452670.0,452170,454204.0,452170.0,454204.0,452170.0,454204.0
YKR009C,FOX2,11,gene,454352,457054,-,Verified,2702,,457054.0,457354.0,456554.0,457054.0,454352,457054.0,,,457054.0,454352.0
YKR010C,TOF2,11,gene,458924,461239,-,Verified,2315,False,461354.0,461654.0,460854.0,461354.0,458822,461354.0,461354.0,458822.0,461354.0,458822.0
YKR011C,YKR011C,11,gene,461635,462696,-,Uncharacterized,1061,False,462805.0,463105.0,462305.0,462805.0,461525,462805.0,462805.0,461525.0,462805.0,461525.0
YKR013W,PRY2,11,gene,463959,464948,+,Verified,989,False,463620.0,463920.0,463920.0,464420.0,463920,465050.0,463920.0,465050.0,463920.0,465050.0
YKR014C,YPT52,11,gene,465367,466071,-,Verified,704,False,466181.0,466481.0,465681.0,466181.0,465137,466181.0,466181.0,465137.0,466181.0,465137.0
YKR015C,YKR015C,11,gene,466961,468667,-,Uncharacterized,1706,,468667.0,468967.0,468167.0,468667.0,466961,468667.0,,,468667.0,466961.0
YKR016W,FCJ1,11,gene,469717,471339,+,Verified,1622,False,469370.0,469670.0,469670.0,470170.0,469670,471457.0,469670.0,471457.0,469670.0,471457.0
YKR017C,YKR017C,11,gene,471694,473349,-,Uncharacterized,1655,False,473457.0,473757.0,472957.0,473457.0,471490,473457.0,473457.0,471490.0,473457.0,471490.0
YKR018C,YKR018C,11,gene,473723,475900,-,Uncharacterized,2177,False,475929.0,476229.0,475429.0,475929.0,473571,475929.0,475929.0,473571.0,475929.0,473571.0
YKR019C,IRS4,11,gene,476216,478063,-,Verified,1847,False,478146.0,478446.0,477646.0,478146.0,476079,478146.0,478146.0,476079.0,478146.0,476079.0
YKR020W,VPS51,11,gene,478338,478832,+,Verified,494,False,478022.0,478322.0,478322.0,478822.0,478322,479050.0,478322.0,479050.0,478322.0,479050.0
YKR021W,ALY1,11,gene,479234,481981,+,Verified,2747,False,478866.0,479166.0,479166.0,479666.0,479166,482137.0,479166.0,482137.0,479166.0,482137.0
YKR022C,NTR2,11,gene,482171,483139,-,Verified,968,False,483196.0,483496.0,482696.0,483196.0,482041,483196.0,483196.0,482041.0,483196.0,482041.0
YKR023W,YKR023W,11,gene,483419,485011,+,Uncharacterized,1592,False,483072.0,483372.0,483372.0,483872.0,483372,485071.0,483372.0,485071.0,483372.0,485071.0
YKR024C,DBP7,11,gene,485144,487372,-,Verified,2228,False,487400.0,487700.0,486900.0,487400.0,485068,487400.0,487400.0,485068.0,487400.0,485068.0
YKR025W,RPC37,11,gene,487770,488618,+,Verified,848,False,487440.0,487740.0,487740.0,488240.0,487740,488721.0,487740.0,488721.0,487740.0,488721.0
YKR026C,GCN3,11,gene,488738,489655,-,Verified,917,False,489737.0,490037.0,489237.0,489737.0,488566,489737.0,489737.0,488566.0,489737.0,488566.0
YKR027W,BCH2,11,gene,491364,493661,+,Verified,2297,False,491004.0,491304.0,491304.0,491804.0,491304,493743.0,491304.0,493743.0,491304.0,493743.0
YKR028W,SAP190,11,gene,494257,497358,+,Verified,3101,False,493696.0,493996.0,493996.0,494496.0,493996,497485.0,493996.0,497485.0,493996.0,497485.0
YKR029C,SET3,11,gene,497578,499833,-,Verified,2255,False,499873.0,500173.0,499373.0,499873.0,497568,499873.0,499873.0,497568.0,499873.0,497568.0
YKR030W,GMH1,11,gene,500282,501103,+,Verified,821,False,499931.0,500231.0,500231.0,500731.0,500231,501214.0,500231.0,501214.0,500231.0,501214.0
YKR031C,SPO14,11,gene,501344,506395,-,Verified,5051,False,506491.0,506791.0,505991.0,506491.0,501123,506491.0,506491.0,501123.0,506491.0,501123.0
YKR034W,DAL80,11,gene,506898,507707,+,Verified,809,,506598.0,506898.0,506898.0,507398.0,506898,507707.0,,,506898.0,507707.0
YKR035W-A,DID2,11,gene,507939,508553,+,Verified,614,False,507623.0,507923.0,507923.0,508423.0,507923,508682.0,507923.0,508682.0,507923.0,508682.0
YKR036C,CAF4,11,gene,508702,510633,-,Verified,1931,False,510664.0,510964.0,510164.0,510664.0,508584,510664.0,510664.0,508584.0,510664.0,508584.0
YKR037C,SPC34,11,gene,510910,511797,-,Verified,887,False,511807.0,512107.0,511307.0,511807.0,510747,511807.0,511807.0,510747.0,511807.0,510747.0
YKR038C,KAE1,11,gene,511999,513159,-,Verified,1160,False,513178.0,513478.0,512678.0,513178.0,511908,513178.0,513178.0,511908.0,513178.0,511908.0
YKR039W,GAP1,11,gene,515063,516871,+,Verified,1808,False,514692.0,514992.0,514992.0,515492.0,514992,516942.0,514992.0,516942.0,514992.0,516942.0
YKR041W,YKR041W,11,gene,518198,518950,+,Uncharacterized,752,False,517893.0,518193.0,518193.0,518693.0,518193,518950.0,518193.0,,518193.0,518950.0
YKR042W,UTH1,11,gene,519527,520624,+,Verified,1097,False,519020.0,519320.0,519320.0,519820.0,519320,520859.0,519320.0,520859.0,519320.0,520859.0
YKR043C,YKR043C,11,gene,520897,521712,-,Verified,815,False,521745.0,522045.0,521245.0,521745.0,520781,521745.0,521745.0,520781.0,521745.0,520781.0
YKR044W,UIP5,11,gene,522015,523346,+,Verified,1331,False,521656.0,521956.0,521956.0,522456.0,521956,523402.0,521956.0,523402.0,521956.0,523402.0
YKR045C,YKR045C,11,gene,523418,523969,-,Uncharacterized,551,False,523998.0,524298.0,523498.0,523998.0,523298,523998.0,523998.0,523298.0,523998.0,523298.0
YKR046C,PET10,11,gene,524223,525074,-,Verified,851,False,525084.0,525384.0,524584.0,525084.0,524067,525084.0,525084.0,524067.0,525084.0,524067.0
YKR048C,NAP1,11,gene,525387,526640,-,Verified,1253,False,526660.0,526960.0,526160.0,526660.0,525256,526660.0,526660.0,525256.0,526660.0,525256.0
YKR049C,FMP46,11,gene,526830,527231,-,Verified,401,False,527250.0,527550.0,526750.0,527250.0,526764,527250.0,527250.0,526764.0,527250.0,526764.0
YKR050W,TRK2,11,gene,527815,530484,+,Verified,2669,False,527495.0,527795.0,527795.0,528295.0,527795,530679.0,527795.0,530679.0,527795.0,530679.0
YKR051W,YKR051W,11,gene,530946,532202,+,Uncharacterized,1256,False,530520.0,530820.0,530820.0,531320.0,530820,532293.0,530820.0,532293.0,530820.0,532293.0
YKR052C,MRS4,11,gene,532550,533464,-,Verified,914,False,533536.0,533836.0,533036.0,533536.0,532177,533536.0,533536.0,532177.0,533536.0,532177.0
YKR053C,YSR3,11,gene,534067,535281,-,Verified,1214,,535281.0,535581.0,534781.0,535281.0,534067,535281.0,,,535281.0,534067.0
YKR054C,DYN1,11,gene,535647,547925,-,Verified,12278,False,547991.0,548291.0,547491.0,547991.0,535413,547991.0,547991.0,535413.0,547991.0,535413.0
YKR055W,RHO4,11,gene,548216,549091,+,Verified,875,False,547875.0,548175.0,548175.0,548675.0,548175,549394.0,548175.0,549394.0,548175.0,549394.0
YKR056W,TRM2,11,gene,549448,551367,+,Verified,1919,False,549264.0,549564.0,549564.0,550064.0,549564,551432.0,549564.0,551432.0,549564.0,551432.0
YKR057W,RPS21A,11,gene,551657,552242,+,Verified,585,False,551328.0,551628.0,551628.0,552128.0,551628,552442.0,551628.0,552442.0,551628.0,552442.0
YKR058W,GLG1,11,gene,552770,554620,+,Verified,1850,,552470.0,552770.0,552770.0,553270.0,552770,554620.0,,,552770.0,554620.0
YKR059W,TIF1,11,gene,554987,556174,+,Verified,1187,False,554657.0,554957.0,554957.0,555457.0,554957,556284.0,554957.0,556284.0,554957.0,556284.0
YKR060W,UTP30,11,gene,556518,557342,+,Verified,824,False,556188.0,556488.0,556488.0,556988.0,556488,557454.0,556488.0,557454.0,556488.0,557454.0
YKR061W,KTR2,11,gene,557677,558954,+,Verified,1277,False,557296.0,557596.0,557596.0,558096.0,557596,559140.0,557596.0,559140.0,557596.0,559140.0
YKR062W,TFA2,11,gene,559666,560652,+,Verified,986,False,559276.0,559576.0,559576.0,560076.0,559576,560882.0,559576.0,560882.0,559576.0,560882.0
YKR063C,LAS1,11,gene,560789,562297,-,Verified,1508,False,562309.0,562609.0,561809.0,562309.0,560650,562309.0,562309.0,560650.0,562309.0,560650.0
YKR064W,OAF3,11,gene,562547,565138,+,Verified,2591,False,562204.0,562504.0,562504.0,563004.0,562504,565165.0,562504.0,565165.0,562504.0,565165.0
YKR065C,PAM17,11,gene,565299,565892,-,Verified,593,False,565922.0,566222.0,565422.0,565922.0,565180,565922.0,565922.0,565180.0,565922.0,565180.0
YKR066C,CCP1,11,gene,566113,567198,-,Verified,1085,False,567203.0,567503.0,566703.0,567203.0,566022,567203.0,567203.0,566022.0,567203.0,566022.0
YKR067W,GPT2,11,gene,567918,570149,+,Verified,2231,False,567531.0,567831.0,567831.0,568331.0,567831,570305.0,567831.0,570305.0,567831.0,570305.0
YKR068C,BET3,11,gene,570328,570909,-,Verified,581,False,570943.0,571243.0,570443.0,570943.0,570161,570943.0,570943.0,570161.0,570943.0,570161.0
YKR069W,MET1,11,gene,571612,573393,+,Verified,1781,False,571151.0,571451.0,571451.0,571951.0,571451,573429.0,571451.0,573429.0,571451.0,573429.0
YKR070W,YKR070W,11,gene,573574,574632,+,Uncharacterized,1058,False,573268.0,573568.0,573568.0,574068.0,573568,574763.0,573568.0,574763.0,573568.0,574763.0
YKR071C,DRE2,11,gene,574934,575980,-,Verified,1046,False,576024.0,576324.0,575524.0,576024.0,574666,576024.0,576024.0,574666.0,576024.0,574666.0
YKR072C,SIS2,11,gene,576435,578123,-,Verified,1688,False,578271.0,578571.0,577771.0,578271.0,576396,578271.0,578271.0,576396.0,578271.0,576396.0
YKR074W,AIM29,11,gene,579209,579676,+,Verified,467,False,578918.0,579218.0,579218.0,579718.0,579218,579801.0,579218.0,579801.0,579218.0,579801.0
YKR075C,YKR075C,11,gene,579827,580750,-,Uncharacterized,923,False,580794.0,581094.0,580294.0,580794.0,579705,580794.0,580794.0,579705.0,580794.0,579705.0
YKR076W,ECM4,11,gene,582283,583395,+,Verified,1112,False,581689.0,581989.0,581989.0,582489.0,581989,583436.0,581989.0,583436.0,581989.0,583436.0
YKR077W,MSA2,11,gene,583653,584744,+,Verified,1091,False,583326.0,583626.0,583626.0,584126.0,583626,584819.0,583626.0,584819.0,583626.0,584819.0
YKR078W,YKR078W,11,gene,584952,586709,+,Verified,1757,False,584662.0,584962.0,584962.0,585462.0,584962,586753.0,584962.0,586753.0,584962.0,586753.0
YKR079C,TRZ1,11,gene,586789,589305,-,Verified,2516,False,589518.0,589818.0,589018.0,589518.0,586648,589518.0,589518.0,586648.0,589518.0,586648.0
YKR080W,MTD1,11,gene,590395,591357,+,Verified,962,False,590033.0,590333.0,590333.0,590833.0,590333,591508.0,590333.0,591508.0,590333.0,591508.0
YKR081C,RPF2,11,gene,591506,592540,-,Verified,1034,False,592562.0,592862.0,592062.0,592562.0,591422,592562.0,592562.0,591422.0,592562.0,591422.0
YKR082W,NUP133,11,gene,592825,596298,+,Verified,3473,False,592478.0,592778.0,592778.0,593278.0,592778,596374.0,592778.0,596374.0,592778.0,596374.0
YKR083C,DAD2,11,gene,596421,596822,-,Verified,401,False,596891.0,597191.0,596391.0,596891.0,596245,596891.0,596891.0,596245.0,596891.0,596245.0
YKR084C,HBS1,11,gene,597055,598890,-,Verified,1835,False,598926.0,599226.0,598426.0,598926.0,596972,598926.0,598926.0,596972.0,598926.0,596972.0
YKR085C,MRPL20,11,gene,599094,599681,-,Verified,587,False,599691.0,599991.0,599191.0,599691.0,599004,599691.0,599691.0,599004.0,599691.0,599004.0
YKR086W,PRP16,11,gene,599857,603072,+,Verified,3215,False,599533.0,599833.0,599833.0,600333.0,599833,603166.0,599833.0,603166.0,599833.0,603166.0
YKR087C,OMA1,11,gene,603195,604232,-,Verified,1037,False,604238.0,604538.0,603738.0,604238.0,603096,604238.0,604238.0,603096.0,604238.0,603096.0
YKR088C,TVP38,11,gene,604405,605418,-,Verified,1013,False,605432.0,605732.0,604932.0,605432.0,604338,605432.0,605432.0,604338.0,605432.0,604338.0
YKR089C,TGL4,11,gene,605633,608365,-,Verified,2732,False,608443.0,608743.0,607943.0,608443.0,605552,608443.0,608443.0,605552.0,608443.0,605552.0
YKR090W,PXL1,11,gene,608946,611066,+,Verified,2120,False,608474.0,608774.0,608774.0,609274.0,608774,611208.0,608774.0,611208.0,608774.0,611208.0
YKR091W,SRL3,11,gene,611525,612265,+,Verified,740,False,611192.0,611492.0,611492.0,611992.0,611492,612265.0,611492.0,,611492.0,612265.0
YKR092C,SRP40,11,gene,612665,613885,-,Verified,1220,False,613915.0,614215.0,613415.0,613915.0,612419,613915.0,613915.0,612419.0,613915.0,612419.0
YKR093W,PTR2,11,gene,615730,617535,+,Verified,1805,False,615337.0,615637.0,615637.0,616137.0,615637,617736.0,615637.0,617736.0,615637.0,617736.0
YKR094C,RPL40B,11,gene,617996,618750,-,Verified,754,False,618800.0,619100.0,618300.0,618800.0,617809,618800.0,618800.0,617809.0,618800.0,617809.0
YKR095W,MLP1,11,gene,619805,625432,+,Verified,5627,False,619332.0,619632.0,619632.0,620132.0,619632,625620.0,619632.0,625620.0,619632.0,625620.0
YKR095W-A,PCC1,11,gene,625864,626205,+,Verified,341,False,625555.0,625855.0,625855.0,626355.0,625855,626300.0,625855.0,626300.0,625855.0,626300.0
YKR096W,YKR096W,11,gene,626793,630380,+,Verified,3587,False,626274.0,626574.0,626574.0,627074.0,626574,630491.0,626574.0,630491.0,626574.0,630491.0
YKR097W,PCK1,11,gene,631152,632801,+,Verified,1649,,630852.0,631152.0,631152.0,631652.0,631152,632801.0,,,631152.0,632801.0
YKR098C,UBP11,11,gene,633026,635179,-,Verified,2153,False,635284.0,635584.0,634784.0,635284.0,632946,635284.0,635284.0,632946.0,635284.0,632946.0
YKR099W,BAS1,11,gene,635851,638286,+,Verified,2435,False,635269.0,635569.0,635569.0,636069.0,635569,638395.0,635569.0,638395.0,635569.0,638395.0
YKR100C,SKG1,11,gene,638901,639968,-,Verified,1067,False,640320.0,640620.0,639820.0,640320.0,638724,640320.0,640320.0,638724.0,640320.0,638724.0
YKR101W,SIR1,11,gene,640540,642504,+,Verified,1964,False,640231.0,640531.0,640531.0,641031.0,640531,642732.0,640531.0,642732.0,640531.0,642732.0
YKR102W,FLO10,11,gene,646356,649865,+,Verified,3509,,646056.0,646356.0,646356.0,646856.0,646356,649865.0,,,646356.0,649865.0
YKR103W,NFT1,11,gene,653080,656736,+,Verified,3656,,652780.0,653080.0,653080.0,653580.0,653080,656736.0,,,653080.0,656736.0
YKR104W,YKR104W,11,gene,656836,657756,+,Verified,920,,656536.0,656836.0,656836.0,657336.0,656836,657756.0,,,656836.0,657756.0
YKR105C,VBA5,11,gene,658716,660464,-,Uncharacterized,1748,,660464.0,660764.0,659964.0,660464.0,658716,660464.0,,,660464.0,658716.0
YKR106W,YKR106W,11,gene,661442,663289,+,Uncharacterized,1847,,661142.0,661442.0,661442.0,661942.0,661442,663289.0,,,661442.0,663289.0
YLL067C,YLL067C,12,gene,585,4301,-,Uncharacterized,3716,False,5226.0,5526.0,4726.0,5226.0,407,5226.0,5226.0,407.0,5226.0,407.0
YLL066W-B,YLL066W-B,12,gene,5605,5775,+,Uncharacterized,170,,5305.0,5605.0,5605.0,6105.0,5605,5775.0,,,5605.0,5775.0
YLL066C,YLL066C,12,gene,6120,9836,-,Uncharacterized,3716,False,10753.0,11053.0,10253.0,10753.0,6044,10753.0,10753.0,6044.0,10753.0,6044.0
YLL064C,PAU18,12,gene,13083,13445,-,Verified,362,,13445.0,13745.0,12945.0,13445.0,13083,13445.0,,,13445.0,13083.0
YLL063C,AYT1,12,gene,14648,16072,-,Verified,1424,False,16042.0,16342.0,15542.0,16042.0,14490,16042.0,16042.0,14490.0,16042.0,14490.0
YLL062C,MHT1,12,gene,16639,17613,-,Verified,974,False,17693.0,17993.0,17193.0,17693.0,16516,17693.0,17693.0,16516.0,17693.0,16516.0
YLL061W,MMP1,12,gene,17956,19707,+,Verified,1751,False,17650.0,17950.0,17950.0,18450.0,17950,19761.0,17950.0,19761.0,17950.0,19761.0
YLL060C,GTT2,12,gene,21138,21839,-,Verified,701,,21839.0,22139.0,21339.0,21839.0,21138,21839.0,,,21839.0,21138.0
YLL058W,YLL058W,12,gene,23569,25296,+,Uncharacterized,1727,False,23177.0,23477.0,23477.0,23977.0,23477,25381.0,23477.0,25381.0,23477.0,25381.0
YLL057C,JLP1,12,gene,25756,26994,-,Verified,1238,False,27009.0,27309.0,26509.0,27009.0,25566,27009.0,27009.0,25566.0,27009.0,25566.0
YLL056C,YLL056C,12,gene,27409,28305,-,Uncharacterized,896,False,28048.0,28348.0,27548.0,28048.0,27289,28048.0,28048.0,27289.0,28048.0,27289.0
YLL055W,YCT1,12,gene,30109,31704,+,Verified,1595,False,29326.0,29626.0,29626.0,30126.0,29626,31768.0,29626.0,31768.0,29626.0,31768.0
YLL054C,YLL054C,12,gene,32673,35204,-,Uncharacterized,2531,False,35256.0,35556.0,34756.0,35256.0,32314,35256.0,35256.0,32314.0,35256.0,32314.0
YLL053C,YLL053C,12,gene,35503,35961,-,Uncharacterized,458,,35961.0,36261.0,35461.0,35961.0,35503,35961.0,,,35961.0,35503.0
YLL052C,AQY2,12,gene,35912,36361,-,Verified,449,False,36384.0,36684.0,35884.0,36384.0,35912,36384.0,36384.0,,36384.0,35912.0
YLL051C,FRE6,12,gene,37333,39471,-,Verified,2138,False,39542.0,39842.0,39042.0,39542.0,37152,39542.0,39542.0,37152.0,39542.0,37152.0
YLL050C,COF1,12,gene,39804,40414,-,Verified,610,False,40444.0,40744.0,39944.0,40444.0,39681,40444.0,40444.0,39681.0,40444.0,39681.0
YLL049W,LDB18,12,gene,40666,41205,+,Verified,539,False,40342.0,40642.0,40642.0,41142.0,40642,41299.0,40642.0,41299.0,40642.0,41299.0
YLL048C,YBT1,12,gene,41280,46265,-,Verified,4985,False,46434.0,46734.0,45934.0,46434.0,41176,46434.0,46434.0,41176.0,46434.0,41176.0
YLL046C,RNP1,12,gene,46714,47463,-,Verified,749,,47463.0,47763.0,46963.0,47463.0,46714,47463.0,,,47463.0,46714.0
YLL045C,RPL8B,12,gene,47859,48629,-,Verified,770,False,48653.0,48953.0,48153.0,48653.0,47747,48653.0,48653.0,47747.0,48653.0,47747.0
YLL043W,FPS1,12,gene,49938,51947,+,Verified,2009,False,49566.0,49866.0,49866.0,50366.0,49866,52114.0,49866.0,52114.0,49866.0,52114.0
YLL042C,ATG10,12,gene,52087,52590,-,Verified,503,False,52640.0,52940.0,52140.0,52640.0,51986,52640.0,52640.0,51986.0,52640.0,51986.0
YLL041C,SDH2,12,gene,53131,53931,-,Verified,800,False,54009.0,54309.0,53509.0,54009.0,52854,54009.0,54009.0,52854.0,54009.0,52854.0
YLL040C,VPS13,12,gene,54211,63645,-,Verified,9434,False,63757.0,64057.0,63257.0,63757.0,54146,63757.0,63757.0,54146.0,63757.0,54146.0
YLL039C,UBI4,12,gene,64062,65207,-,Verified,1145,False,65305.0,65605.0,64805.0,65305.0,64006,65305.0,65305.0,64006.0,65305.0,64006.0
YLL038C,ENT4,12,gene,65775,66518,-,Verified,743,False,66569.0,66869.0,66069.0,66569.0,65775,66569.0,66569.0,,66569.0,65775.0
YLL036C,PRP19,12,gene,66745,68256,-,Verified,1511,False,68269.0,68569.0,67769.0,68269.0,66661,68269.0,68269.0,66661.0,68269.0,66661.0
YLL035W,GRC3,12,gene,68580,70478,+,Verified,1898,False,68120.0,68420.0,68420.0,68920.0,68420,70711.0,68420.0,70711.0,68420.0,70711.0
YLL034C,RIX7,12,gene,70633,73146,-,Verified,2513,False,73185.0,73485.0,72685.0,73185.0,70479,73185.0,73185.0,70479.0,73185.0,70479.0
YLL033W,IRC19,12,gene,73409,74101,+,Verified,692,False,73096.0,73396.0,73396.0,73896.0,73396,74252.0,73396.0,74252.0,73396.0,74252.0
YLL032C,YLL032C,12,gene,74270,76747,-,Verified,2477,False,76853.0,77153.0,76353.0,76853.0,73953,76853.0,76853.0,73953.0,76853.0,73953.0
YLL031C,GPI13,12,gene,77152,80205,-,Verified,3053,False,80270.0,80570.0,79770.0,80270.0,77060,80270.0,80270.0,77060.0,80270.0,77060.0
YLL029W,FRA1,12,gene,81461,83710,+,Verified,2249,False,81059.0,81359.0,81359.0,81859.0,81359,83815.0,81359.0,83815.0,81359.0,83815.0
YLL028W,TPO1,12,gene,84804,86564,+,Verified,1760,False,84347.0,84647.0,84647.0,85147.0,84647,86727.0,84647.0,86727.0,84647.0,86727.0
YLL027W,ISA1,12,gene,87403,88155,+,Verified,752,False,86957.0,87257.0,87257.0,87757.0,87257,88315.0,87257.0,88315.0,87257.0,88315.0
YLL026W,HSP104,12,gene,88623,91349,+,Verified,2726,False,88274.0,88574.0,88574.0,89074.0,88574,91435.0,88574.0,91435.0,88574.0,91435.0
YLL025W,PAU17,12,gene,94747,95121,+,Verified,374,False,93913.0,94213.0,94213.0,94713.0,94213,95335.0,94213.0,95335.0,94213.0,95335.0
YLL024C,SSA2,12,gene,95566,97485,-,Verified,1919,False,97516.0,97816.0,97016.0,97516.0,95433,97516.0,97516.0,95433.0,97516.0,95433.0
YLL023C,POM33,12,gene,97997,98836,-,Verified,839,False,98890.0,99190.0,98390.0,98890.0,97872,98890.0,98890.0,97872.0,98890.0,97872.0
YLL022C,HIF1,12,gene,99044,100201,-,Verified,1157,False,100194.0,100494.0,99694.0,100194.0,98987,100194.0,100194.0,98987.0,100194.0,98987.0
YLL021W,SPA2,12,gene,100947,105347,+,Verified,4400,False,100504.0,100804.0,100804.0,101304.0,100804,105453.0,100804.0,105453.0,100804.0,105453.0
YLL019C,KNS1,12,gene,105686,107899,-,Verified,2213,,107899.0,108199.0,107399.0,107899.0,105686,107899.0,,,107899.0,105686.0
YLL018C-A,COX19,12,gene,108676,108972,-,Verified,296,False,109031.0,109331.0,108531.0,109031.0,108676,109031.0,109031.0,,109031.0,108676.0
YLL018C,DPS1,12,gene,109902,111575,-,Verified,1673,False,111615.0,111915.0,111115.0,111615.0,109747,111615.0,111615.0,109747.0,111615.0,109747.0
YLL015W,BPT1,12,gene,116432,121111,+,Verified,4679,False,116014.0,116314.0,116314.0,116814.0,116314,121149.0,116314.0,121149.0,116314.0,121149.0
YLL014W,EMC6,12,gene,121322,121648,+,Verified,326,False,121005.0,121305.0,121305.0,121805.0,121305,121738.0,121305.0,121738.0,121305.0,121738.0
YLL013C,PUF3,12,gene,122075,124714,-,Verified,2639,False,125028.0,125328.0,124528.0,125028.0,121906,125028.0,125028.0,121906.0,125028.0,121906.0
YLL012W,YEH1,12,gene,125534,127255,+,Verified,1721,False,125182.0,125482.0,125482.0,125982.0,125482,127335.0,125482.0,127335.0,125482.0,127335.0
YLL011W,SOF1,12,gene,127523,128992,+,Verified,1469,False,127213.0,127513.0,127513.0,128013.0,127513,129056.0,127513.0,129056.0,127513.0,129056.0
YLL010C,PSR1,12,gene,129330,130613,-,Verified,1283,False,130797.0,131097.0,130297.0,130797.0,129072,130797.0,130797.0,129072.0,130797.0,129072.0
YLL009C,COX17,12,gene,131205,131414,-,Verified,209,False,131467.0,131767.0,130967.0,131467.0,131086,131467.0,131467.0,131086.0,131467.0,131086.0
YLL008W,DRS1,12,gene,131729,133987,+,Verified,2258,False,131400.0,131700.0,131700.0,132200.0,131700,134121.0,131700.0,134121.0,131700.0,134121.0
YLL007C,YLL007C,12,gene,134302,136299,-,Uncharacterized,1997,False,136376.0,136676.0,135876.0,136376.0,134125,136376.0,136376.0,134125.0,136376.0,134125.0
YLL006W-A,YLL006W-A,12,gene,136345,136521,+,Uncharacterized,176,,136045.0,136345.0,136345.0,136845.0,136345,136521.0,,,136345.0,136521.0
YLL006W,MMM1,12,gene,136586,137866,+,Verified,1280,False,136266.0,136566.0,136566.0,137066.0,136566,137902.0,136566.0,137902.0,136566.0,137902.0
YLL005C,SPO75,12,gene,137940,140546,-,Verified,2606,,140546.0,140846.0,140046.0,140546.0,137940,140546.0,,,140546.0,137940.0
YLL004W,ORC3,12,gene,141073,142923,+,Verified,1850,False,140768.0,141068.0,141068.0,141568.0,141068,142999.0,141068.0,142999.0,141068.0,142999.0
YLL003W,SFI1,12,gene,143201,146041,+,Verified,2840,False,142854.0,143154.0,143154.0,143654.0,143154,146102.0,143154.0,146102.0,143154.0,146102.0
YLL002W,RTT109,12,gene,146291,147601,+,Verified,1310,False,145977.0,146277.0,146277.0,146777.0,146277,147670.0,146277.0,147670.0,146277.0,147670.0
YLL001W,DNM1,12,gene,147890,150163,+,Verified,2273,False,147561.0,147861.0,147861.0,148361.0,147861,150413.0,147861.0,150413.0,147861.0,150413.0
YLR001C,YLR001C,12,gene,151389,153977,-,Uncharacterized,2588,False,154009.0,154309.0,153509.0,154009.0,151334,154009.0,154009.0,151334.0,154009.0,151334.0
YLR002C,NOC3,12,gene,154343,156334,-,Verified,1991,False,156371.0,156671.0,155871.0,156371.0,154246,156371.0,156371.0,154246.0,156371.0,154246.0
YLR003C,CMS1,12,gene,156855,157730,-,Uncharacterized,875,False,157749.0,158049.0,157249.0,157749.0,156771,157749.0,157749.0,156771.0,157749.0,156771.0
YLR004C,THI73,12,gene,157934,159505,-,Verified,1571,False,159817.0,160117.0,159317.0,159817.0,157869,159817.0,159817.0,157869.0,159817.0,157869.0
YLR005W,SSL1,12,gene,160049,161434,+,Verified,1385,False,159721.0,160021.0,160021.0,160521.0,160021,161706.0,160021.0,161706.0,160021.0,161706.0
YLR006C,SSK1,12,gene,161755,163893,-,Verified,2138,False,164069.0,164369.0,163569.0,164069.0,161675,164069.0,164069.0,161675.0,164069.0,161675.0
YLR007W,NSE1,12,gene,164392,165402,+,Verified,1010,False,164086.0,164386.0,164386.0,164886.0,164386,165449.0,164386.0,165449.0,164386.0,165449.0
YLR008C,PAM18,12,gene,165577,166083,-,Verified,506,False,166195.0,166495.0,165695.0,166195.0,165306,166195.0,166195.0,165306.0,166195.0,165306.0
YLR009W,RLP24,12,gene,166537,167136,+,Verified,599,False,166098.0,166398.0,166398.0,166898.0,166398,167269.0,166398.0,167269.0,166398.0,167269.0
YLR010C,TEN1,12,gene,167320,167802,-,Verified,482,False,168037.0,168337.0,167537.0,168037.0,167117,168037.0,168037.0,167117.0,168037.0,167117.0
YLR011W,LOT6,12,gene,169103,169678,+,Verified,575,False,168736.0,169036.0,169036.0,169536.0,169036,169800.0,169036.0,169800.0,169036.0,169800.0
YLR012C,YLR012C,12,gene,169982,170281,-,Uncharacterized,299,,170281.0,170581.0,169781.0,170281.0,169982,170281.0,,,170281.0,169982.0
YLR013W,GAT3,12,gene,171339,171764,+,Verified,425,,171039.0,171339.0,171339.0,171839.0,171339,171764.0,,,171339.0,171764.0
YLR014C,PPR1,12,gene,172268,174982,-,Verified,2714,False,175027.0,175327.0,174527.0,175027.0,171992,175027.0,175027.0,171992.0,175027.0,171992.0
YLR015W,BRE2,12,gene,175227,176744,+,Verified,1517,False,174891.0,175191.0,175191.0,175691.0,175191,176917.0,175191.0,176917.0,175191.0,176917.0
YLR016C,PML1,12,gene,176802,177416,-,Verified,614,False,177450.0,177750.0,176950.0,177450.0,176755,177450.0,177450.0,176755.0,177450.0,176755.0
YLR017W,MEU1,12,gene,177608,178621,+,Verified,1013,False,177315.0,177615.0,177615.0,178115.0,177615,178709.0,177615.0,178709.0,177615.0,178709.0
YLR018C,POM34,12,gene,178707,179606,-,Verified,899,False,179697.0,179997.0,179197.0,179697.0,178608,179697.0,179697.0,178608.0,179697.0,178608.0
YLR019W,PSR2,12,gene,180288,181481,+,Verified,1193,False,179683.0,179983.0,179983.0,180483.0,179983,181619.0,179983.0,181619.0,179983.0,181619.0
YLR020C,YEH2,12,gene,181789,183405,-,Verified,1616,False,183445.0,183745.0,182945.0,183445.0,181613,183445.0,183445.0,181613.0,183445.0,181613.0
YLR021W,IRC25,12,gene,183623,184162,+,Verified,539,False,183292.0,183592.0,183592.0,184092.0,183592,184211.0,183592.0,184211.0,183592.0,184211.0
YLR022C,SDO1,12,gene,184174,184926,-,Verified,752,False,184928.0,185228.0,184428.0,184928.0,184113,184928.0,184928.0,184113.0,184928.0,184113.0
YLR023C,IZH3,12,gene,185498,187129,-,Verified,1631,False,187318.0,187618.0,186818.0,187318.0,185418,187318.0,187318.0,185418.0,187318.0,185418.0
YLR024C,UBR2,12,gene,187663,193281,-,Verified,5618,False,193466.0,193766.0,192966.0,193466.0,187639,193466.0,193466.0,187639.0,193466.0,187639.0
YLR025W,SNF7,12,gene,194452,195174,+,Verified,722,False,194104.0,194404.0,194404.0,194904.0,194404,195302.0,194404.0,195302.0,194404.0,195302.0
YLR026C,SED5,12,gene,195450,196472,-,Verified,1022,False,196588.0,196888.0,196088.0,196588.0,195418,196588.0,196588.0,195418.0,196588.0,195418.0
YLR027C,AAT2,12,gene,196829,198085,-,Verified,1256,False,198114.0,198414.0,197614.0,198114.0,196781,198114.0,198114.0,196781.0,198114.0,196781.0
YLR028C,ADE16,12,gene,199540,201315,-,Verified,1775,False,201469.0,201769.0,200969.0,201469.0,199458,201469.0,201469.0,199458.0,201469.0,199458.0
YLR029C,RPL15A,12,gene,201976,202590,-,Verified,614,False,202614.0,202914.0,202114.0,202614.0,201846,202614.0,202614.0,201846.0,202614.0,201846.0
YLR030W,YLR030W,12,gene,203290,204081,+,Uncharacterized,791,,202990.0,203290.0,203290.0,203790.0,203290,204081.0,,,203290.0,204081.0
YLR031W,YLR031W,12,gene,204225,204785,+,Uncharacterized,560,,203925.0,204225.0,204225.0,204725.0,204225,204785.0,,,204225.0,204785.0
YLR032W,RAD5,12,gene,204991,208500,+,Verified,3509,False,204641.0,204941.0,204941.0,205441.0,204941,208558.0,204941.0,208558.0,204941.0,208558.0
YLR033W,RSC58,12,gene,208761,210269,+,Verified,1508,False,208409.0,208709.0,208709.0,209209.0,208709,210468.0,208709.0,210468.0,208709.0,210468.0
YLR034C,SMF3,12,gene,210512,211933,-,Verified,1421,False,212093.0,212393.0,211593.0,212093.0,210353,212093.0,212093.0,210353.0,212093.0,210353.0
YLR035C,MLH2,12,gene,212369,214456,-,Verified,2087,False,214496.0,214796.0,213996.0,214496.0,212283,214496.0,214496.0,212283.0,214496.0,212283.0
YLR036C,YLR036C,12,gene,221521,222132,-,Uncharacterized,611,False,222186.0,222486.0,221686.0,222186.0,221354,222186.0,222186.0,221354.0,222186.0,221354.0
YLR037C,PAU23,12,gene,222685,223059,-,Verified,374,False,223257.0,223557.0,222757.0,223257.0,222469,223257.0,223257.0,222469.0,223257.0,222469.0
YLR038C,COX12,12,gene,224921,225172,-,Verified,251,False,225238.0,225538.0,224738.0,225238.0,224605,225238.0,225238.0,224605.0,225238.0,224605.0
YLR039C,RIC1,12,gene,225426,228596,-,Verified,3170,False,228535.0,228835.0,228035.0,228535.0,225364,228535.0,228535.0,225364.0,228535.0,225364.0
YLR040C,YLR040C,12,gene,228908,229582,-,Uncharacterized,674,False,229716.0,230016.0,229216.0,229716.0,228777,229716.0,229716.0,228777.0,229716.0,228777.0
YLR042C,YLR042C,12,gene,229966,230451,-,Uncharacterized,485,False,230533.0,230833.0,230033.0,230533.0,229861,230533.0,230533.0,229861.0,230533.0,229861.0
YLR043C,TRX1,12,gene,231702,232013,-,Verified,311,False,232060.0,232360.0,231560.0,232060.0,231613,232060.0,232060.0,231613.0,232060.0,231613.0
YLR044C,PDC1,12,gene,232390,234081,-,Verified,1691,False,234112.0,234412.0,233612.0,234112.0,232314,234112.0,234112.0,232314.0,234112.0,232314.0
YLR045C,STU2,12,gene,235037,237703,-,Verified,2666,False,237806.0,238106.0,237306.0,237806.0,234781,237806.0,237806.0,234781.0,237806.0,234781.0
YLR046C,YLR046C,12,gene,238001,238813,-,Uncharacterized,812,False,238982.0,239282.0,238482.0,238982.0,237966,238982.0,238982.0,237966.0,238982.0,237966.0
YLR047C,FRE8,12,gene,239347,241407,-,Verified,2060,False,241644.0,241944.0,241144.0,241644.0,239347,241644.0,241644.0,,241644.0,239347.0
YLR048W,RPS0B,12,gene,242232,243349,+,Verified,1117,False,241891.0,242191.0,242191.0,242691.0,242191,243592.0,242191.0,243592.0,242191.0,243592.0
YLR049C,YLR049C,12,gene,243886,245172,-,Uncharacterized,1286,False,245364.0,245664.0,244864.0,245364.0,243740,245364.0,245364.0,243740.0,245364.0,243740.0
YLR050C,YLR050C,12,gene,245587,246072,-,Uncharacterized,485,False,246084.0,246384.0,245584.0,246084.0,245483,246084.0,246084.0,245483.0,246084.0,245483.0
YLR051C,FCF2,12,gene,246324,246977,-,Verified,653,False,246999.0,247299.0,246499.0,246999.0,246224,246999.0,246999.0,246224.0,246999.0,246224.0
YLR052W,IES3,12,gene,247201,247953,+,Verified,752,False,246896.0,247196.0,247196.0,247696.0,247196,248098.0,247196.0,248098.0,247196.0,248098.0
YLR053C,YLR053C,12,gene,248100,248426,-,Uncharacterized,326,,248426.0,248726.0,247926.0,248426.0,248100,248426.0,,,248426.0,248100.0
YLR054C,OSW2,12,gene,248717,250978,-,Verified,2261,,250978.0,251278.0,250478.0,250978.0,248717,250978.0,,,250978.0,248717.0
YLR055C,SPT8,12,gene,251272,253080,-,Verified,1808,False,253139.0,253439.0,252639.0,253139.0,251235,253139.0,253139.0,251235.0,253139.0,251235.0
YLR056W,ERG3,12,gene,253861,254958,+,Verified,1097,False,253505.0,253805.0,253805.0,254305.0,253805,255086.0,253805.0,255086.0,253805.0,255086.0
YLR057W,YLR057W,12,gene,255306,257855,+,Uncharacterized,2549,False,254942.0,255242.0,255242.0,255742.0,255242,257942.0,255242.0,257942.0,255242.0,257942.0
YLR058C,SHM2,12,gene,257992,259401,-,Verified,1409,False,259441.0,259741.0,258941.0,259441.0,257844,259441.0,259441.0,257844.0,259441.0,257844.0
YLR059C,REX2,12,gene,259738,260547,-,Verified,809,False,260537.0,260837.0,260037.0,260537.0,259555,260537.0,260537.0,259555.0,260537.0,259555.0
YLR060W,FRS1,12,gene,260979,262766,+,Verified,1787,False,260651.0,260951.0,260951.0,261451.0,260951,262873.0,260951.0,262873.0,260951.0,262873.0
YLR061W,RPL22A,12,gene,263194,263948,+,Verified,754,False,262873.0,263173.0,263173.0,263673.0,263173,264040.0,263173.0,264040.0,263173.0,264040.0
YLR063W,YLR063W,12,gene,264157,265254,+,Uncharacterized,1097,False,263934.0,264234.0,264234.0,264734.0,264234,265619.0,264234.0,265619.0,264234.0,265619.0
YLR064W,PER33,12,gene,265456,266277,+,Verified,821,False,265101.0,265401.0,265401.0,265901.0,265401,266362.0,265401.0,266362.0,265401.0,266362.0
YLR065C,YLR065C,12,gene,266373,266918,-,Uncharacterized,545,False,266951.0,267251.0,266451.0,266951.0,266262,266951.0,266951.0,266262.0,266951.0,266262.0
YLR066W,SPC3,12,gene,267169,267723,+,Verified,554,False,266841.0,267141.0,267141.0,267641.0,267141,267815.0,267141.0,267815.0,267141.0,267815.0
YLR067C,PET309,12,gene,267813,270710,-,Verified,2897,,270710.0,271010.0,270210.0,270710.0,267813,270710.0,,,270710.0,267813.0
YLR068W,FYV7,12,gene,271008,271463,+,Verified,455,False,270672.0,270972.0,270972.0,271472.0,270972,271573.0,270972.0,271573.0,270972.0,271573.0
YLR069C,MEF1,12,gene,271630,273915,-,Verified,2285,False,273922.0,274222.0,273422.0,273922.0,271585,273922.0,273922.0,271585.0,273922.0,271585.0
YLR070C,XYL2,12,gene,274141,275211,-,Verified,1070,False,275037.0,275337.0,274537.0,275037.0,274038,275037.0,275037.0,274038.0,275037.0,274038.0
YLR071C,RGR1,12,gene,275378,278626,-,Verified,3248,False,278660.0,278960.0,278160.0,278660.0,275239,278660.0,278660.0,275239.0,278660.0,275239.0
YLR072W,YLR072W,12,gene,278862,280943,+,Uncharacterized,2081,False,278543.0,278843.0,278843.0,279343.0,278843,280997.0,278843.0,280997.0,278843.0,280997.0
YLR073C,RFU1,12,gene,281019,281621,-,Verified,602,False,281742.0,282042.0,281242.0,281742.0,280941,281742.0,281742.0,280941.0,281742.0,280941.0
YLR074C,BUD20,12,gene,281956,282456,-,Verified,500,False,282491.0,282791.0,281991.0,282491.0,281884,282491.0,282491.0,281884.0,282491.0,281884.0
YLR075W,RPL10,12,gene,282927,283592,+,Verified,665,False,282607.0,282907.0,282907.0,283407.0,282907,283711.0,282907.0,283711.0,282907.0,283711.0
YLR077W,FMP25,12,gene,283872,285623,+,Verified,1751,False,283542.0,283842.0,283842.0,284342.0,283842,285781.0,283842.0,285781.0,283842.0,285781.0
YLR078C,BOS1,12,gene,285736,286559,-,Verified,823,False,286613.0,286913.0,286113.0,286613.0,285645,286613.0,286613.0,285645.0,286613.0,285645.0
YLR079W,SIC1,12,gene,286820,287674,+,Verified,854,False,286473.0,286773.0,286773.0,287273.0,286773,287829.0,286773.0,287829.0,286773.0,287829.0
YLR080W,EMP46,12,gene,287916,289250,+,Verified,1334,False,287686.0,287986.0,287986.0,288486.0,287986,289328.0,287986.0,289328.0,287986.0,289328.0
YLR081W,GAL2,12,gene,290212,291936,+,Verified,1724,,289912.0,290212.0,290212.0,290712.0,290212,291936.0,,,290212.0,291936.0
YLR082C,SRL2,12,gene,292394,293572,-,Verified,1178,False,293629.0,293929.0,293129.0,293629.0,292046,293629.0,293629.0,292046.0,293629.0,292046.0
YLR083C,EMP70,12,gene,294091,296094,-,Verified,2003,False,296259.0,296559.0,295759.0,296259.0,293926,296259.0,296259.0,293926.0,296259.0,293926.0
YLR084C,RAX2,12,gene,296589,300251,-,Verified,3662,False,300293.0,300593.0,299793.0,300293.0,296516,300293.0,300293.0,296516.0,300293.0,296516.0
YLR085C,ARP6,12,gene,300673,301989,-,Verified,1316,False,302019.0,302319.0,301519.0,302019.0,300547,302019.0,302019.0,300547.0,302019.0,300547.0
YLR086W,SMC4,12,gene,302243,306499,+,Verified,4256,False,301888.0,302188.0,302188.0,302688.0,302188,306829.0,302188.0,306829.0,302188.0,306829.0
YLR087C,CSF1,12,gene,306855,315731,-,Verified,8876,False,315855.0,316155.0,315355.0,315855.0,306694,315855.0,315855.0,306694.0,315855.0,306694.0
YLR088W,GAA1,12,gene,316107,317951,+,Verified,1844,False,315776.0,316076.0,316076.0,316576.0,316076,318138.0,316076.0,318138.0,316076.0,318138.0
YLR089C,ALT1,12,gene,318237,320015,-,Uncharacterized,1778,False,320237.0,320537.0,319737.0,320237.0,318164,320237.0,320237.0,318164.0,320237.0,318164.0
YLR090W,XDJ1,12,gene,320701,322080,+,Verified,1379,False,320384.0,320684.0,320684.0,321184.0,320684,322179.0,320684.0,322179.0,320684.0,322179.0
YLR091W,GEP5,12,gene,322297,323178,+,Verified,881,False,321974.0,322274.0,322274.0,322774.0,322274,323485.0,322274.0,323485.0,322274.0,323485.0
YLR092W,SUL2,12,gene,323544,326225,+,Verified,2681,True,323200.0,323500.0,323500.0,324000.0,323500,326422.0,323500.0,326422.0,323500.0,326422.0
YLR093C,NYV1,12,gene,326513,327415,-,Verified,902,False,327471.0,327771.0,326971.0,327471.0,326249,327471.0,327471.0,326249.0,327471.0,326249.0
YLR094C,GIS3,12,gene,327730,329238,-,Verified,1508,False,329258.0,329558.0,328758.0,329258.0,327612,329258.0,329258.0,327612.0,329258.0,327612.0
YLR095C,IOC2,12,gene,329677,332115,-,Verified,2438,False,332129.0,332429.0,331629.0,332129.0,329620,332129.0,332129.0,329620.0,332129.0,329620.0
YLR096W,KIN2,12,gene,332590,336033,+,Verified,3443,False,332088.0,332388.0,332388.0,332888.0,332388,336147.0,332388.0,336147.0,332388.0,336147.0
YLR097C,HRT3,12,gene,336231,337265,-,Verified,1034,False,337324.0,337624.0,336824.0,337324.0,336127,337324.0,337324.0,336127.0,337324.0,336127.0
YLR098C,CHA4,12,gene,337527,339473,-,Verified,1946,,339473.0,339773.0,338973.0,339473.0,337527,339473.0,,,339473.0,337527.0
YLR099C,ICT1,12,gene,339744,340928,-,Verified,1184,False,340951.0,341251.0,340451.0,340951.0,339634,340951.0,340951.0,339634.0,340951.0,339634.0
YLR099W-A,YLR099W-A,12,gene,341325,341588,+,Uncharacterized,263,False,340992.0,341292.0,341292.0,341792.0,341292,341648.0,341292.0,341648.0,341292.0,341648.0
YLR100W,ERG27,12,gene,341810,342853,+,Verified,1043,False,341487.0,341787.0,341787.0,342287.0,341787,342940.0,341787.0,342940.0,341787.0,342940.0
YLR102C,APC9,12,gene,342970,343767,-,Verified,797,False,343781.0,344081.0,343281.0,343781.0,342791,343781.0,343781.0,342791.0,343781.0,342791.0
YLR103C,CDC45,12,gene,343989,345941,-,Verified,1952,False,346020.0,346320.0,345520.0,346020.0,343918,346020.0,346020.0,343918.0,346020.0,343918.0
YLR104W,LCL2,12,gene,346585,346980,+,Uncharacterized,395,False,346246.0,346546.0,346546.0,347046.0,346546,347042.0,346546.0,347042.0,346546.0,347042.0
YLR105C,SEN2,12,gene,347047,348180,-,Verified,1133,False,348206.0,348506.0,347706.0,348206.0,347020,348206.0,348206.0,347020.0,348206.0,347020.0
YLR106C,MDN1,12,gene,349006,363738,-,Verified,14732,False,363858.0,364158.0,363358.0,363858.0,348831,363858.0,363858.0,348831.0,363858.0,348831.0
YLR107W,REX3,12,gene,364116,365330,+,Verified,1214,False,363817.0,364117.0,364117.0,364617.0,364117,365505.0,364117.0,365505.0,364117.0,365505.0
YLR108C,YLR108C,12,gene,366667,368124,-,Uncharacterized,1457,False,368185.0,368485.0,367685.0,368185.0,366526,368185.0,368185.0,366526.0,368185.0,366526.0
YLR109W,AHP1,12,gene,368781,369311,+,Verified,530,False,368445.0,368745.0,368745.0,369245.0,368745,369380.0,368745.0,369380.0,368745.0,369380.0
YLR110C,CCW12,12,gene,369697,370098,-,Verified,401,False,370142.0,370442.0,369642.0,370142.0,369582,370142.0,370142.0,369582.0,370142.0,369582.0
YLR113W,HOG1,12,gene,371620,372927,+,Verified,1307,False,371147.0,371447.0,371447.0,371947.0,371447,373067.0,371447.0,373067.0,371447.0,373067.0
YLR114C,AVL9,12,gene,374944,377238,-,Verified,2294,False,377304.0,377604.0,376804.0,377304.0,374736,377304.0,377304.0,374736.0,377304.0,374736.0
YLR115W,CFT2,12,gene,377985,380564,+,Verified,2579,False,377666.0,377966.0,377966.0,378466.0,377966,380713.0,377966.0,380713.0,377966.0,380713.0
YLR116W,MSL5,12,gene,380822,382252,+,Verified,1430,False,380541.0,380841.0,380841.0,381341.0,380841,382457.0,380841.0,382457.0,380841.0,382457.0
YLR117C,CLF1,12,gene,382471,384534,-,Verified,2063,False,384535.0,384835.0,384035.0,384535.0,382348,384535.0,384535.0,382348.0,384535.0,382348.0
YLR118C,YLR118C,12,gene,384725,385408,-,Verified,683,False,385444.0,385744.0,384944.0,385444.0,384623,385444.0,385444.0,384623.0,385444.0,384623.0
YLR119W,SRN2,12,gene,385534,386175,+,Verified,641,False,385258.0,385558.0,385558.0,386058.0,385558,386264.0,385558.0,386264.0,385558.0,386264.0
YLR120C,YPS1,12,gene,386511,388220,-,Verified,1709,False,388334.0,388634.0,387834.0,388334.0,386179,388334.0,388334.0,386179.0,388334.0,386179.0
YLR121C,YPS3,12,gene,388744,390270,-,Verified,1526,False,390407.0,390707.0,389907.0,390407.0,388602,390407.0,390407.0,388602.0,390407.0,388602.0
YLR125W,YLR125W,12,gene,393484,393894,+,Uncharacterized,410,,393184.0,393484.0,393484.0,393984.0,393484,393894.0,,,393484.0,393894.0
YLR126C,YLR126C,12,gene,394765,395520,-,Uncharacterized,755,False,395600.0,395900.0,395100.0,395600.0,394694,395600.0,395600.0,394694.0,395600.0,394694.0
YLR127C,APC2,12,gene,395758,398319,-,Verified,2561,False,398372.0,398672.0,397872.0,398372.0,395561,398372.0,398372.0,395561.0,398372.0,395561.0
YLR128W,DCN1,12,gene,398530,399433,+,Verified,903,False,398183.0,398483.0,398483.0,398983.0,398483,399663.0,398483.0,399663.0,398483.0,399663.0
YLR129W,DIP2,12,gene,399657,402488,+,Verified,2831,False,399322.0,399622.0,399622.0,400122.0,399622,402631.0,399622.0,402631.0,399622.0,402631.0
YLR130C,ZRT2,12,gene,402794,404062,-,Verified,1268,False,404258.0,404558.0,403758.0,404258.0,402727,404258.0,404258.0,402727.0,404258.0,402727.0
YLR131C,ACE2,12,gene,404510,406822,-,Verified,2312,False,407047.0,407347.0,406547.0,407047.0,404440,407047.0,407047.0,404440.0,407047.0,404440.0
YLR132C,YLR132C,12,gene,407283,408155,-,Uncharacterized,872,False,408241.0,408541.0,407741.0,408241.0,407172,408241.0,408241.0,407172.0,408241.0,407172.0
YLR133W,CKI1,12,gene,408445,410193,+,Verified,1748,False,408046.0,408346.0,408346.0,408846.0,408346,410193.0,408346.0,,408346.0,410193.0
YLR134W,PDC5,12,gene,410723,412414,+,Verified,1691,False,410381.0,410681.0,410681.0,411181.0,410681,412538.0,410681.0,412538.0,410681.0,412538.0
YLR135W,SLX4,12,gene,413281,415527,+,Verified,2246,False,412879.0,413179.0,413179.0,413679.0,413179,415667.0,413179.0,415667.0,413179.0,415667.0
YLR136C,TIS11,12,gene,415801,416658,-,Verified,857,False,416700.0,417000.0,416200.0,416700.0,415553,416700.0,416700.0,415553.0,416700.0,415553.0
YLR137W,YLR137W,12,gene,417006,418109,+,Uncharacterized,1103,False,416689.0,416989.0,416989.0,417489.0,416989,418152.0,416989.0,418152.0,416989.0,418152.0
YLR138W,NHA1,12,gene,418437,421394,+,Verified,2957,False,417984.0,418284.0,418284.0,418784.0,418284,421457.0,418284.0,421457.0,418284.0,421457.0
YLR139C,SLS1,12,gene,421542,423473,-,Verified,1931,False,423505.0,423805.0,423005.0,423505.0,421370,423505.0,423505.0,421370.0,423505.0,421370.0
YLR141W,RRN5,12,gene,423683,424774,+,Verified,1091,False,423359.0,423659.0,423659.0,424159.0,423659,424774.0,423659.0,,423659.0,424774.0
YLR142W,PUT1,12,gene,425186,426616,+,Verified,1430,False,424779.0,425079.0,425079.0,425579.0,425079,426752.0,425079.0,426752.0,425079.0,426752.0
YLR143W,YLR143W,12,gene,427329,429386,+,Uncharacterized,2057,False,427019.0,427319.0,427319.0,427819.0,427319,429702.0,427319.0,429702.0,427319.0,429702.0
YLR144C,ACF2,12,gene,429677,432016,-,Verified,2339,False,432037.0,432337.0,431537.0,432037.0,429565,432037.0,432037.0,429565.0,432037.0,429565.0
YLR145W,RMP1,12,gene,432168,432773,+,Verified,605,False,431860.0,432160.0,432160.0,432660.0,432160,432832.0,432160.0,432832.0,432160.0,432832.0
YLR146C,SPE4,12,gene,432823,433725,-,Verified,902,False,433756.0,434056.0,433256.0,433756.0,432738,433756.0,433756.0,432738.0,433756.0,432738.0
YLR146W-A,YLR146W-A,12,gene,433870,434058,+,Uncharacterized,188,False,433571.0,433871.0,433871.0,434371.0,433871,434119.0,433871.0,434119.0,433871.0,434119.0
YLR147C,SMD3,12,gene,434158,434463,-,Verified,305,False,434495.0,434795.0,433995.0,434495.0,434037,434495.0,434495.0,434037.0,434495.0,434037.0
YLR148W,PEP3,12,gene,434641,437397,+,Verified,2756,False,434294.0,434594.0,434594.0,435094.0,434594,437539.0,434594.0,437539.0,434594.0,437539.0
YLR149C,YLR149C,12,gene,437631,439823,-,Uncharacterized,2192,,439823.0,440123.0,439323.0,439823.0,437631,439823.0,,,439823.0,437631.0
YLR150W,STM1,12,gene,440467,441288,+,Verified,821,False,440142.0,440442.0,440442.0,440942.0,440442,441505.0,440442.0,441505.0,440442.0,441505.0
YLR151C,PCD1,12,gene,441715,442737,-,Verified,1022,False,442739.0,443039.0,442239.0,442739.0,441440,442739.0,442739.0,441440.0,442739.0,441440.0
YLR152C,YLR152C,12,gene,442958,444688,-,Uncharacterized,1730,False,444836.0,445136.0,444336.0,444836.0,442771,444836.0,444836.0,442771.0,444836.0,442771.0
YLR153C,ACS2,12,gene,445524,447575,-,Verified,2051,False,447644.0,447944.0,447144.0,447644.0,445264,447644.0,447644.0,445264.0,447644.0,445264.0
YLR154C,RNH203,12,gene,447982,448314,-,Verified,332,False,448370.0,448670.0,447870.0,448370.0,447914,448370.0,448370.0,447914.0,448370.0,447914.0
YLR154W-C,TAR1,12,gene,454696,455070,+,Verified,374,,454396.0,454696.0,454696.0,455196.0,454696,455070.0,,,454696.0,455070.0
YLR154C-G,YLR154C-G,12,gene,462522,462671,-,Uncharacterized,149,,462671.0,462971.0,462171.0,462671.0,462522,462671.0,,,462671.0,462522.0
YLR154C-H,YLR154C-H,12,gene,468827,468958,-,Uncharacterized,131,,468958.0,469258.0,468458.0,468958.0,468827,468958.0,,,468958.0,468827.0
YLR155C,ASP3-1,12,gene,469317,470405,-,Verified,1088,,470405.0,470705.0,469905.0,470405.0,469317,470405.0,,,470405.0,469317.0
YLR156W,YLR156W,12,gene,472113,472457,+,Uncharacterized,344,,471813.0,472113.0,472113.0,472613.0,472113,472457.0,,,472113.0,472457.0
YLR156C-A,YLR156C-A,12,gene,472479,472610,-,Uncharacterized,131,,472610.0,472910.0,472110.0,472610.0,472479,472610.0,,,472610.0,472479.0
YLR157C,ASP3-2,12,gene,472969,474057,-,Verified,1088,False,474170.0,474470.0,473670.0,474170.0,472886,474170.0,474170.0,472886.0,474170.0,472886.0
YLR157W-D,YLR157W-D,12,gene,475764,475976,+,Uncharacterized,212,,475464.0,475764.0,475764.0,476264.0,475764,475976.0,,,475764.0,475976.0
YLR157W-E,YLR157W-E,12,gene,481873,482037,+,Uncharacterized,164,False,481499.0,481799.0,481799.0,482299.0,481799,482097.0,481799.0,482097.0,481799.0,482097.0
YLR157C-C,YLR157C-C,12,gene,482059,482190,-,Uncharacterized,131,,482190.0,482490.0,481690.0,482190.0,482059,482190.0,,,482190.0,482059.0
YLR158C,ASP3-3,12,gene,482549,483637,-,Verified,1088,,483637.0,483937.0,483137.0,483637.0,482549,483637.0,,,483637.0,482549.0
YLR159W,YLR159W,12,gene,485345,485689,+,Uncharacterized,344,,485045.0,485345.0,485345.0,485845.0,485345,485689.0,,,485345.0,485689.0
YLR159C-A,YLR159C-A,12,gene,485711,485842,-,Uncharacterized,131,,485842.0,486142.0,485342.0,485842.0,485711,485842.0,,,485842.0,485711.0
YLR160C,ASP3-4,12,gene,486201,487289,-,Verified,1088,False,487554.0,487854.0,487054.0,487554.0,486118,487554.0,487554.0,486118.0,487554.0,486118.0
YLR161W,YLR161W,12,gene,488997,489341,+,Uncharacterized,344,,488697.0,488997.0,488997.0,489497.0,488997,489341.0,,,488997.0,489341.0
YLR162W,YLR162W,12,gene,489573,489929,+,Verified,356,,489273.0,489573.0,489573.0,490073.0,489573,489929.0,,,489573.0,489929.0
YLR162W-A,RRT15,12,gene,490406,490594,+,Uncharacterized,188,,490106.0,490406.0,490406.0,490906.0,490406,490594.0,,,490406.0,490594.0
YLR163C,MAS1,12,gene,491866,493254,-,Verified,1388,False,493280.0,493580.0,492780.0,493280.0,491723,493280.0,493280.0,491723.0,493280.0,491723.0
YLR164W,YLR164W,12,gene,493883,494389,+,Verified,506,,493583.0,493883.0,493883.0,494383.0,493883,494389.0,,,493883.0,494389.0
YLR165C,PUS5,12,gene,494494,495258,-,Verified,764,False,495267.0,495567.0,494767.0,495267.0,494418,495267.0,495267.0,494418.0,495267.0,494418.0
YLR166C,SEC10,12,gene,495429,498044,-,Verified,2615,False,498081.0,498381.0,497581.0,498081.0,495367,498081.0,498081.0,495367.0,498081.0,495367.0
YLR167W,RPS31,12,gene,498947,499405,+,Verified,458,False,498591.0,498891.0,498891.0,499391.0,498891,499454.0,498891.0,499454.0,498891.0,499454.0
YLR168C,UPS2,12,gene,499578,500270,-,Verified,692,,500270.0,500570.0,499770.0,500270.0,499578,500270.0,,,500270.0,499578.0
YLR170C,APS1,12,gene,500579,501049,-,Verified,470,False,501075.0,501375.0,500575.0,501075.0,500347,501075.0,501075.0,500347.0,501075.0,500347.0
YLR172C,DPH5,12,gene,501260,502162,-,Verified,902,False,502191.0,502491.0,501691.0,502191.0,501192,502191.0,502191.0,501192.0,502191.0,501192.0
YLR173W,YLR173W,12,gene,502421,504247,+,Uncharacterized,1826,False,502041.0,502341.0,502341.0,502841.0,502341,504612.0,502341.0,504612.0,502341.0,504612.0
YLR174W,IDP2,12,gene,504591,505829,+,Verified,1238,,504291.0,504591.0,504591.0,505091.0,504591,505829.0,,,504591.0,505829.0
YLR175W,CBF5,12,gene,506134,507585,+,Verified,1451,False,505806.0,506106.0,506106.0,506606.0,506106,507726.0,506106.0,507726.0,506106.0,507726.0
YLR176C,RFX1,12,gene,507797,510232,-,Verified,2435,False,510455.0,510755.0,509955.0,510455.0,507716,510455.0,510455.0,507716.0,510455.0,507716.0
YLR177W,YLR177W,12,gene,511054,512940,+,Uncharacterized,1886,False,510588.0,510888.0,510888.0,511388.0,510888,513015.0,510888.0,513015.0,510888.0,513015.0
YLR178C,TFS1,12,gene,513162,513821,-,Verified,659,False,513852.0,514152.0,513352.0,513852.0,513109,513852.0,513852.0,513109.0,513852.0,513109.0
YLR179C,YLR179C,12,gene,514108,514713,-,Verified,605,False,514765.0,515065.0,514265.0,514765.0,514004,514765.0,514765.0,514004.0,514765.0,514004.0
YLR180W,SAM1,12,gene,515262,516410,+,Verified,1148,False,514907.0,515207.0,515207.0,515707.0,515207,516680.0,515207.0,516680.0,515207.0,516680.0
YLR181C,VTA1,12,gene,516678,517670,-,Verified,992,False,517693.0,517993.0,517193.0,517693.0,516548,517693.0,517693.0,516548.0,517693.0,516548.0
YLR182W,SWI6,12,gene,517940,520351,+,Verified,2411,False,517587.0,517887.0,517887.0,518387.0,517887,520473.0,517887.0,520473.0,517887.0,520473.0
YLR183C,TOS4,12,gene,520543,522012,-,Verified,1469,False,522047.0,522347.0,521547.0,522047.0,520390,522047.0,522047.0,520390.0,522047.0,520390.0
YLR185W,RPL37A,12,gene,522663,523288,+,Verified,625,False,522373.0,522673.0,522673.0,523173.0,522673,523386.0,522673.0,523386.0,522673.0,523386.0
YLR186W,EMG1,12,gene,523632,524390,+,Verified,758,False,523276.0,523576.0,523576.0,524076.0,523576,524467.0,523576.0,524467.0,523576.0,524467.0
YLR187W,SKG3,12,gene,524865,527945,+,Uncharacterized,3080,False,524533.0,524833.0,524833.0,525333.0,524833,528103.0,524833.0,528103.0,524833.0,528103.0
YLR188W,MDL1,12,gene,528300,530387,+,Verified,2087,False,527932.0,528232.0,528232.0,528732.0,528232,530634.0,528232.0,530634.0,528232.0,530634.0
YLR189C,ATG26,12,gene,530797,534393,-,Verified,3596,False,534629.0,534929.0,534129.0,534629.0,530719,534629.0,534629.0,530719.0,534629.0,530719.0
YLR190W,MMR1,12,gene,535214,536689,+,Verified,1475,False,534537.0,534837.0,534837.0,535337.0,534837,537045.0,534837.0,537045.0,534837.0,537045.0
YLR191W,PEX13,12,gene,537272,538432,+,Verified,1160,False,536929.0,537229.0,537229.0,537729.0,537229,538597.0,537229.0,538597.0,537229.0,538597.0
YLR192C,HCR1,12,gene,538792,539589,-,Verified,797,False,539687.0,539987.0,539187.0,539687.0,538553,539687.0,539687.0,538553.0,539687.0,538553.0
YLR193C,UPS1,12,gene,540009,540536,-,Verified,527,False,540587.0,540887.0,540087.0,540587.0,539844,540587.0,540587.0,539844.0,540587.0,539844.0
YLR194C,YLR194C,12,gene,540809,541573,-,Uncharacterized,764,False,541588.0,541888.0,541088.0,541588.0,540745,541588.0,541588.0,540745.0,541588.0,540745.0
YLR195C,NMT1,12,gene,541937,543304,-,Verified,1367,False,543336.0,543636.0,542836.0,543336.0,541867,543336.0,543336.0,541867.0,543336.0,541867.0
YLR196W,PWP1,12,gene,543968,545698,+,Verified,1730,False,543616.0,543916.0,543916.0,544416.0,543916,545829.0,543916.0,545829.0,543916.0,545829.0
YLR197W,NOP56,12,gene,546097,547611,+,Verified,1514,False,545762.0,546062.0,546062.0,546562.0,546062,547793.0,546062.0,547793.0,546062.0,547793.0
YLR199C,PBA1,12,gene,547853,548769,-,Verified,916,False,548817.0,549117.0,548317.0,548817.0,547564,548817.0,548817.0,547564.0,548817.0,547564.0
YLR200W,YKE2,12,gene,549012,549356,+,Verified,344,False,548685.0,548985.0,548985.0,549485.0,548985,549484.0,548985.0,549484.0,548985.0,549484.0
YLR201C,COQ9,12,gene,549511,550293,-,Verified,782,False,550294.0,550594.0,549794.0,550294.0,549406,550294.0,550294.0,549406.0,550294.0,549406.0
YLR203C,MSS51,12,gene,550650,551960,-,Verified,1310,False,552025.0,552325.0,551525.0,552025.0,550523,552025.0,552025.0,550523.0,552025.0,550523.0
YLR204W,QRI5,12,gene,552270,552605,+,Verified,335,False,551941.0,552241.0,552241.0,552741.0,552241,552759.0,552241.0,552759.0,552241.0,552759.0
YLR205C,HMX1,12,gene,552724,553677,-,Verified,953,False,553718.0,554018.0,553218.0,553718.0,552661,553718.0,553718.0,552661.0,553718.0,552661.0
YLR206W,ENT2,12,gene,554578,556419,+,Verified,1841,False,554139.0,554439.0,554439.0,554939.0,554439,556550.0,554439.0,556550.0,554439.0,556550.0
YLR207W,HRD3,12,gene,556788,559289,+,Verified,2501,False,556489.0,556789.0,556789.0,557289.0,556789,559518.0,556789.0,559518.0,556789.0,559518.0
YLR208W,SEC13,12,gene,559551,560444,+,Verified,893,False,559136.0,559436.0,559436.0,559936.0,559436,560715.0,559436.0,560715.0,559436.0,560715.0
YLR209C,PNP1,12,gene,560797,561732,-,Verified,935,False,561767.0,562067.0,561267.0,561767.0,560737,561767.0,561767.0,560737.0,561767.0,560737.0
YLR210W,CLB4,12,gene,562008,563390,+,Verified,1382,False,561631.0,561931.0,561931.0,562431.0,561931,563568.0,561931.0,563568.0,561931.0,563568.0
YLR211C,YLR211C,12,gene,563792,564531,-,Uncharacterized,739,False,564582.0,564882.0,564082.0,564582.0,563432,564582.0,564582.0,563432.0,564582.0,563432.0
YLR212C,TUB4,12,gene,564860,566281,-,Verified,1421,False,566327.0,566627.0,565827.0,566327.0,564706,566327.0,566327.0,564706.0,566327.0,564706.0
YLR213C,CRR1,12,gene,566654,567922,-,Verified,1268,False,568078.0,568378.0,567578.0,568078.0,566525,568078.0,568078.0,566525.0,568078.0,566525.0
YLR214W,FRE1,12,gene,568567,570627,+,Verified,2060,False,568219.0,568519.0,568519.0,569019.0,568519,570759.0,568519.0,570759.0,568519.0,570759.0
YLR215C,CDC123,12,gene,570776,571858,-,Verified,1082,False,571900.0,572200.0,571400.0,571900.0,570699,571900.0,571900.0,570699.0,571900.0,570699.0
YLR216C,CPR6,12,gene,572096,573211,-,Verified,1115,False,573243.0,573543.0,572743.0,573243.0,571983,573243.0,573243.0,571983.0,573243.0,571983.0
YLR218C,COA4,12,gene,573466,573918,-,Verified,452,False,573766.0,574066.0,573266.0,573766.0,573369,573766.0,573766.0,573369.0,573766.0,573369.0
YLR219W,MSC3,12,gene,574151,576337,+,Verified,2186,False,573679.0,573979.0,573979.0,574479.0,573979,576497.0,573979.0,576497.0,573979.0,576497.0
YLR220W,CCC1,12,gene,576825,577793,+,Verified,968,False,576373.0,576673.0,576673.0,577173.0,576673,577933.0,576673.0,577933.0,576673.0,577933.0
YLR221C,RSA3,12,gene,578362,579024,-,Verified,662,False,579058.0,579358.0,578558.0,579058.0,578136,579058.0,579058.0,578136.0,579058.0,578136.0
YLR222C,UTP13,12,gene,579318,581771,-,Verified,2453,False,581817.0,582117.0,581317.0,581817.0,579214,581817.0,581817.0,579214.0,581817.0,579214.0
YLR223C,IFH1,12,gene,582233,585490,-,Verified,3257,False,585803.0,586103.0,585303.0,585803.0,582048,585803.0,585803.0,582048.0,585803.0,582048.0
YLR224W,YLR224W,12,gene,586464,587573,+,Uncharacterized,1109,False,585875.0,586175.0,586175.0,586675.0,586175,587659.0,586175.0,587659.0,586175.0,587659.0
YLR225C,YLR225C,12,gene,587695,588918,-,Uncharacterized,1223,False,588987.0,589287.0,588487.0,588987.0,587566,588987.0,588987.0,587566.0,588987.0,587566.0
YLR226W,BUR2,12,gene,589354,590541,+,Verified,1187,False,589006.0,589306.0,589306.0,589806.0,589306,590541.0,589306.0,,589306.0,590541.0
YLR227C,ADY4,12,gene,590562,592043,-,Verified,1481,False,592563.0,592863.0,592063.0,592563.0,590432,592563.0,592563.0,590432.0,592563.0,590432.0
YLR228C,ECM22,12,gene,600019,602463,-,Verified,2444,False,602667.0,602967.0,602167.0,602667.0,599849,602667.0,602667.0,599849.0,602667.0,599849.0
YLR229C,CDC42,12,gene,604212,604787,-,Verified,575,False,604997.0,605297.0,604497.0,604997.0,604123,604997.0,604997.0,604123.0,604997.0,604123.0
YLR231C,BNA5,12,gene,605758,607119,-,Verified,1361,False,607147.0,607447.0,606647.0,607147.0,605644,607147.0,607147.0,605644.0,607147.0,605644.0
YLR233C,EST1,12,gene,607425,609524,-,Verified,2099,False,609567.0,609867.0,609067.0,609567.0,607121,609567.0,609567.0,607121.0,609567.0,607121.0
YLR234W,TOP3,12,gene,609783,611753,+,Verified,1970,False,609420.0,609720.0,609720.0,610220.0,609720,611753.0,609720.0,,609720.0,611753.0
YLR237W,THI7,12,gene,612367,614163,+,Verified,1796,False,612001.0,612301.0,612301.0,612801.0,612301,614334.0,612301.0,614334.0,612301.0,614334.0
YLR238W,FAR10,12,gene,614755,616191,+,Verified,1436,False,614397.0,614697.0,614697.0,615197.0,614697,616305.0,614697.0,616305.0,614697.0,616305.0
YLR239C,LIP2,12,gene,616332,617318,-,Verified,986,False,617376.0,617676.0,616876.0,617376.0,616159,617376.0,617376.0,616159.0,617376.0,616159.0
YLR240W,VPS34,12,gene,617533,620160,+,Verified,2627,False,617233.0,617533.0,617533.0,618033.0,617533,620273.0,617533.0,620273.0,617533.0,620273.0
YLR241W,YLR241W,12,gene,620473,622821,+,Uncharacterized,2348,False,620136.0,620436.0,620436.0,620936.0,620436,622976.0,620436.0,622976.0,620436.0,622976.0
YLR242C,ARV1,12,gene,622918,623883,-,Verified,965,False,623987.0,624287.0,623487.0,623987.0,622889,623987.0,623987.0,622889.0,623987.0,622889.0
YLR243W,YLR243W,12,gene,624203,625021,+,Uncharacterized,818,False,623844.0,624144.0,624144.0,624644.0,624144,625174.0,624144.0,625174.0,624144.0,625174.0
YLR244C,MAP1,12,gene,625168,626331,-,Verified,1163,False,626350.0,626650.0,625850.0,626350.0,625115,626350.0,626350.0,625115.0,626350.0,625115.0
YLR245C,CDD1,12,gene,626502,626930,-,Verified,428,False,626932.0,627232.0,626432.0,626932.0,626502,626932.0,626932.0,,626932.0,626502.0
YLR246W,ERF2,12,gene,627118,628197,+,Verified,1079,False,626818.0,627118.0,627118.0,627618.0,627118,628268.0,627118.0,628268.0,627118.0,628268.0
YLR247C,IRC20,12,gene,628684,633354,-,Verified,4670,False,633372.0,633672.0,632872.0,633372.0,628566,633372.0,633372.0,628566.0,633372.0,628566.0
YLR248W,RCK2,12,gene,634252,636084,+,Verified,1832,False,633375.0,633675.0,633675.0,634175.0,633675,636229.0,633675.0,636229.0,633675.0,636229.0
YLR249W,YEF3,12,gene,636780,639914,+,Verified,3134,False,636441.0,636741.0,636741.0,637241.0,636741,640044.0,636741.0,640044.0,636741.0,640044.0
YLR250W,SSP120,12,gene,640317,641021,+,Verified,704,False,639974.0,640274.0,640274.0,640774.0,640274,641128.0,640274.0,641128.0,640274.0,641128.0
YLR251W,SYM1,12,gene,641464,642057,+,Verified,593,False,641104.0,641404.0,641404.0,641904.0,641404,642351.0,641404.0,642351.0,641404.0,642351.0
YLR253W,YLR253W,12,gene,642627,644336,+,Uncharacterized,1709,False,642241.0,642541.0,642541.0,643041.0,642541,644429.0,642541.0,644429.0,642541.0,644429.0
YLR254C,NDL1,12,gene,644404,644973,-,Verified,569,False,645072.0,645372.0,644572.0,645072.0,644328,645072.0,645072.0,644328.0,645072.0,644328.0
YLR256W,HAP1,12,gene,646415,650923,+,Verified,4508,False,645825.0,646125.0,646125.0,646625.0,646125,651121.0,646125.0,651121.0,646125.0,651121.0
YLR257W,YLR257W,12,gene,658826,659791,+,Uncharacterized,965,False,658323.0,658623.0,658623.0,659123.0,658623,659888.0,658623.0,659888.0,658623.0,659888.0
YLR258W,GSY2,12,gene,660716,662833,+,Verified,2117,False,660329.0,660629.0,660629.0,661129.0,660629,663193.0,660629.0,663193.0,660629.0,663193.0
YLR259C,HSP60,12,gene,663284,665002,-,Verified,1718,False,665037.0,665337.0,664537.0,665037.0,663085,665037.0,665037.0,663085.0,665037.0,663085.0
YLR260W,LCB5,12,gene,665844,667907,+,Verified,2063,False,665417.0,665717.0,665717.0,666217.0,665717,668118.0,665717.0,668118.0,665717.0,668118.0
YLR262C,YPT6,12,gene,668244,668891,-,Verified,647,False,668941.0,669241.0,668441.0,668941.0,667945,668941.0,668941.0,667945.0,668941.0,667945.0
YLR262C-A,TMA7,12,gene,669468,669662,-,Verified,194,False,669685.0,669985.0,669185.0,669685.0,669369,669685.0,669685.0,669369.0,669685.0,669369.0
YLR263W,RED1,12,gene,670340,672823,+,Verified,2483,False,669552.0,669852.0,669852.0,670352.0,669852,673156.0,669852.0,673156.0,669852.0,673156.0
YLR264W,RPS28B,12,gene,673131,673334,+,Verified,203,False,672825.0,673125.0,673125.0,673625.0,673125,673424.0,673125.0,673424.0,673125.0,673424.0
YLR264C-A,YLR264C-A,12,gene,673828,673944,-,Uncharacterized,116,,673944.0,674244.0,673444.0,673944.0,673828,673944.0,,,673944.0,673828.0
YLR265C,NEJ1,12,gene,674427,675455,-,Verified,1028,False,675459.0,675759.0,674959.0,675459.0,674266,675459.0,675459.0,674266.0,675459.0,674266.0
YLR266C,PDR8,12,gene,675619,677724,-,Verified,2105,False,677695.0,677995.0,677195.0,677695.0,675593,677695.0,677695.0,675593.0,677695.0,675593.0
YLR267W,BOP2,12,gene,678212,679924,+,Uncharacterized,1712,,677912.0,678212.0,678212.0,678712.0,678212,679924.0,,,678212.0,679924.0
YLR268W,SEC22,12,gene,680200,680844,+,Verified,644,False,679850.0,680150.0,680150.0,680650.0,680150,680947.0,680150.0,680947.0,680150.0,680947.0
YLR270W,DCS1,12,gene,681186,682238,+,Verified,1052,False,680778.0,681078.0,681078.0,681578.0,681078,682439.0,681078.0,682439.0,681078.0,682439.0
YLR271W,YLR271W,12,gene,682737,683561,+,Uncharacterized,824,False,682300.0,682600.0,682600.0,683100.0,682600,683678.0,682600.0,683678.0,682600.0,683678.0
YLR272C,YCS4,12,gene,683672,687202,-,Verified,3530,False,687295.0,687595.0,686795.0,687295.0,683592,687295.0,687295.0,683592.0,687295.0,683592.0
YLR273C,PIG1,12,gene,689083,691029,-,Verified,1946,False,691259.0,691559.0,690759.0,691259.0,688955,691259.0,691259.0,688955.0,691259.0,688955.0
YLR274W,MCM5,12,gene,691555,693882,+,Verified,2327,False,691228.0,691528.0,691528.0,692028.0,691528,694015.0,691528.0,694015.0,691528.0,694015.0
YLR275W,SMD2,12,gene,694378,694800,+,Verified,422,False,694024.0,694324.0,694324.0,694824.0,694324,695062.0,694324.0,695062.0,694324.0,695062.0
YLR276C,DBP9,12,gene,695046,696830,-,Verified,1784,False,696927.0,697227.0,696427.0,696927.0,694981,696927.0,696927.0,694981.0,696927.0,694981.0
YLR277C,YSH1,12,gene,697156,699495,-,Verified,2339,False,699644.0,699944.0,699144.0,699644.0,697094,699644.0,699644.0,697094.0,699644.0,697094.0
YLR278C,YLR278C,12,gene,699999,704024,-,Uncharacterized,4025,False,704330.0,704630.0,703830.0,704330.0,699949,704330.0,704330.0,699949.0,704330.0,699949.0
YLR281C,YLR281C,12,gene,704493,704960,-,Uncharacterized,467,False,704975.0,705275.0,704475.0,704975.0,704163,704975.0,704975.0,704163.0,704975.0,704163.0
YLR283W,YLR283W,12,gene,705186,706130,+,Uncharacterized,944,False,704851.0,705151.0,705151.0,705651.0,705151,706182.0,705151.0,706182.0,705151.0,706182.0
YLR284C,ECI1,12,gene,706198,707040,-,Verified,842,False,707103.0,707403.0,706603.0,707103.0,706114,707103.0,707103.0,706114.0,707103.0,706114.0
YLR285W,NNT1,12,gene,707360,708145,+,Verified,785,False,707027.0,707327.0,707327.0,707827.0,707327,708340.0,707327.0,708340.0,707327.0,708340.0
YLR285C-A,YLR285C-A,12,gene,708168,708338,-,Uncharacterized,170,,708338.0,708638.0,707838.0,708338.0,708168,708338.0,,,708338.0,708168.0
YLR286C,CTS1,12,gene,708448,710136,-,Verified,1688,False,710368.0,710668.0,709868.0,710368.0,708278,710368.0,710368.0,708278.0,710368.0,708278.0
YLR287C,YLR287C,12,gene,710991,712058,-,Uncharacterized,1067,False,712129.0,712429.0,711629.0,712129.0,710764,712129.0,712129.0,710764.0,712129.0,710764.0
YLR287C-A,RPS30A,12,gene,712537,713158,-,Verified,621,False,713202.0,713502.0,712702.0,713202.0,712328,713202.0,713202.0,712328.0,713202.0,712328.0
YLR288C,MEC3,12,gene,713480,714904,-,Verified,1424,False,714960.0,715260.0,714460.0,714960.0,713347,714960.0,714960.0,713347.0,714960.0,713347.0
YLR289W,GUF1,12,gene,715089,717026,+,Verified,1937,False,714760.0,715060.0,715060.0,715560.0,715060,717026.0,715060.0,,715060.0,717026.0
YLR290C,YLR290C,12,gene,717145,717978,-,Uncharacterized,833,False,717993.0,718293.0,717493.0,717993.0,717019,717993.0,717993.0,717019.0,717993.0,717019.0
YLR291C,GCD7,12,gene,718317,719462,-,Verified,1145,False,719528.0,719828.0,719028.0,719528.0,718167,719528.0,719528.0,718167.0,719528.0,718167.0
YLR292C,SEC72,12,gene,719789,720370,-,Verified,581,False,720391.0,720691.0,719891.0,720391.0,719637,720391.0,720391.0,719637.0,720391.0,719637.0
YLR293C,GSP1,12,gene,720771,721430,-,Verified,659,False,721468.0,721768.0,720968.0,721468.0,720671,721468.0,721468.0,720671.0,721468.0,720671.0
YLR295C,ATP14,12,gene,721999,722373,-,Verified,374,False,722413.0,722713.0,721913.0,722413.0,721753,722413.0,722413.0,721753.0,722413.0,721753.0
YLR297W,YLR297W,12,gene,724044,724433,+,Uncharacterized,389,False,723437.0,723737.0,723737.0,724237.0,723737,724723.0,723737.0,724723.0,723737.0,724723.0
YLR298C,YHC1,12,gene,724721,725416,-,Verified,695,False,725422.0,725722.0,724922.0,725422.0,724650,725422.0,725422.0,724650.0,725422.0,724650.0
YLR299W,ECM38,12,gene,726069,728051,+,Verified,1982,False,725559.0,725859.0,725859.0,726359.0,725859,728181.0,725859.0,728181.0,725859.0,728181.0
YLR300W,EXG1,12,gene,728955,730301,+,Verified,1346,False,728548.0,728848.0,728848.0,729348.0,728848,730549.0,728848.0,730549.0,728848.0,730549.0
YLR301W,YLR301W,12,gene,730825,731559,+,Uncharacterized,734,False,730480.0,730780.0,730780.0,731280.0,730780,731688.0,730780.0,731688.0,730780.0,731688.0
YLR303W,MET17,12,gene,732542,733876,+,Verified,1334,,732242.0,732542.0,732542.0,733042.0,732542,733876.0,,,732542.0,733876.0
YLR304C,ACO1,12,gene,735212,737548,-,Verified,2336,False,737588.0,737888.0,737088.0,737588.0,735058,737588.0,737588.0,735058.0,737588.0,735058.0
YLR305C,STT4,12,gene,738161,743863,-,Verified,5702,False,743901.0,744201.0,743401.0,743901.0,738034,743901.0,743901.0,738034.0,743901.0,738034.0
YLR306W,UBC12,12,gene,744151,744851,+,Verified,700,False,743770.0,744070.0,744070.0,744570.0,744070,745028.0,744070.0,745028.0,744070.0,745028.0
YLR307W,CDA1,12,gene,745620,746525,+,Verified,905,,745320.0,745620.0,745620.0,746120.0,745620,746525.0,,,745620.0,746525.0
YLR307C-A,YLR307C-A,12,gene,746848,747111,-,Uncharacterized,263,,747111.0,747411.0,746611.0,747111.0,746848,747111.0,,,747111.0,746848.0
YLR308W,CDA2,12,gene,747937,748875,+,Verified,938,,747637.0,747937.0,747937.0,748437.0,747937,748875.0,,,747937.0,748875.0
YLR309C,IMH1,12,gene,749034,751769,-,Verified,2735,False,751791.0,752091.0,751291.0,751791.0,748980,751791.0,751791.0,748980.0,751791.0,748980.0
YLR310C,CDC25,12,gene,752224,756993,-,Verified,4769,False,757144.0,757444.0,756644.0,757144.0,751982,757144.0,757144.0,751982.0,757144.0,751982.0
YLR312C,YLR312C,12,gene,757637,758833,-,Uncharacterized,1196,,758833.0,759133.0,758333.0,758833.0,757637,758833.0,,,758833.0,757637.0
YLR312W-A,MRPL15,12,gene,759480,760241,+,Verified,761,False,759169.0,759469.0,759469.0,759969.0,759469,760364.0,759469.0,760364.0,759469.0,760364.0
YLR313C,SPH1,12,gene,760750,762342,-,Verified,1592,False,762382.0,762682.0,761882.0,762382.0,760750,762382.0,762382.0,,762382.0,760750.0
YLR314C,CDC3,12,gene,762575,764137,-,Verified,1562,False,764178.0,764478.0,763678.0,764178.0,762493,764178.0,764178.0,762493.0,764178.0,762493.0
YLR315W,NKP2,12,gene,764808,765269,+,Verified,461,False,764455.0,764755.0,764755.0,765255.0,764755,765269.0,764755.0,,764755.0,765269.0
YLR316C,TAD3,12,gene,765266,766358,-,Verified,1092,False,766368.0,766668.0,765868.0,766368.0,765203,766368.0,766368.0,765203.0,766368.0,765203.0
YLR318W,EST2,12,gene,766542,769196,+,Verified,2654,False,766282.0,766582.0,766582.0,767082.0,766582,769227.0,766582.0,769227.0,766582.0,769227.0
YLR319C,BUD6,12,gene,769318,771684,-,Verified,2366,False,771756.0,772056.0,771256.0,771756.0,769137,771756.0,771756.0,769137.0,771756.0,769137.0
YLR320W,MMS22,12,gene,771940,776304,+,Verified,4364,False,771641.0,771941.0,771941.0,772441.0,771941,776341.0,771941.0,776341.0,771941.0,776341.0
YLR321C,SFH1,12,gene,776584,777864,-,Verified,1280,False,777873.0,778173.0,777373.0,777873.0,776521,777873.0,777873.0,776521.0,777873.0,776521.0
YLR323C,CWC24,12,gene,778173,778952,-,Verified,779,False,778980.0,779280.0,778480.0,778980.0,778003,778980.0,778980.0,778003.0,778980.0,778003.0
YLR324W,PEX30,12,gene,779215,780786,+,Verified,1571,False,778849.0,779149.0,779149.0,779649.0,779149,780899.0,779149.0,780899.0,779149.0,780899.0
YLR325C,RPL38,12,gene,781143,781379,-,Verified,236,False,781401.0,781701.0,780901.0,781401.0,780903,781401.0,781401.0,780903.0,781401.0,780903.0
YLR326W,YLR326W,12,gene,782174,782896,+,Uncharacterized,722,False,781789.0,782089.0,782089.0,782589.0,782089,783025.0,782089.0,783025.0,782089.0,783025.0
YLR327C,TMA10,12,gene,783127,783387,-,Verified,260,False,783657.0,783957.0,783157.0,783657.0,782947,783657.0,783657.0,782947.0,783657.0,782947.0
YLR328W,NMA1,12,gene,784913,786118,+,Verified,1205,False,784403.0,784703.0,784703.0,785203.0,784703,786290.0,784703.0,786290.0,784703.0,786290.0
YLR329W,REC102,12,gene,786442,787333,+,Verified,891,,786142.0,786442.0,786442.0,786942.0,786442,787333.0,,,786442.0,787333.0
YLR330W,CHS5,12,gene,787664,789679,+,Verified,2015,False,787310.0,787610.0,787610.0,788110.0,787610,789825.0,787610.0,789825.0,787610.0,789825.0
YLR332W,MID2,12,gene,790676,791806,+,Verified,1130,False,790006.0,790306.0,790306.0,790806.0,790306,792001.0,790306.0,792001.0,790306.0,792001.0
YLR333C,RPS25B,12,gene,795573,796335,-,Verified,762,False,796407.0,796707.0,795907.0,796407.0,795466,796407.0,796407.0,795466.0,796407.0,795466.0
YLR335W,NUP2,12,gene,797430,799592,+,Verified,2162,False,797122.0,797422.0,797422.0,797922.0,797422,799689.0,797422.0,799689.0,797422.0,799689.0
YLR336C,SGD1,12,gene,799697,802396,-,Verified,2699,False,802438.0,802738.0,801938.0,802438.0,799587,802438.0,802438.0,799587.0,802438.0,799587.0
YLR337C,VRP1,12,gene,802653,805106,-,Verified,2453,False,805163.0,805463.0,804663.0,805163.0,802541,805163.0,805163.0,802541.0,805163.0,802541.0
YLR340W,RPP0,12,gene,805887,806825,+,Verified,938,False,805528.0,805828.0,805828.0,806328.0,805828,806907.0,805828.0,806907.0,805828.0,806907.0
YLR341W,SPO77,12,gene,807385,808818,+,Verified,1433,,807085.0,807385.0,807385.0,807885.0,807385,808818.0,,,807385.0,808818.0
YLR342W,FKS1,12,gene,809997,815627,+,Verified,5630,False,809441.0,809741.0,809741.0,810241.0,809741,815846.0,809741.0,815846.0,809741.0,815846.0
YLR342W-A,YLR342W-A,12,gene,815810,815983,+,Uncharacterized,173,,815510.0,815810.0,815810.0,816310.0,815810,815983.0,,,815810.0,815983.0
YLR343W,GAS2,12,gene,816094,817761,+,Verified,1667,,815794.0,816094.0,816094.0,816594.0,816094,817761.0,,,816094.0,817761.0
YLR344W,RPL26A,12,gene,819312,820142,+,Verified,830,False,818968.0,819268.0,819268.0,819768.0,819268,820248.0,819268.0,820248.0,819268.0,820248.0
YLR345W,YLR345W,12,gene,820511,822040,+,Uncharacterized,1529,False,820149.0,820449.0,820449.0,820949.0,820449,822124.0,820449.0,822124.0,820449.0,822124.0
YLR346C,YLR346C,12,gene,822287,822592,-,Uncharacterized,305,False,822645.0,822945.0,822145.0,822645.0,822135,822645.0,822645.0,822135.0,822645.0,822135.0
YLR347C,KAP95,12,gene,823828,826413,-,Verified,2585,False,826540.0,826840.0,826040.0,826540.0,823560,826540.0,826540.0,823560.0,826540.0,823560.0
YLR348C,DIC1,12,gene,826977,827873,-,Verified,896,False,827996.0,828296.0,827496.0,827996.0,826861,827996.0,827996.0,826861.0,827996.0,826861.0
YLR350W,ORM2,12,gene,828730,829380,+,Verified,650,False,828384.0,828684.0,828684.0,829184.0,828684,829502.0,828684.0,829502.0,828684.0,829502.0
YLR351C,NIT3,12,gene,829489,830364,-,Verified,875,False,830380.0,830680.0,829880.0,830380.0,829384,830380.0,830380.0,829384.0,830380.0,829384.0
YLR352W,YLR352W,12,gene,831116,833539,+,Uncharacterized,2423,False,830678.0,830978.0,830978.0,831478.0,830978,833641.0,830978.0,833641.0,830978.0,833641.0
YLR353W,BUD8,12,gene,834352,836163,+,Verified,1811,False,833572.0,833872.0,833872.0,834372.0,833872,836375.0,833872.0,836375.0,833872.0,836375.0
YLR354C,TAL1,12,gene,836350,837357,-,Verified,1007,False,837399.0,837699.0,836899.0,837399.0,836192,837399.0,837399.0,836192.0,837399.0,836192.0
YLR355C,ILV5,12,gene,838066,839253,-,Verified,1187,False,839333.0,839633.0,838833.0,839333.0,837849,839333.0,839333.0,837849.0,839333.0,837849.0
YLR356W,ATG33,12,gene,840321,840914,+,Verified,593,False,839986.0,840286.0,840286.0,840786.0,840286,841022.0,840286.0,841022.0,840286.0,841022.0
YLR357W,RSC2,12,gene,841331,844000,+,Verified,2669,False,840980.0,841280.0,841280.0,841780.0,841280,844192.0,841280.0,844192.0,841280.0,844192.0
YLR359W,ADE13,12,gene,844282,845730,+,Verified,1448,False,843915.0,844215.0,844215.0,844715.0,844215,845859.0,844215.0,845859.0,844215.0,845859.0
YLR360W,VPS38,12,gene,846103,847422,+,Verified,1319,False,845727.0,846027.0,846027.0,846527.0,846027,847562.0,846027.0,847562.0,846027.0,847562.0
YLR361C,DCR2,12,gene,847388,849124,-,Verified,1736,False,849146.0,849446.0,848646.0,849146.0,847082,849146.0,849146.0,847082.0,849146.0,847082.0
YLR361C-A,YLR361C-A,12,gene,849383,849679,-,Uncharacterized,296,False,849703.0,850003.0,849203.0,849703.0,849215,849703.0,849703.0,849215.0,849703.0,849215.0
YLR362W,STE11,12,gene,849866,852019,+,Verified,2153,False,849537.0,849837.0,849837.0,850337.0,849837,852133.0,849837.0,852133.0,849837.0,852133.0
YLR363C,NMD4,12,gene,852495,853151,-,Verified,656,False,853219.0,853519.0,852719.0,853219.0,852495,853219.0,853219.0,,853219.0,852495.0
YLR363W-A,YLR363W-A,12,gene,853461,853718,+,Uncharacterized,257,False,853152.0,853452.0,853452.0,853952.0,853452,853885.0,853452.0,853885.0,853452.0,853885.0
YLR364W,GRX8,12,gene,854062,854391,+,Verified,329,,853762.0,854062.0,854062.0,854562.0,854062,854391.0,,,854062.0,854391.0
YLR367W,RPS22B,12,gene,855878,857317,+,Verified,1439,False,855532.0,855832.0,855832.0,856332.0,855832,857372.0,855832.0,857372.0,855832.0,857372.0
YLR368W,MDM30,12,gene,857540,859336,+,Verified,1796,False,857175.0,857475.0,857475.0,857975.0,857475,859381.0,857475.0,859381.0,857475.0,859381.0
YLR369W,SSQ1,12,gene,859552,861525,+,Verified,1973,False,859230.0,859530.0,859530.0,860030.0,859530,861649.0,859530.0,861649.0,859530.0,861649.0
YLR370C,ARC18,12,gene,861718,862254,-,Verified,536,False,862295.0,862595.0,861795.0,862295.0,861558,862295.0,862295.0,861558.0,862295.0,861558.0
YLR371W,ROM2,12,gene,862714,866784,+,Verified,4070,False,862217.0,862517.0,862517.0,863017.0,862517,866957.0,862517.0,866957.0,862517.0,866957.0
YLR372W,SUR4,12,gene,867354,868391,+,Verified,1037,False,866911.0,867211.0,867211.0,867711.0,867211,868494.0,867211.0,868494.0,867211.0,868494.0
YLR373C,VID22,12,gene,868662,871367,-,Verified,2705,False,871384.0,871684.0,870884.0,871384.0,868577,871384.0,871384.0,868577.0,871384.0,868577.0
YLR375W,STP3,12,gene,871697,872728,+,Verified,1031,False,871308.0,871608.0,871608.0,872108.0,871608,872821.0,871608.0,872821.0,871608.0,872821.0
YLR376C,PSY3,12,gene,872826,873554,-,Verified,728,False,873602.0,873902.0,873102.0,873602.0,872743,873602.0,873602.0,872743.0,873602.0,872743.0
YLR377C,FBP1,12,gene,873746,874792,-,Verified,1046,,874792.0,875092.0,874292.0,874792.0,873746,874792.0,,,874792.0,873746.0
YLR378C,SEC61,12,gene,875736,877178,-,Verified,1442,False,877384.0,877684.0,876884.0,877384.0,875581,877384.0,877384.0,875581.0,877384.0,875581.0
YLR380W,CSR1,12,gene,878282,879508,+,Verified,1226,False,877904.0,878204.0,878204.0,878704.0,878204,879569.0,878204.0,879569.0,878204.0,879569.0
YLR381W,CTF3,12,gene,879723,881924,+,Verified,2201,False,879378.0,879678.0,879678.0,880178.0,879678,881924.0,879678.0,,879678.0,881924.0
YLR382C,NAM2,12,gene,882067,884751,-,Verified,2684,False,884997.0,885297.0,884497.0,884997.0,881908,884997.0,884997.0,881908.0,884997.0,881908.0
YLR383W,SMC6,12,gene,885288,888632,+,Verified,3344,False,884907.0,885207.0,885207.0,885707.0,885207,888695.0,885207.0,888695.0,885207.0,888695.0
YLR384C,IKI3,12,gene,888851,892900,-,Verified,4049,False,892886.0,893186.0,892386.0,892886.0,888783,892886.0,892886.0,888783.0,892886.0,888783.0
YLR385C,SWC7,12,gene,892992,893390,-,Verified,398,False,893429.0,893729.0,892929.0,893429.0,892992,893429.0,893429.0,,893429.0,892992.0
YLR386W,VAC14,12,gene,893628,896270,+,Verified,2642,False,893307.0,893607.0,893607.0,894107.0,893607,896372.0,893607.0,896372.0,893607.0,896372.0
YLR387C,REH1,12,gene,896374,897672,-,Verified,1298,False,897722.0,898022.0,897222.0,897722.0,896281,897722.0,897722.0,896281.0,897722.0,896281.0
YLR388W,RPS29A,12,gene,898158,898821,+,Verified,663,False,897795.0,898095.0,898095.0,898595.0,898095,898896.0,898095.0,898896.0,898095.0,898896.0
YLR389C,STE23,12,gene,899577,902660,-,Verified,3083,False,902661.0,902961.0,902161.0,902661.0,899415,902661.0,902661.0,899415.0,902661.0,899415.0
YLR390W,ECM19,12,gene,903066,903404,+,Verified,338,False,902827.0,903127.0,903127.0,903627.0,903127,903564.0,903127.0,903564.0,903127.0,903564.0
YLR390W-A,CCW14,12,gene,903724,904440,+,Verified,716,False,903371.0,903671.0,903671.0,904171.0,903671,904662.0,903671.0,904662.0,903671.0,904662.0
YLR392C,ART10,12,gene,904749,906305,-,Verified,1556,False,906485.0,906785.0,905985.0,906485.0,904658,906485.0,906485.0,904658.0,906485.0,904658.0
YLR393W,ATP10,12,gene,907079,907918,+,Verified,839,False,906736.0,907036.0,907036.0,907536.0,907036,907918.0,907036.0,,907036.0,907918.0
YLR394W,CST9,12,gene,907950,909398,+,Verified,1448,,907650.0,907950.0,907950.0,908450.0,907950,909398.0,,,907950.0,909398.0
YLR395C,COX8,12,gene,909729,909965,-,Verified,236,False,910009.0,910309.0,909509.0,910009.0,909524,910009.0,910009.0,909524.0,910009.0,909524.0
YLR396C,VPS33,12,gene,910235,912310,-,Verified,2075,False,912349.0,912649.0,911849.0,912349.0,910199,912349.0,912349.0,910199.0,912349.0,910199.0
YLR397C,AFG2,12,gene,912550,914892,-,Verified,2342,False,914962.0,915262.0,914462.0,914962.0,912415,914962.0,914962.0,912415.0,914962.0,912415.0
YLR398C,SKI2,12,gene,915156,919019,-,Verified,3863,False,919060.0,919360.0,918560.0,919060.0,915040,919060.0,919060.0,915040.0,919060.0,915040.0
YLR399C,BDF1,12,gene,919536,921596,-,Verified,2060,False,921643.0,921943.0,921143.0,921643.0,919221,921643.0,921643.0,919221.0,921643.0,919221.0
YLR401C,DUS3,12,gene,922442,924448,-,Verified,2006,False,924497.0,924797.0,923997.0,924497.0,922398,924497.0,924497.0,922398.0,924497.0,922398.0
YLR403W,SFP1,12,gene,925568,927619,+,Verified,2051,False,924632.0,924932.0,924932.0,925432.0,924932,927967.0,924932.0,927967.0,924932.0,927967.0
YLR404W,FLD1,12,gene,928743,929600,+,Verified,857,False,928415.0,928715.0,928715.0,929215.0,928715,929651.0,928715.0,929651.0,928715.0,929651.0
YLR405W,DUS4,12,gene,929789,930892,+,Verified,1103,False,929483.0,929783.0,929783.0,930283.0,929783,930934.0,929783.0,930934.0,929783.0,930934.0
YLR406C,RPL31B,12,gene,931065,931755,-,Verified,690,False,931782.0,932082.0,931282.0,931782.0,930879,931782.0,931782.0,930879.0,931782.0,930879.0
YLR406C-A,YLR406C-A,12,gene,932206,932355,-,Uncharacterized,149,False,932476.0,932776.0,931976.0,932476.0,932206,932476.0,932476.0,,932476.0,932206.0
YLR407W,YLR407W,12,gene,932967,933653,+,Uncharacterized,686,False,932424.0,932724.0,932724.0,933224.0,932724,933879.0,932724.0,933879.0,932724.0,933879.0
YLR408C,BLS1,12,gene,933885,934253,-,Uncharacterized,368,False,934237.0,934537.0,933737.0,934237.0,933800,934237.0,934237.0,933800.0,934237.0,933800.0
YLR409C,UTP21,12,gene,934414,937233,-,Verified,2819,False,937282.0,937582.0,936782.0,937282.0,934364,937282.0,937282.0,934364.0,937282.0,934364.0
YLR410W,VIP1,12,gene,937541,940981,+,Verified,3440,False,937181.0,937481.0,937481.0,937981.0,937481,941046.0,937481.0,941046.0,937481.0,941046.0
YLR411W,CTR3,12,gene,947253,947978,+,Verified,725,False,946840.0,947140.0,947140.0,947640.0,947140,948147.0,947140.0,948147.0,947140.0,948147.0
YLR412W,BER1,12,gene,948368,949192,+,Verified,824,False,948052.0,948352.0,948352.0,948852.0,948352,949262.0,948352.0,949262.0,948352.0,949262.0
YLR412C-A,YLR412C-A,12,gene,950267,950473,-,Uncharacterized,206,False,950659.0,950959.0,950159.0,950659.0,950267,950659.0,950659.0,,950659.0,950267.0
YLR413W,YLR413W,12,gene,951156,953183,+,Uncharacterized,2027,False,950810.0,951110.0,951110.0,951610.0,951110,953334.0,951110.0,953334.0,951110.0,953334.0
YLR414C,PUN1,12,gene,953353,954144,-,Uncharacterized,791,False,954275.0,954575.0,953775.0,954275.0,953229,954275.0,954275.0,953229.0,954275.0,953229.0
YLR415C,YLR415C,12,gene,954259,954597,-,Uncharacterized,338,,954597.0,954897.0,954097.0,954597.0,954259,954597.0,,,954597.0,954259.0
YLR417W,VPS36,12,gene,955010,956710,+,Verified,1700,False,954650.0,954950.0,954950.0,955450.0,954950,956810.0,954950.0,956810.0,954950.0,956810.0
YLR418C,CDC73,12,gene,956914,958095,-,Verified,1181,False,958156.0,958456.0,957656.0,958156.0,956819,958156.0,958156.0,956819.0,958156.0,956819.0
YLR419W,YLR419W,12,gene,958428,962735,+,Uncharacterized,4307,False,958068.0,958368.0,958368.0,958868.0,958368,962787.0,958368.0,962787.0,958368.0,962787.0
YLR420W,URA4,12,gene,963785,964879,+,Verified,1094,False,963462.0,963762.0,963762.0,964262.0,963762,964956.0,963762.0,964956.0,963762.0,964956.0
YLR421C,RPN13,12,gene,965090,965560,-,Verified,470,False,965598.0,965898.0,965098.0,965598.0,964862,965598.0,965598.0,964862.0,965598.0,964862.0
YLR422W,YLR422W,12,gene,965897,971695,+,Uncharacterized,5798,False,965483.0,965783.0,965783.0,966283.0,965783,971895.0,965783.0,971895.0,965783.0,971895.0
YLR423C,ATG17,12,gene,971917,973170,-,Verified,1253,False,973190.0,973490.0,972690.0,973190.0,971695,973190.0,973190.0,971695.0,973190.0,971695.0
YLR424W,SPP382,12,gene,973395,975521,+,Verified,2126,False,973075.0,973375.0,973375.0,973875.0,973375,975657.0,973375.0,975657.0,973375.0,975657.0
YLR425W,TUS1,12,gene,982894,986817,+,Verified,3923,False,982394.0,982694.0,982694.0,983194.0,982694,986862.0,982694.0,986862.0,982694.0,986862.0
YLR426W,YLR426W,12,gene,987062,988113,+,Uncharacterized,1051,False,986740.0,987040.0,987040.0,987540.0,987040,988179.0,987040.0,988179.0,987040.0,988179.0
YLR427W,MAG2,12,gene,988428,990440,+,Verified,2012,False,988025.0,988325.0,988325.0,988825.0,988325,990561.0,988325.0,990561.0,988325.0,990561.0
YLR429W,CRN1,12,gene,990777,992732,+,Verified,1955,False,990431.0,990731.0,990731.0,991231.0,990731,992848.0,990731.0,992848.0,990731.0,992848.0
YLR430W,SEN1,12,gene,993434,1000129,+,Verified,6695,False,992837.0,993137.0,993137.0,993637.0,993137,1000218.0,993137.0,1000218.0,993137.0,1000218.0
YLR431C,ATG23,12,gene,1000342,1001703,-,Verified,1361,False,1001992.0,1002292.0,1001492.0,1001992.0,1000135,1001992.0,1001992.0,1000135.0,1001992.0,1000135.0
YLR432W,IMD3,12,gene,1002557,1004128,+,Verified,1571,False,1002026.0,1002326.0,1002326.0,1002826.0,1002326,1004186.0,1002326.0,1004186.0,1002326.0,1004186.0
YLR433C,CNA1,12,gene,1004347,1006008,-,Verified,1661,False,1006123.0,1006423.0,1005623.0,1006123.0,1004078,1006123.0,1006123.0,1004078.0,1006123.0,1004078.0
YLR435W,TSR2,12,gene,1006378,1006995,+,Verified,617,False,1006014.0,1006314.0,1006314.0,1006814.0,1006314,1007146.0,1006314.0,1007146.0,1006314.0,1007146.0
YLR436C,ECM30,12,gene,1007421,1011245,-,Verified,3824,False,1011340.0,1011640.0,1010840.0,1011340.0,1007300,1011340.0,1011340.0,1007300.0,1011340.0,1007300.0
YLR437C,DIF1,12,gene,1011622,1012023,-,Verified,401,False,1012042.0,1012342.0,1011542.0,1012042.0,1011465,1012042.0,1012042.0,1011465.0,1012042.0,1011465.0
YLR438W,CAR2,12,gene,1012501,1013775,+,Verified,1274,False,1012167.0,1012467.0,1012467.0,1012967.0,1012467,1013891.0,1012467.0,1013891.0,1012467.0,1013891.0
YLR438C-A,LSM3,12,gene,1013909,1014178,-,Verified,269,False,1014238.0,1014538.0,1013738.0,1014238.0,1013797,1014238.0,1014238.0,1013797.0,1014238.0,1013797.0
YLR439W,MRPL4,12,gene,1014491,1015450,+,Verified,959,False,1014142.0,1014442.0,1014442.0,1014942.0,1014442,1015601.0,1014442.0,1015601.0,1014442.0,1015601.0
YLR440C,SEC39,12,gene,1015568,1017697,-,Verified,2129,False,1017767.0,1018067.0,1017267.0,1017767.0,1015385,1017767.0,1017767.0,1015385.0,1017767.0,1015385.0
YLR441C,RPS1A,12,gene,1018141,1018908,-,Verified,767,False,1018937.0,1019237.0,1018437.0,1018937.0,1017925,1018937.0,1018937.0,1017925.0,1018937.0,1017925.0
YLR442C,SIR3,12,gene,1019315,1022251,-,Verified,2936,False,1022290.0,1022590.0,1021790.0,1022290.0,1019224,1022290.0,1022290.0,1019224.0,1022290.0,1019224.0
YLR443W,ECM7,12,gene,1022625,1023971,+,Verified,1346,False,1022183.0,1022483.0,1022483.0,1022983.0,1022483,1024073.0,1022483.0,1024073.0,1022483.0,1024073.0
YLR445W,YLR445W,12,gene,1024189,1024837,+,Uncharacterized,648,,1023889.0,1024189.0,1024189.0,1024689.0,1024189,1024837.0,,,1024189.0,1024837.0
YLR446W,YLR446W,12,gene,1025214,1026515,+,Uncharacterized,1301,False,1024845.0,1025145.0,1025145.0,1025645.0,1025145,1026797.0,1025145.0,1026797.0,1025145.0,1026797.0
YLR447C,VMA6,12,gene,1026856,1027893,-,Verified,1037,False,1027930.0,1028230.0,1027430.0,1027930.0,1026705,1027930.0,1027930.0,1026705.0,1027930.0,1026705.0
YLR448W,RPL6B,12,gene,1028854,1029768,+,Verified,914,False,1028500.0,1028800.0,1028800.0,1029300.0,1028800,1030016.0,1028800.0,1030016.0,1028800.0,1030016.0
YLR449W,FPR4,12,gene,1030834,1032012,+,Verified,1178,False,1030514.0,1030814.0,1030814.0,1031314.0,1030814,1032102.0,1030814.0,1032102.0,1030814.0,1032102.0
YLR450W,HMG2,12,gene,1032627,1035764,+,Verified,3137,False,1032145.0,1032445.0,1032445.0,1032945.0,1032445,1035854.0,1032445.0,1035854.0,1032445.0,1035854.0
YLR451W,LEU3,12,gene,1036093,1038753,+,Verified,2660,False,1035702.0,1036002.0,1036002.0,1036502.0,1036002,1038893.0,1036002.0,1038893.0,1036002.0,1038893.0
YLR452C,SST2,12,gene,1039270,1041366,-,Verified,2096,False,1041423.0,1041723.0,1040923.0,1041423.0,1039120,1041423.0,1041423.0,1039120.0,1041423.0,1039120.0
YLR453C,RIF2,12,gene,1041799,1042986,-,Verified,1187,False,1043037.0,1043337.0,1042537.0,1043037.0,1041799,1043037.0,1043037.0,,1043037.0,1041799.0
YLR454W,FMP27,12,gene,1043998,1051884,+,Uncharacterized,7886,False,1043560.0,1043860.0,1043860.0,1044360.0,1043860,1051961.0,1043860.0,1051961.0,1043860.0,1051961.0
YLR455W,YLR455W,12,gene,1053629,1054543,+,Uncharacterized,914,False,1053097.0,1053397.0,1053397.0,1053897.0,1053397,1054917.0,1053397.0,1054917.0,1053397.0,1054917.0
YLR456W,YLR456W,12,gene,1055070,1055684,+,Uncharacterized,614,False,1054759.0,1055059.0,1055059.0,1055559.0,1055059,1055829.0,1055059.0,1055829.0,1055059.0,1055829.0
YLR457C,NBP1,12,gene,1055812,1056771,-,Verified,959,False,1056758.0,1057058.0,1056258.0,1056758.0,1055633,1056758.0,1056758.0,1055633.0,1056758.0,1055633.0
YLR459W,GAB1,12,gene,1057334,1058518,+,Verified,1184,False,1057020.0,1057320.0,1057320.0,1057820.0,1057320,1058576.0,1057320.0,1058576.0,1057320.0,1058576.0
YLR460C,YLR460C,12,gene,1059757,1060887,-,Uncharacterized,1130,False,1061083.0,1061383.0,1060583.0,1061083.0,1059682,1061083.0,1061083.0,1059682.0,1061083.0,1059682.0
YLR461W,PAU4,12,gene,1062919,1063281,+,Verified,362,,1062619.0,1062919.0,1062919.0,1063419.0,1062919,1063281.0,,,1062919.0,1063281.0
YLR462W,YLR462W,12,gene,1065956,1066564,+,Uncharacterized,608,False,1065272.0,1065572.0,1065572.0,1066072.0,1065572,1066713.0,1065572.0,1066713.0,1065572.0,1066713.0
YLR464W,YLR464W,12,gene,1066572,1067501,+,Uncharacterized,929,,1066272.0,1066572.0,1066572.0,1067072.0,1066572,1067501.0,,,1066572.0,1067501.0
YLR466W,YRF1-4,12,gene,1067087,1071235,+,Verified,4148,,1066787.0,1067087.0,1067087.0,1067587.0,1067087,1071235.0,,,1067087.0,1071235.0
YLR466C-B,YLR466C-B,12,gene,1071594,1071710,-,Uncharacterized,116,,1071710.0,1072010.0,1071210.0,1071710.0,1071594,1071710.0,,,1071710.0,1071594.0
YLR467W,YRF1-5,12,gene,1072508,1077898,+,Verified,5390,False,1071805.0,1072105.0,1072105.0,1072605.0,1072105,1077976.0,1072105.0,1077976.0,1072105.0,1077976.0
YML133C,YML133C,13,gene,461,4684,-,Uncharacterized,4223,False,5094.0,5394.0,4594.0,5094.0,385,5094.0,5094.0,385.0,5094.0,385.0
YML132W,COS3,13,gene,7244,8383,+,Verified,1139,False,6938.0,7238.0,7238.0,7738.0,7238,8461.0,7238.0,8461.0,7238.0,8461.0
YML131W,YML131W,13,gene,10198,11295,+,Uncharacterized,1097,False,9865.0,10165.0,10165.0,10665.0,10165,11485.0,10165.0,11485.0,10165.0,11485.0
YML130C,ERO1,13,gene,11483,13174,-,Verified,1691,False,13272.0,13572.0,12772.0,13272.0,11390,13272.0,13272.0,11390.0,13272.0,11390.0
YML129C,COX14,13,gene,14541,14753,-,Verified,212,False,14764.0,15064.0,14264.0,14764.0,14312,14764.0,14764.0,14312.0,14764.0,14312.0
YML128C,MSC1,13,gene,15135,16676,-,Verified,1541,False,16779.0,17079.0,16279.0,16779.0,14957,16779.0,16779.0,14957.0,16779.0,14957.0
YML127W,RSC9,13,gene,17064,18809,+,Verified,1745,False,16685.0,16985.0,16985.0,17485.0,16985,18960.0,16985.0,18960.0,16985.0,18960.0
YML126C,ERG13,13,gene,19060,20535,-,Verified,1475,False,20475.0,20775.0,19975.0,20475.0,18875,20475.0,20475.0,18875.0,20475.0,18875.0
YML125C,PGA3,13,gene,20761,21699,-,Verified,938,False,21718.0,22018.0,21218.0,21718.0,20686,21718.0,21718.0,20686.0,21718.0,20686.0
YML124C,TUB3,13,gene,22048,23683,-,Verified,1635,False,23714.0,24014.0,23214.0,23714.0,21926,23714.0,23714.0,21926.0,23714.0,21926.0
YML123C,PHO84,13,gene,24037,25800,-,Verified,1763,False,25840.0,26140.0,25340.0,25840.0,23900,25840.0,25840.0,23900.0,25840.0,23900.0
YML121W,GTR1,13,gene,26930,27862,+,Verified,932,False,26571.0,26871.0,26871.0,27371.0,26871,28049.0,26871.0,28049.0,26871.0,28049.0
YML120C,NDI1,13,gene,28266,29807,-,Verified,1541,False,29898.0,30198.0,29398.0,29898.0,27933,29898.0,29898.0,27933.0,29898.0,27933.0
YML119W,YML119W,13,gene,30611,31684,+,Uncharacterized,1073,False,30219.0,30519.0,30519.0,31019.0,30519,31745.0,30519.0,31745.0,30519.0,31745.0
YML118W,NGL3,13,gene,32334,33851,+,Verified,1517,False,31879.0,32179.0,32179.0,32679.0,32179,33851.0,32179.0,,32179.0,33851.0
YML117W,NAB6,13,gene,34243,37647,+,Verified,3404,False,33803.0,34103.0,34103.0,34603.0,34103,37918.0,34103.0,37918.0,34103.0,37918.0
YML116W,ATR1,13,gene,38196,39824,+,Verified,1628,False,37816.0,38116.0,38116.0,38616.0,38116,39981.0,38116.0,39981.0,38116.0,39981.0
YML115C,VAN1,13,gene,40187,41794,-,Verified,1607,False,41866.0,42166.0,41366.0,41866.0,40132,41866.0,41866.0,40132.0,41866.0,40132.0
YML114C,TAF8,13,gene,42043,43575,-,Verified,1532,False,43595.0,43895.0,43095.0,43595.0,42028,43595.0,43595.0,42028.0,43595.0,42028.0
YML113W,DAT1,13,gene,44045,44791,+,Verified,746,False,43698.0,43998.0,43998.0,44498.0,43998,44936.0,43998.0,44936.0,43998.0,44936.0
YML112W,CTK3,13,gene,45063,45953,+,Verified,890,False,44710.0,45010.0,45010.0,45510.0,45010,46136.0,45010.0,46136.0,45010.0,46136.0
YML111W,BUL2,13,gene,46942,49704,+,Verified,2762,False,46517.0,46817.0,46817.0,47317.0,46817,49851.0,46817.0,49851.0,46817.0,49851.0
YML110C,COQ5,13,gene,50031,50954,-,Verified,923,False,50982.0,51282.0,50482.0,50982.0,49749,50982.0,50982.0,49749.0,50982.0,49749.0
YML109W,ZDS2,13,gene,51640,54468,+,Verified,2828,False,51288.0,51588.0,51588.0,52088.0,51588,54543.0,51588.0,54543.0,51588.0,54543.0
YML108W,YML108W,13,gene,54793,55110,+,Uncharacterized,317,False,54473.0,54773.0,54773.0,55273.0,54773,55311.0,54773.0,55311.0,54773.0,55311.0
YML107C,PML39,13,gene,55265,56269,-,Verified,1004,False,56256.0,56556.0,55756.0,56256.0,55227,56256.0,56256.0,55227.0,56256.0,55227.0
YML106W,URA5,13,gene,56773,57453,+,Verified,680,False,56183.0,56483.0,56483.0,56983.0,56483,57513.0,56483.0,57513.0,56483.0,57513.0
YML105C,SEC65,13,gene,57866,58687,-,Verified,821,False,58719.0,59019.0,58219.0,58719.0,57762,58719.0,58719.0,57762.0,58719.0,57762.0
YML104C,MDM1,13,gene,58939,62322,-,Verified,3383,False,62359.0,62659.0,61859.0,62359.0,58880,62359.0,62359.0,58880.0,62359.0,58880.0
YML103C,NUP188,13,gene,62582,67549,-,Verified,4967,False,67587.0,67887.0,67087.0,67587.0,62534,67587.0,67587.0,62534.0,67587.0,62534.0
YML102W,CAC2,13,gene,68294,69700,+,Verified,1406,False,67989.0,68289.0,68289.0,68789.0,68289,69754.0,68289.0,69754.0,68289.0,69754.0
YML101C,CUE4,13,gene,69735,70088,-,Verified,353,False,70126.0,70426.0,69626.0,70126.0,69663,70126.0,70126.0,69663.0,70126.0,69663.0
YML100W-A,YML100W-A,13,gene,70138,70311,+,Uncharacterized,173,False,69829.0,70129.0,70129.0,70629.0,70129,70607.0,70129.0,70607.0,70129.0,70607.0
YML100W,TSL1,13,gene,70624,73920,+,Verified,3296,False,70227.0,70527.0,70527.0,71027.0,70527,74016.0,70527.0,74016.0,70527.0,74016.0
YML099C,ARG81,13,gene,74398,77040,-,Verified,2642,False,76998.0,77298.0,76498.0,76998.0,74259,76998.0,76998.0,74259.0,76998.0,74259.0
YML098W,TAF13,13,gene,77267,77770,+,Verified,503,False,76948.0,77248.0,77248.0,77748.0,77248,77930.0,77248.0,77930.0,77248.0,77930.0
YML097C,VPS9,13,gene,78335,79690,-,Verified,1355,False,79734.0,80034.0,79234.0,79734.0,78270,79734.0,79734.0,78270.0,79734.0,78270.0
YML096W,YML096W,13,gene,79909,81486,+,Uncharacterized,1577,False,79586.0,79886.0,79886.0,80386.0,79886,81544.0,79886.0,81544.0,79886.0,81544.0
YML095C,RAD10,13,gene,81481,82113,-,Verified,632,False,82140.0,82440.0,81640.0,82140.0,81247,82140.0,82140.0,81247.0,82140.0,81247.0
YML094W,GIM5,13,gene,82275,82849,+,Verified,574,False,81945.0,82245.0,82245.0,82745.0,82245,82945.0,82245.0,82945.0,82245.0,82945.0
YML093W,UTP14,13,gene,83090,85789,+,Verified,2699,False,82767.0,83067.0,83067.0,83567.0,83067,85888.0,83067.0,85888.0,83067.0,85888.0
YML092C,PRE8,13,gene,85987,86739,-,Verified,752,False,86761.0,87061.0,86261.0,86761.0,85889,86761.0,86761.0,85889.0,86761.0,85889.0
YML091C,RPM2,13,gene,87123,90731,-,Verified,3608,False,91019.0,91319.0,90519.0,91019.0,87043,91019.0,91019.0,87043.0,91019.0,87043.0
YML088W,UFO1,13,gene,92235,94241,+,Verified,2006,False,91663.0,91963.0,91963.0,92463.0,91963,94323.0,91963.0,94323.0,91963.0,94323.0
YML087C,AIM33,13,gene,94431,95369,-,Verified,938,False,95380.0,95680.0,94880.0,95380.0,94323,95380.0,95380.0,94323.0,95380.0,94323.0
YML086C,ALO1,13,gene,95791,97371,-,Verified,1580,False,97528.0,97828.0,97028.0,97528.0,95676,97528.0,97528.0,95676.0,97528.0,95676.0
YML085C,TUB1,13,gene,97941,99400,-,Verified,1459,False,99433.0,99733.0,98933.0,99433.0,97769,99433.0,99433.0,97769.0,99433.0,97769.0
YML083C,YML083C,13,gene,99794,101050,-,Uncharacterized,1256,,101050.0,101350.0,100550.0,101050.0,99794,101050.0,,,101050.0,99794.0
YML082W,YML082W,13,gene,101862,103811,+,Uncharacterized,1949,False,101508.0,101808.0,101808.0,102308.0,101808,103872.0,101808.0,103872.0,101808.0,103872.0
YML081C-A,ATP18,13,gene,103983,104162,-,Verified,179,False,104222.0,104522.0,103722.0,104222.0,103876,104222.0,104222.0,103876.0,104222.0,103876.0
YML081W,YML081W,13,gene,104777,108532,+,Uncharacterized,3755,False,104335.0,104635.0,104635.0,105135.0,104635,108617.0,104635.0,108617.0,104635.0,108617.0
YML080W,DUS1,13,gene,108806,110077,+,Verified,1271,False,108387.0,108687.0,108687.0,109187.0,108687,110188.0,108687.0,110188.0,108687.0,110188.0
YML079W,YML079W,13,gene,110247,110852,+,Uncharacterized,605,False,109939.0,110239.0,110239.0,110739.0,110239,110922.0,110239.0,110922.0,110239.0,110922.0
YML078W,CPR3,13,gene,111002,111550,+,Verified,548,False,110678.0,110978.0,110978.0,111478.0,110978,111687.0,110978.0,111687.0,110978.0,111687.0
YML077W,BET5,13,gene,111865,112344,+,Verified,479,False,111566.0,111866.0,111866.0,112366.0,111866,112471.0,111866.0,112471.0,111866.0,112471.0
YML076C,WAR1,13,gene,112513,115347,-,Verified,2834,False,115386.0,115686.0,114886.0,115386.0,112293,115386.0,115386.0,112293.0,115386.0,112293.0
YML075C,HMG1,13,gene,115734,118898,-,Verified,3164,False,118987.0,119287.0,118487.0,118987.0,115590,118987.0,118987.0,115590.0,118987.0,115590.0
YML074C,FPR3,13,gene,120089,121324,-,Verified,1235,False,121351.0,121651.0,120851.0,121351.0,119992,121351.0,121351.0,119992.0,121351.0,119992.0
YML073C,RPL6A,13,gene,123227,124172,-,Verified,945,False,124210.0,124510.0,123710.0,124210.0,123151,124210.0,124210.0,123151.0,124210.0,123151.0
YML072C,TCB3,13,gene,124730,129367,-,Verified,4637,False,129527.0,129827.0,129027.0,129527.0,124590,129527.0,129527.0,124590.0,129527.0,124590.0
YML071C,COG8,13,gene,129749,131572,-,Verified,1823,False,131649.0,131949.0,131149.0,131649.0,129706,131649.0,131649.0,129706.0,131649.0,129706.0
YML070W,DAK1,13,gene,133475,135229,+,Verified,1754,False,133104.0,133404.0,133404.0,133904.0,133404,135300.0,133404.0,135300.0,133404.0,135300.0
YML069W,POB3,13,gene,135500,137158,+,Verified,1658,False,135161.0,135461.0,135461.0,135961.0,135461,137236.0,135461.0,137236.0,135461.0,137236.0
YML068W,ITT1,13,gene,137550,138944,+,Verified,1394,False,137186.0,137486.0,137486.0,137986.0,137486,139035.0,137486.0,139035.0,137486.0,139035.0
YML067C,ERV41,13,gene,139063,140214,-,Verified,1151,False,140235.0,140535.0,139735.0,140235.0,139019,140235.0,140235.0,139019.0,140235.0,139019.0
YML066C,SMA2,13,gene,140424,141533,-,Verified,1109,False,141954.0,142254.0,141454.0,141954.0,140424,141954.0,141954.0,,141954.0,140424.0
YML065W,ORC1,13,gene,142210,144954,+,Verified,2744,False,141817.0,142117.0,142117.0,142617.0,142117,145084.0,142117.0,145084.0,142117.0,145084.0
YML064C,TEM1,13,gene,145139,145876,-,Verified,737,False,145938.0,146238.0,145438.0,145938.0,144952,145938.0,145938.0,144952.0,145938.0,144952.0
YML063W,RPS1B,13,gene,146482,147249,+,Verified,767,False,146157.0,146457.0,146457.0,146957.0,146457,147337.0,146457.0,147337.0,146457.0,147337.0
YML062C,MFT1,13,gene,147505,148683,-,Verified,1178,False,148738.0,149038.0,148238.0,148738.0,147432,148738.0,148738.0,147432.0,148738.0,147432.0
YML061C,PIF1,13,gene,148953,151532,-,Verified,2579,False,151683.0,151983.0,151183.0,151683.0,148865,151683.0,151683.0,148865.0,151683.0,148865.0
YML060W,OGG1,13,gene,151871,153001,+,Verified,1130,False,151493.0,151793.0,151793.0,152293.0,151793,153221.0,151793.0,153221.0,151793.0,153221.0
YML059C,NTE1,13,gene,153219,158258,-,Verified,5039,False,158323.0,158623.0,157823.0,158323.0,153143,158323.0,158323.0,153143.0,158323.0,153143.0
YML058W-A,HUG1,13,gene,158760,158966,+,Verified,206,False,158418.0,158718.0,158718.0,159218.0,158718,159099.0,158718.0,159099.0,158718.0,159099.0
YML058W,SML1,13,gene,159383,159697,+,Verified,314,False,159040.0,159340.0,159340.0,159840.0,159340,159938.0,159340.0,159938.0,159340.0,159938.0
YML057W,CMP2,13,gene,160180,161994,+,Verified,1814,False,159826.0,160126.0,160126.0,160626.0,160126,162124.0,160126.0,162124.0,160126.0,162124.0
YML056C,IMD4,13,gene,162194,164176,-,Verified,1982,False,164802.0,165102.0,164302.0,164802.0,162104,164802.0,164802.0,162104.0,164802.0,162104.0
YML055W,SPC2,13,gene,164790,165326,+,Verified,536,False,164315.0,164615.0,164615.0,165115.0,164615,165386.0,164615.0,165386.0,164615.0,165386.0
YML054C,CYB2,13,gene,165533,167308,-,Verified,1775,,167308.0,167608.0,166808.0,167308.0,165533,167308.0,,,167308.0,165533.0
YML054C-A,YML054C-A,13,gene,167623,167781,-,Uncharacterized,158,,167781.0,168081.0,167281.0,167781.0,167623,167781.0,,,167781.0,167623.0
YML053C,YML053C,13,gene,169116,169754,-,Uncharacterized,638,False,169844.0,170144.0,169344.0,169844.0,168956,169844.0,169844.0,168956.0,169844.0,168956.0
YML052W,SUR7,13,gene,170402,171310,+,Verified,908,False,170073.0,170373.0,170373.0,170873.0,170373,171416.0,170373.0,171416.0,170373.0,171416.0
YML051W,GAL80,13,gene,171594,172901,+,Verified,1307,False,171217.0,171517.0,171517.0,172017.0,171517,173045.0,171517.0,173045.0,171517.0,173045.0
YML050W,AIM32,13,gene,173139,174074,+,Verified,935,False,172822.0,173122.0,173122.0,173622.0,173122,174205.0,173122.0,174205.0,173122.0,174205.0
YML049C,RSE1,13,gene,174220,178305,-,Verified,4085,False,178178.0,178478.0,177678.0,178178.0,174101,178178.0,178178.0,174101.0,178178.0,174101.0
YML048W,GSF2,13,gene,178426,179637,+,Verified,1211,False,178085.0,178385.0,178385.0,178885.0,178385,179831.0,178385.0,179831.0,178385.0,179831.0
YML047C,PRM6,13,gene,180017,181075,-,Verified,1058,,181075.0,181375.0,180575.0,181075.0,180017,181075.0,,,181075.0,180017.0
YML046W,PRP39,13,gene,181474,183363,+,Verified,1889,False,181070.0,181370.0,181370.0,181870.0,181370,183529.0,181370.0,183529.0,181370.0,183529.0
YML043C,RRN11,13,gene,190244,191767,-,Verified,1523,False,191930.0,192230.0,191430.0,191930.0,190104,191930.0,191930.0,190104.0,191930.0,190104.0
YML042W,CAT2,13,gene,192788,194800,+,Verified,2012,,192488.0,192788.0,192788.0,193288.0,192788,194800.0,,,192788.0,194800.0
YML041C,VPS71,13,gene,194913,195755,-,Verified,842,False,195801.0,196101.0,195301.0,195801.0,194826,195801.0,195801.0,194826.0,195801.0,194826.0
YML038C,YMD8,13,gene,202775,204103,-,Verified,1328,False,204187.0,204487.0,203687.0,204187.0,202555,204187.0,204187.0,202555.0,204187.0,202555.0
YML037C,YML037C,13,gene,204386,205408,-,Uncharacterized,1022,False,205456.0,205756.0,204956.0,205456.0,204386,205456.0,205456.0,,205456.0,204386.0
YML036W,CGI121,13,gene,205642,206293,+,Verified,651,False,205312.0,205612.0,205612.0,206112.0,205612,206539.0,205612.0,206539.0,205612.0,206539.0
YML035C,AMD1,13,gene,206428,208860,-,Verified,2432,False,209067.0,209367.0,208567.0,209067.0,206157,209067.0,209067.0,206157.0,209067.0,206157.0
YML034W,SRC1,13,gene,209525,212155,+,Verified,2630,False,209152.0,209452.0,209452.0,209952.0,209452,212324.0,209452.0,212324.0,209452.0,212324.0
YML032C,RAD52,13,gene,212515,213930,-,Verified,1415,False,213971.0,214271.0,213471.0,213971.0,212337,213971.0,213971.0,212337.0,213971.0,212337.0
YML031W,NDC1,13,gene,214189,216156,+,Verified,1967,False,213858.0,214158.0,214158.0,214658.0,214158,216233.0,214158.0,216233.0,214158.0,216233.0
YML030W,AIM31,13,gene,216435,216914,+,Verified,479,False,216113.0,216413.0,216413.0,216913.0,216413,217151.0,216413.0,217151.0,216413.0,217151.0
YML029W,USA1,13,gene,217362,219878,+,Verified,2516,False,216983.0,217283.0,217283.0,217783.0,217283,220205.0,217283.0,220205.0,217283.0,220205.0
YML028W,TSA1,13,gene,220138,220728,+,Verified,590,False,219810.0,220110.0,220110.0,220610.0,220110,220835.0,220110.0,220835.0,220110.0,220835.0
YML027W,YOX1,13,gene,221406,222563,+,Verified,1157,False,220891.0,221191.0,221191.0,221691.0,221191,222693.0,221191.0,222693.0,221191.0,222693.0
YML026C,RPS18B,13,gene,222987,223828,-,Verified,841,False,223859.0,224159.0,223359.0,223859.0,222799,223859.0,223859.0,222799.0,223859.0,222799.0
YML025C,YML6,13,gene,224406,225365,-,Verified,959,False,225418.0,225718.0,224918.0,225418.0,224301,225418.0,225418.0,224301.0,225418.0,224301.0
YML024W,RPS17A,13,gene,225889,226697,+,Verified,808,False,225536.0,225836.0,225836.0,226336.0,225836,226759.0,225836.0,226759.0,225836.0,226759.0
YML023C,NSE5,13,gene,226994,228664,-,Verified,1670,False,228709.0,229009.0,228209.0,228709.0,226940,228709.0,228709.0,226940.0,228709.0,226940.0
YML022W,APT1,13,gene,228937,229500,+,Verified,563,False,228569.0,228869.0,228869.0,229369.0,228869,229633.0,228869.0,229633.0,228869.0,229633.0
YML021C,UNG1,13,gene,229734,230813,-,Verified,1079,False,230794.0,231094.0,230294.0,230794.0,229574,230794.0,230794.0,229574.0,230794.0,229574.0
YML020W,YML020W,13,gene,231149,233143,+,Uncharacterized,1994,False,230672.0,230972.0,230972.0,231472.0,230972,233289.0,230972.0,233289.0,230972.0,233289.0
YML019W,OST6,13,gene,233457,234455,+,Verified,998,False,233120.0,233420.0,233420.0,233920.0,233420,234717.0,233420.0,234717.0,233420.0,234717.0
YML018C,YML018C,13,gene,234771,235952,-,Uncharacterized,1181,False,236089.0,236389.0,235589.0,236089.0,234640,236089.0,236089.0,234640.0,236089.0,234640.0
YML017W,PSP2,13,gene,236588,238731,+,Verified,2143,False,236219.0,236519.0,236519.0,237019.0,236519,239060.0,236519.0,239060.0,236519.0,239060.0
YML016C,PPZ1,13,gene,239458,241536,-,Verified,2078,False,241800.0,242100.0,241300.0,241800.0,239295,241800.0,241800.0,239295.0,241800.0,239295.0
YML015C,TAF11,13,gene,241989,243029,-,Verified,1040,False,243060.0,243360.0,242560.0,243060.0,241869,243060.0,243060.0,241869.0,243060.0,241869.0
YML014W,TRM9,13,gene,243225,244064,+,Verified,839,False,242916.0,243216.0,243216.0,243716.0,243216,244161.0,243216.0,244161.0,243216.0,244161.0
YML013W,UBX2,13,gene,244149,245903,+,Verified,1754,False,243821.0,244121.0,244121.0,244621.0,244121,246129.0,244121.0,246129.0,244121.0,246129.0
YML012W,ERV25,13,gene,246116,246751,+,Verified,635,False,245776.0,246076.0,246076.0,246576.0,246076,246877.0,246076.0,246877.0,246076.0,246877.0
YML011C,RAD33,13,gene,246895,247428,-,Verified,533,False,247465.0,247765.0,246965.0,247465.0,246777,247465.0,247465.0,246777.0,247465.0,246777.0
YML010W,SPT5,13,gene,247677,250868,+,Verified,3191,False,247340.0,247640.0,247640.0,248140.0,247640,251119.0,247640.0,251119.0,247640.0,251119.0
YML009C,MRPL39,13,gene,251304,251516,-,Verified,212,False,251559.0,251859.0,251059.0,251559.0,251117,251559.0,251559.0,251117.0,251559.0,251117.0
YML008C,ERG6,13,gene,251839,252990,-,Verified,1151,False,253025.0,253325.0,252525.0,253025.0,251751,253025.0,253025.0,251751.0,253025.0,251751.0
YML007C-A,YML007C-A,13,gene,253162,253272,-,Uncharacterized,110,False,253322.0,253622.0,252822.0,253322.0,253162,253322.0,253322.0,,253322.0,253162.0
YML007W,YAP1,13,gene,253848,255800,+,Verified,1952,False,253400.0,253700.0,253700.0,254200.0,253700,255993.0,253700.0,255993.0,253700.0,255993.0
YML006C,GIS4,13,gene,256092,258416,-,Verified,2324,False,258575.0,258875.0,258075.0,258575.0,256019,258575.0,258575.0,256019.0,258575.0,256019.0
YML005W,TRM12,13,gene,260221,261609,+,Verified,1388,False,259937.0,260237.0,260237.0,260737.0,260237,261660.0,260237.0,261660.0,260237.0,261660.0
YML004C,GLO1,13,gene,261705,262685,-,Verified,980,False,262704.0,263004.0,262204.0,262704.0,261570,262704.0,262704.0,261570.0,262704.0,261570.0
YML003W,YML003W,13,gene,263483,264355,+,Uncharacterized,872,False,263196.0,263496.0,263496.0,263996.0,263496,264355.0,263496.0,,263496.0,264355.0
YML002W,YML002W,13,gene,264541,266754,+,Uncharacterized,2213,,264241.0,264541.0,264541.0,265041.0,264541,266754.0,,,264541.0,266754.0
YML001W,YPT7,13,gene,267174,267800,+,Verified,626,False,266782.0,267082.0,267082.0,267582.0,267082,267871.0,267082.0,267871.0,267082.0,267871.0
YMR001C,CDC5,13,gene,269019,271136,-,Verified,2117,False,271472.0,271772.0,270972.0,271472.0,268870,271472.0,271472.0,268870.0,271472.0,268870.0
YMR001C-A,YMR001C-A,13,gene,271347,271577,-,Uncharacterized,230,,271577.0,271877.0,271077.0,271577.0,271347,271577.0,,,271577.0,271347.0
YMR002W,MIC17,13,gene,272193,272663,+,Verified,470,False,271839.0,272139.0,272139.0,272639.0,272139,272903.0,272139.0,272903.0,272139.0,272903.0
YMR003W,AIM34,13,gene,273118,273714,+,Verified,596,False,272787.0,273087.0,273087.0,273587.0,273087,273791.0,273087.0,273791.0,273087.0,273791.0
YMR004W,MVP1,13,gene,274017,275552,+,Verified,1535,False,273658.0,273958.0,273958.0,274458.0,273958,275701.0,273958.0,275701.0,273958.0,275701.0
YMR005W,TAF4,13,gene,276045,277211,+,Verified,1166,False,275660.0,275960.0,275960.0,276460.0,275960,277299.0,275960.0,277299.0,275960.0,277299.0
YMR006C,PLB2,13,gene,277561,279681,-,Verified,2120,False,279740.0,280040.0,279240.0,279740.0,277458,279740.0,279740.0,277458.0,279740.0,277458.0
YMR008C,PLB1,13,gene,280590,282584,-,Verified,1994,False,282769.0,283069.0,282269.0,282769.0,280253,282769.0,282769.0,280253.0,282769.0,280253.0
YMR009W,ADI1,13,gene,284102,284641,+,Verified,539,False,283769.0,284069.0,284069.0,284569.0,284069,284676.0,284069.0,284676.0,284069.0,284676.0
YMR010W,YMR010W,13,gene,285100,286317,+,Uncharacterized,1217,False,284592.0,284892.0,284892.0,285392.0,284892,286444.0,284892.0,286444.0,284892.0,286444.0
YMR011W,HXT2,13,gene,288079,289704,+,Verified,1625,False,287742.0,288042.0,288042.0,288542.0,288042,289819.0,288042.0,289819.0,288042.0,289819.0
YMR012W,CLU1,13,gene,291134,294967,+,Verified,3833,False,290727.0,291027.0,291027.0,291527.0,291027,295104.0,291027.0,295104.0,291027.0,295104.0
YMR013C,SEC59,13,gene,295179,296738,-,Verified,1559,False,296787.0,297087.0,296287.0,296787.0,294975,296787.0,296787.0,294975.0,296787.0,294975.0
YMR014W,BUD22,13,gene,298868,300427,+,Verified,1559,False,298543.0,298843.0,298843.0,299343.0,298843,300547.0,298843.0,300547.0,298843.0,300547.0
YMR015C,ERG5,13,gene,300869,302485,-,Verified,1616,False,302540.0,302840.0,302040.0,302540.0,300701,302540.0,302540.0,300701.0,302540.0,300701.0
YMR016C,SOK2,13,gene,303236,305593,-,Verified,2357,False,305820.0,306120.0,305320.0,305820.0,303085,305820.0,305820.0,303085.0,305820.0,303085.0
YMR017W,SPO20,13,gene,307489,308682,+,Verified,1193,,307189.0,307489.0,307489.0,307989.0,307489,308682.0,,,307489.0,308682.0
YMR018W,YMR018W,13,gene,310208,311752,+,Uncharacterized,1544,,309908.0,310208.0,310208.0,310708.0,310208,311752.0,,,310208.0,311752.0
YMR019W,STB4,13,gene,312156,315005,+,Verified,2849,False,311929.0,312229.0,312229.0,312729.0,312229,315107.0,312229.0,315107.0,312229.0,315107.0
YMR020W,FMS1,13,gene,315377,316903,+,Verified,1526,False,315111.0,315411.0,315411.0,315911.0,315411,316995.0,315411.0,316995.0,315411.0,316995.0
YMR021C,MAC1,13,gene,317165,318418,-,Verified,1253,False,318503.0,318803.0,318003.0,318503.0,316895,318503.0,318503.0,316895.0,318503.0,316895.0
YMR022W,UBC7,13,gene,318680,319177,+,Verified,497,False,318381.0,318681.0,318681.0,319181.0,318681,319278.0,318681.0,319278.0,318681.0,319278.0
YMR023C,MSS1,13,gene,319437,321017,-,Verified,1580,False,321230.0,321530.0,320730.0,321230.0,319382,321230.0,321230.0,319382.0,321230.0,319382.0
YMR024W,MRPL3,13,gene,321875,323047,+,Verified,1172,False,321608.0,321908.0,321908.0,322408.0,321908,323190.0,321908.0,323190.0,321908.0,323190.0
YMR025W,CSI1,13,gene,323300,324187,+,Verified,887,False,322994.0,323294.0,323294.0,323794.0,323294,324235.0,323294.0,324235.0,323294.0,324235.0
YMR026C,PEX12,13,gene,324236,325435,-,Verified,1199,False,325558.0,325858.0,325058.0,325558.0,324153,325558.0,325558.0,324153.0,325558.0,324153.0
YMR027W,YMR027W,13,gene,325877,327289,+,Uncharacterized,1412,False,325487.0,325787.0,325787.0,326287.0,325787,327367.0,325787.0,327367.0,325787.0,327367.0
YMR028W,TAP42,13,gene,327482,328582,+,Verified,1100,False,327160.0,327460.0,327460.0,327960.0,327460,328693.0,327460.0,328693.0,327460.0,328693.0
YMR029C,FAR8,13,gene,328660,330231,-,Verified,1571,False,330261.0,330561.0,329761.0,330261.0,328554,330261.0,330261.0,328554.0,330261.0,328554.0
YMR030W,RSF1,13,gene,330793,331923,+,Verified,1130,False,330320.0,330620.0,330620.0,331120.0,330620,332055.0,330620.0,332055.0,330620.0,332055.0
YMR031C,YMR031C,13,gene,332212,334743,-,Uncharacterized,2531,False,334818.0,335118.0,334318.0,334818.0,332047,334818.0,334818.0,332047.0,334818.0,332047.0
YMR032W,HOF1,13,gene,335298,337307,+,Verified,2009,False,334895.0,335195.0,335195.0,335695.0,335195,337462.0,335195.0,337462.0,335195.0,337462.0
YMR030W-A,YMR030W-A,13,gene,337313,337603,+,Uncharacterized,290,,337013.0,337313.0,337313.0,337813.0,337313,337603.0,,,337313.0,337603.0
YMR033W,ARP9,13,gene,337788,339277,+,Verified,1489,False,337446.0,337746.0,337746.0,338246.0,337746,339433.0,337746.0,339433.0,337746.0,339433.0
YMR034C,YMR034C,13,gene,339418,340722,-,Uncharacterized,1304,False,340856.0,341156.0,340356.0,340856.0,339418,340856.0,340856.0,,340856.0,339418.0
YMR035W,IMP2,13,gene,341142,341675,+,Verified,533,False,340827.0,341127.0,341127.0,341627.0,341127,341964.0,341127.0,341964.0,341127.0,341964.0
YMR036C,MIH1,13,gene,341856,343520,-,Verified,1664,False,343563.0,343863.0,343063.0,343563.0,341719,343563.0,343563.0,341719.0,343563.0,341719.0
YMR037C,MSN2,13,gene,344403,346517,-,Verified,2114,False,346947.0,347247.0,346447.0,346947.0,344131,346947.0,346947.0,344131.0,346947.0,344131.0
YMR038C,CCS1,13,gene,347511,348260,-,Verified,749,False,348278.0,348578.0,347778.0,348278.0,347449,348278.0,348278.0,347449.0,348278.0,347449.0
YMR039C,SUB1,13,gene,348644,349522,-,Verified,878,False,349623.0,349923.0,349123.0,349623.0,348470,349623.0,349623.0,348470.0,349623.0,348470.0
YMR040W,YET2,13,gene,350381,350863,+,Verified,482,False,350013.0,350313.0,350313.0,350813.0,350313,350942.0,350313.0,350942.0,350313.0,350942.0
YMR041C,ARA2,13,gene,350966,351973,-,Verified,1007,False,351992.0,352292.0,351492.0,351992.0,350846,351992.0,351992.0,350846.0,351992.0,350846.0
YMR042W,ARG80,13,gene,352603,353136,+,Verified,533,False,352297.0,352597.0,352597.0,353097.0,352597,353491.0,352597.0,353491.0,352597.0,353491.0
YMR043W,MCM1,13,gene,353871,354731,+,Verified,860,False,353565.0,353865.0,353865.0,354365.0,353865,355057.0,353865.0,355057.0,353865.0,355057.0
YMR044W,IOC4,13,gene,355384,356811,+,Verified,1427,False,355045.0,355345.0,355345.0,355845.0,355345,356953.0,355345.0,356953.0,355345.0,356953.0
YMR047C,NUP116,13,gene,363364,366705,-,Verified,3341,False,366781.0,367081.0,366281.0,366781.0,363294,366781.0,366781.0,363294.0,366781.0,363294.0
YMR048W,CSM3,13,gene,366981,367934,+,Verified,953,False,366673.0,366973.0,366973.0,367473.0,366973,368044.0,366973.0,368044.0,366973.0,368044.0
YMR049C,ERB1,13,gene,368094,370517,-,Verified,2423,False,370562.0,370862.0,370062.0,370562.0,368035,370562.0,370562.0,368035.0,370562.0,368035.0
YMR052W,FAR3,13,gene,379586,380200,+,Verified,614,False,379267.0,379567.0,379567.0,380067.0,379567,380312.0,379567.0,380312.0,379567.0,380312.0
YMR053C,STB2,13,gene,380346,382898,-,Verified,2552,,382898.0,383198.0,382398.0,382898.0,380346,382898.0,,,382898.0,380346.0
YMR054W,STV1,13,gene,383303,385975,+,Verified,2672,False,382790.0,383090.0,383090.0,383590.0,383090,386094.0,383090.0,386094.0,383090.0,386094.0
YMR055C,BUB2,13,gene,386101,387021,-,Verified,920,False,387051.0,387351.0,386551.0,387051.0,386070,387051.0,387051.0,386070.0,387051.0,386070.0
YMR056C,AAC1,13,gene,387315,388244,-,Verified,929,,388244.0,388544.0,387744.0,388244.0,387315,388244.0,,,388244.0,387315.0
YMR058W,FET3,13,gene,388822,390732,+,Verified,1910,False,388468.0,388768.0,388768.0,389268.0,388768,390872.0,388768.0,390872.0,388768.0,390872.0
YMR059W,SEN15,13,gene,391099,391485,+,Verified,386,False,390778.0,391078.0,391078.0,391578.0,391078,391589.0,391078.0,391589.0,391078.0,391589.0
YMR060C,SAM37,13,gene,391532,392515,-,Verified,983,False,392528.0,392828.0,392028.0,392528.0,391498,392528.0,392528.0,391498.0,392528.0,391498.0
YMR061W,RNA14,13,gene,392755,394788,+,Verified,2033,False,392432.0,392732.0,392732.0,393232.0,392732,394895.0,392732.0,394895.0,392732.0,394895.0
YMR062C,ARG7,13,gene,395054,396379,-,Verified,1325,False,396427.0,396727.0,395927.0,396427.0,394944,396427.0,396427.0,394944.0,396427.0,394944.0
YMR063W,RIM9,13,gene,397077,397796,+,Verified,719,False,396741.0,397041.0,397041.0,397541.0,397041,397796.0,397041.0,,397041.0,397796.0
YMR064W,AEP1,13,gene,397903,399459,+,Verified,1556,False,397631.0,397931.0,397931.0,398431.0,397931,399573.0,397931.0,399573.0,397931.0,399573.0
YMR065W,KAR5,13,gene,399702,401216,+,Verified,1514,False,399552.0,399852.0,399852.0,400352.0,399852,401328.0,399852.0,401328.0,399852.0,401328.0
YMR066W,SOV1,13,gene,401541,404237,+,Verified,2696,False,401224.0,401524.0,401524.0,402024.0,401524,404313.0,401524.0,404313.0,401524.0,404313.0
YMR067C,UBX4,13,gene,404323,405573,-,Verified,1250,False,405601.0,405901.0,405101.0,405601.0,404297,405601.0,405601.0,404297.0,405601.0,404297.0
YMR068W,AVO2,13,gene,406304,407584,+,Verified,1280,False,405991.0,406291.0,406291.0,406791.0,406291,407674.0,406291.0,407674.0,406291.0,407674.0
YMR069W,NAT4,13,gene,407709,408566,+,Verified,857,False,407502.0,407802.0,407802.0,408302.0,407802,408812.0,407802.0,408812.0,407802.0,408812.0
YMR070W,MOT3,13,gene,409154,410626,+,Verified,1472,False,408645.0,408945.0,408945.0,409445.0,408945,410777.0,408945.0,410777.0,408945.0,410777.0
YMR071C,TVP18,13,gene,410762,411265,-,Verified,503,False,411324.0,411624.0,410824.0,411324.0,410694,411324.0,411324.0,410694.0,411324.0,410694.0
YMR072W,ABF2,13,gene,411569,412120,+,Verified,551,False,411248.0,411548.0,411548.0,412048.0,411548,412263.0,411548.0,412263.0,411548.0,412263.0
YMR073C,IRC21,13,gene,412268,412873,-,Verified,605,False,412914.0,413214.0,412414.0,412914.0,412026,412914.0,412914.0,412026.0,412914.0,412026.0
YMR074C,YMR074C,13,gene,413036,413473,-,Verified,437,False,413493.0,413793.0,412993.0,413493.0,412966,413493.0,413493.0,412966.0,413493.0,412966.0
YMR075W,RCO1,13,gene,413982,416036,+,Verified,2054,False,413680.0,413980.0,413980.0,414480.0,413980,416151.0,413980.0,416151.0,413980.0,416151.0
YMR076C,PDS5,13,gene,416196,420029,-,Verified,3833,False,420109.0,420409.0,419609.0,420109.0,415987,420109.0,420109.0,415987.0,420109.0,415987.0
YMR077C,VPS20,13,gene,421484,422149,-,Verified,665,False,422217.0,422517.0,421717.0,422217.0,421295,422217.0,422217.0,421295.0,422217.0,421295.0
YMR078C,CTF18,13,gene,422503,424728,-,Verified,2225,False,424736.0,425036.0,424236.0,424736.0,422400,424736.0,424736.0,422400.0,424736.0,422400.0
YMR079W,SEC14,13,gene,424989,426059,+,Verified,1070,False,424646.0,424946.0,424946.0,425446.0,424946,426390.0,424946.0,426390.0,424946.0,426390.0
YMR080C,NAM7,13,gene,426712,429627,-,Verified,2915,False,429698.0,429998.0,429198.0,429698.0,426332,429698.0,429698.0,426332.0,429698.0,426332.0
YMR081C,ISF1,13,gene,430079,431095,-,Verified,1016,False,431550.0,431850.0,431050.0,431550.0,430079,431550.0,431550.0,,431550.0,430079.0
YMR083W,ADH3,13,gene,434788,435915,+,Verified,1127,False,434435.0,434735.0,434735.0,435235.0,434735,436010.0,434735.0,436010.0,434735.0,436010.0
YMR084W,YMR084W,13,gene,436628,437416,+,Uncharacterized,788,False,436064.0,436364.0,436364.0,436864.0,436364,437416.0,436364.0,,436364.0,437416.0
YMR085W,YMR085W,13,gene,437491,438789,+,Uncharacterized,1298,,437191.0,437491.0,437491.0,437991.0,437491,438789.0,,,437491.0,438789.0
YMR086W,YMR086W,13,gene,439208,442090,+,Verified,2882,False,438847.0,439147.0,439147.0,439647.0,439147,442234.0,439147.0,442234.0,439147.0,442234.0
YMR087W,YMR087W,13,gene,442527,443381,+,Verified,854,False,442170.0,442470.0,442470.0,442970.0,442470,443416.0,442470.0,443416.0,442470.0,443416.0
YMR088C,VBA1,13,gene,443414,445102,-,Verified,1688,False,445243.0,445543.0,444743.0,445243.0,443353,445243.0,445243.0,443353.0,445243.0,443353.0
YMR089C,YTA12,13,gene,445609,448086,-,Verified,2477,False,448309.0,448609.0,447809.0,448309.0,445402,448309.0,448309.0,445402.0,448309.0,445402.0
YMR090W,YMR090W,13,gene,449245,449928,+,Uncharacterized,683,False,448833.0,449133.0,449133.0,449633.0,449133,449994.0,449133.0,449994.0,449133.0,449994.0
YMR091C,NPL6,13,gene,450058,451365,-,Verified,1307,False,451423.0,451723.0,450923.0,451423.0,450012,451423.0,451423.0,450012.0,451423.0,450012.0
YMR092C,AIP1,13,gene,451632,453479,-,Verified,1847,False,453512.0,453812.0,453012.0,453512.0,451563,453512.0,453512.0,451563.0,453512.0,451563.0
YMR093W,UTP15,13,gene,454015,455556,+,Verified,1541,False,453693.0,453993.0,453993.0,454493.0,453993,455665.0,453993.0,455665.0,453993.0,455665.0
YMR094W,CTF13,13,gene,455825,457261,+,Verified,1436,False,455516.0,455816.0,455816.0,456316.0,455816,457261.0,455816.0,,455816.0,457261.0
YMR095C,SNO1,13,gene,457285,457959,-,Verified,674,,457959.0,458259.0,457459.0,457959.0,457285,457959.0,,,457959.0,457285.0
YMR096W,SNZ1,13,gene,458408,459301,+,Verified,893,False,458080.0,458380.0,458380.0,458880.0,458380,459452.0,458380.0,459452.0,458380.0,459452.0
YMR097C,MTG1,13,gene,459424,460527,-,Verified,1103,False,460571.0,460871.0,460071.0,460571.0,459377,460571.0,460571.0,459377.0,460571.0,459377.0
YMR098C,ATP25,13,gene,460771,462609,-,Verified,1838,False,462679.0,462979.0,462179.0,462679.0,460698,462679.0,462679.0,460698.0,462679.0,460698.0
YMR099C,YMR099C,13,gene,463934,464827,-,Verified,893,False,464851.0,465151.0,464351.0,464851.0,463846,464851.0,464851.0,463846.0,464851.0,463846.0
YMR100W,MUB1,13,gene,466300,468162,+,Verified,1862,False,465772.0,466072.0,466072.0,466572.0,466072,468350.0,466072.0,468350.0,466072.0,468350.0
YMR101C,SRT1,13,gene,468445,469476,-,Verified,1031,False,469030.0,469330.0,468530.0,469030.0,468445,469030.0,469030.0,,469030.0,468445.0
YMR102C,YMR102C,13,gene,469848,472352,-,Uncharacterized,2504,False,472510.0,472810.0,472010.0,472510.0,469730,472510.0,472510.0,469730.0,472510.0,469730.0
YMR104C,YPK2,13,gene,473420,475453,-,Verified,2033,False,475527.0,475827.0,475027.0,475527.0,473420,475527.0,475527.0,,475527.0,473420.0
YMR105C,PGM2,13,gene,475897,477606,-,Verified,1709,False,477666.0,477966.0,477166.0,477666.0,475748,477666.0,477666.0,475748.0,477666.0,475748.0
YMR105W-A,YMR105W-A,13,gene,478064,478258,+,Uncharacterized,194,,477764.0,478064.0,478064.0,478564.0,478064,478258.0,,,478064.0,478258.0
YMR106C,YKU80,13,gene,478301,480190,-,Verified,1889,False,480231.0,480531.0,479731.0,480231.0,478179,480231.0,480231.0,478179.0,480231.0,478179.0
YMR107W,SPG4,13,gene,483014,483361,+,Verified,347,False,482677.0,482977.0,482977.0,483477.0,482977,483554.0,482977.0,483554.0,482977.0,483554.0
YMR108W,ILV2,13,gene,484084,486147,+,Verified,2063,False,483576.0,483876.0,483876.0,484376.0,483876,486309.0,483876.0,486309.0,483876.0,486309.0
YMR109W,MYO5,13,gene,486587,490246,+,Verified,3659,False,486247.0,486547.0,486547.0,487047.0,486547,490322.0,486547.0,490322.0,486547.0,490322.0
YMR110C,HFD1,13,gene,490394,491992,-,Verified,1598,False,492016.0,492316.0,491516.0,492016.0,490221,492016.0,492016.0,490221.0,492016.0,490221.0
YMR111C,YMR111C,13,gene,492404,493792,-,Uncharacterized,1388,False,493903.0,494203.0,493403.0,493903.0,492224,493903.0,493903.0,492224.0,493903.0,492224.0
YMR112C,MED11,13,gene,494100,494495,-,Verified,395,False,494462.0,494762.0,493962.0,494462.0,493976,494462.0,494462.0,493976.0,494462.0,493976.0
YMR113W,FOL3,13,gene,494999,496282,+,Verified,1283,False,494646.0,494946.0,494946.0,495446.0,494946,496353.0,494946.0,496353.0,494946.0,496353.0
YMR114C,YMR114C,13,gene,496343,497449,-,Verified,1106,False,497482.0,497782.0,496982.0,497482.0,496250,497482.0,497482.0,496250.0,497482.0,496250.0
YMR115W,MGR3,13,gene,497704,499209,+,Verified,1505,False,497351.0,497651.0,497651.0,498151.0,497651,499329.0,497651.0,499329.0,497651.0,499329.0
YMR116C,ASC1,13,gene,499456,500688,-,Verified,1232,False,500718.0,501018.0,500218.0,500718.0,499326,500718.0,500718.0,499326.0,500718.0,499326.0
YMR117C,SPC24,13,gene,501250,501891,-,Verified,641,False,501920.0,502220.0,501420.0,501920.0,501087,501920.0,501920.0,501087.0,501920.0,501087.0
YMR118C,YMR118C,13,gene,502144,502734,-,Uncharacterized,590,False,502555.0,502855.0,502055.0,502555.0,502144,502555.0,502555.0,,502555.0,502144.0
YMR119W,ASI1,13,gene,505333,507207,+,Verified,1874,False,504836.0,505136.0,505136.0,505636.0,505136,507336.0,505136.0,507336.0,505136.0,507336.0
YMR120C,ADE17,13,gene,507502,509280,-,Verified,1778,False,509324.0,509624.0,508824.0,509324.0,507336,509324.0,509324.0,507336.0,509324.0,507336.0
YMR121C,RPL15B,13,gene,509734,510348,-,Verified,614,False,510384.0,510684.0,509884.0,510384.0,509683,510384.0,510384.0,509683.0,510384.0,509683.0
YMR122W-A,YMR122W-A,13,gene,511315,511569,+,Uncharacterized,254,False,510972.0,511272.0,511272.0,511772.0,511272,511815.0,511272.0,511815.0,511272.0,511815.0
YMR123W,PKR1,13,gene,513593,513961,+,Verified,368,False,513243.0,513543.0,513543.0,514043.0,513543,514087.0,513543.0,514087.0,513543.0,514087.0
YMR124W,YMR124W,13,gene,514456,517287,+,Uncharacterized,2831,False,513928.0,514228.0,514228.0,514728.0,514228,517349.0,514228.0,517349.0,514228.0,517349.0
YMR125W,STO1,13,gene,517539,520446,+,Verified,2907,False,517172.0,517472.0,517472.0,517972.0,517472,520589.0,517472.0,520589.0,517472.0,520589.0
YMR126C,DLT1,13,gene,520761,521789,-,Uncharacterized,1028,False,522020.0,522320.0,521520.0,522020.0,520676,522020.0,522020.0,520676.0,522020.0,520676.0
YMR127C,SAS2,13,gene,522329,523345,-,Verified,1016,False,523447.0,523747.0,522947.0,523447.0,522113,523447.0,523447.0,522113.0,523447.0,522113.0
YMR128W,ECM16,13,gene,523696,527499,+,Verified,3803,False,523351.0,523651.0,523651.0,524151.0,523651,527692.0,523651.0,527692.0,523651.0,527692.0
YMR129W,POM152,13,gene,527804,531817,+,Verified,4013,False,527447.0,527747.0,527747.0,528247.0,527747,531970.0,527747.0,531970.0,527747.0,531970.0
YMR130W,YMR130W,13,gene,532119,533027,+,Uncharacterized,908,False,531744.0,532044.0,532044.0,532544.0,532044,533103.0,532044.0,533103.0,532044.0,533103.0
YMR131C,RRB1,13,gene,533163,534698,-,Verified,1535,,534698.0,534998.0,534198.0,534698.0,533163,534698.0,,,534698.0,533163.0
YMR132C,JLP2,13,gene,534944,535570,-,Uncharacterized,626,False,535616.0,535916.0,535116.0,535616.0,534723,535616.0,535616.0,534723.0,535616.0,534723.0
YMR133W,REC114,13,gene,536207,537609,+,Verified,1402,,535907.0,536207.0,536207.0,536707.0,536207,537609.0,,,536207.0,537609.0
YMR134W,YMR134W,13,gene,537838,538551,+,Uncharacterized,713,False,537510.0,537810.0,537810.0,538310.0,537810,538819.0,537810.0,538819.0,537810.0,538819.0
YMR135C,GID8,13,gene,538689,540056,-,Verified,1367,False,540110.0,540410.0,539610.0,540110.0,538639,540110.0,540110.0,538639.0,540110.0,538639.0
YMR136W,GAT2,13,gene,541199,542881,+,Verified,1682,False,540615.0,540915.0,540915.0,541415.0,540915,542963.0,540915.0,542963.0,540915.0,542963.0
YMR137C,PSO2,13,gene,542978,544963,-,Verified,1985,False,545025.0,545325.0,544525.0,545025.0,542852,545025.0,545025.0,542852.0,545025.0,542852.0
YMR138W,CIN4,13,gene,545155,545730,+,Verified,575,False,544856.0,545156.0,545156.0,545656.0,545156,545799.0,545156.0,545799.0,545156.0,545799.0
YMR139W,RIM11,13,gene,546125,547237,+,Verified,1112,False,545634.0,545934.0,545934.0,546434.0,545934,547331.0,545934.0,547331.0,545934.0,547331.0
YMR140W,SIP5,13,gene,547714,549183,+,Verified,1469,False,547358.0,547658.0,547658.0,548158.0,547658,549238.0,547658.0,549238.0,547658.0,549238.0
YMR142C,RPL13B,13,gene,550206,551207,-,Verified,1001,False,551212.0,551512.0,550712.0,551212.0,550089,551212.0,551212.0,550089.0,551212.0,550089.0
YMR143W,RPS16A,13,gene,551928,552903,+,Verified,975,False,551554.0,551854.0,551854.0,552354.0,551854,552987.0,551854.0,552987.0,551854.0,552987.0
YMR144W,YMR144W,13,gene,553362,554390,+,Uncharacterized,1028,False,552955.0,553255.0,553255.0,553755.0,553255,554560.0,553255.0,554560.0,553255.0,554560.0
YMR145C,NDE1,13,gene,554793,556475,-,Verified,1682,False,556679.0,556979.0,556179.0,556679.0,554595,556679.0,556679.0,554595.0,556679.0,554595.0
YMR146C,TIF34,13,gene,557481,558524,-,Verified,1043,False,558591.0,558891.0,558091.0,558591.0,557383,558591.0,558591.0,557383.0,558591.0,557383.0
YMR147W,YMR147W,13,gene,559199,559870,+,Uncharacterized,671,False,558876.0,559176.0,559176.0,559676.0,559176,559870.0,559176.0,,559176.0,559870.0
YMR148W,OSW5,13,gene,560366,560812,+,Verified,446,False,559760.0,560060.0,560060.0,560560.0,560060,560980.0,560060.0,560980.0,560060.0,560980.0
YMR149W,SWP1,13,gene,560996,561856,+,Verified,860,False,560620.0,560920.0,560920.0,561420.0,560920,561968.0,560920.0,561968.0,560920.0,561968.0
YMR150C,IMP1,13,gene,561956,562528,-,Verified,572,False,562569.0,562869.0,562069.0,562569.0,561812,562569.0,562569.0,561812.0,562569.0,561812.0
YMR152W,YIM1,13,gene,563096,564193,+,Verified,1097,False,562786.0,563086.0,563086.0,563586.0,563086,564256.0,563086.0,564256.0,563086.0,564256.0
YMR153W,NUP53,13,gene,564435,565862,+,Verified,1427,False,564084.0,564384.0,564384.0,564884.0,564384,565990.0,564384.0,565990.0,564384.0,565990.0
YMR154C,RIM13,13,gene,565999,568182,-,Verified,2183,False,568219.0,568519.0,567719.0,568219.0,565999,568219.0,568219.0,,568219.0,565999.0
YMR155W,YMR155W,13,gene,568551,570194,+,Uncharacterized,1643,False,568252.0,568552.0,568552.0,569052.0,568552,570336.0,568552.0,570336.0,568552.0,570336.0
YMR156C,TPP1,13,gene,570300,571016,-,Verified,716,False,571047.0,571347.0,570547.0,571047.0,570245,571047.0,571047.0,570245.0,571047.0,570245.0
YMR157C,AIM36,13,gene,571277,572044,-,Verified,767,False,572043.0,572343.0,571543.0,572043.0,571268,572043.0,572043.0,571268.0,572043.0,571268.0
YMR158W,MRPS8,13,gene,572248,572715,+,Verified,467,False,571942.0,572242.0,572242.0,572742.0,572242,572801.0,572242.0,572801.0,572242.0,572801.0
YMR158C-A,YMR158C-A,13,gene,573194,573331,-,Uncharacterized,137,,573331.0,573631.0,572831.0,573331.0,573194,573331.0,,,573331.0,573194.0
YMR159C,ATG16,13,gene,574476,574928,-,Verified,452,False,574894.0,575194.0,574394.0,574894.0,574476,574894.0,574894.0,,574894.0,574476.0
YMR160W,YMR160W,13,gene,575066,577516,+,Uncharacterized,2450,False,574720.0,575020.0,575020.0,575520.0,575020,577570.0,575020.0,577570.0,575020.0,577570.0
YMR161W,HLJ1,13,gene,577718,578392,+,Verified,674,False,577370.0,577670.0,577670.0,578170.0,577670,578420.0,577670.0,578420.0,577670.0,578420.0
YMR162C,DNF3,13,gene,578951,583921,-,Verified,4970,False,584076.0,584376.0,583576.0,584076.0,578710,584076.0,584076.0,578710.0,584076.0,578710.0
YMR163C,INP2,13,gene,584271,586388,-,Verified,2117,False,586534.0,586834.0,586034.0,586534.0,584216,586534.0,586534.0,584216.0,586534.0,584216.0
YMR164C,MSS11,13,gene,587274,589550,-,Verified,2276,False,589690.0,589990.0,589190.0,589690.0,586895,589690.0,589690.0,586895.0,589690.0,586895.0
YMR165C,PAH1,13,gene,590040,592628,-,Verified,2588,False,592817.0,593117.0,592317.0,592817.0,589946,592817.0,592817.0,589946.0,592817.0,589946.0
YMR166C,YMR166C,13,gene,593367,594473,-,Uncharacterized,1106,False,594656.0,594956.0,594156.0,594656.0,593145,594656.0,594656.0,593145.0,594656.0,593145.0
YMR167W,MLH1,13,gene,594886,597195,+,Verified,2309,False,594576.0,594876.0,594876.0,595376.0,594876,597219.0,594876.0,597219.0,594876.0,597219.0
YMR168C,CEP3,13,gene,597332,599158,-,Verified,1826,False,599171.0,599471.0,598671.0,599171.0,596951,599171.0,599171.0,596951.0,599171.0,596951.0
YMR169C,ALD3,13,gene,599352,600872,-,Verified,1520,False,601139.0,601439.0,600639.0,601139.0,599298,601139.0,601139.0,599298.0,601139.0,599298.0
YMR170C,ALD2,13,gene,601562,603082,-,Verified,1520,False,603109.0,603409.0,602609.0,603109.0,601269,603109.0,603109.0,601269.0,603109.0,601269.0
YMR171C,EAR1,13,gene,603868,605520,-,Verified,1652,False,605697.0,605997.0,605197.0,605697.0,603616,605697.0,605697.0,603616.0,605697.0,603616.0
YMR172W,HOT1,13,gene,605981,608140,+,Verified,2159,False,605807.0,606107.0,606107.0,606607.0,606107,608247.0,606107.0,608247.0,606107.0,608247.0
YMR173W,DDR48,13,gene,608689,609981,+,Verified,1292,False,608336.0,608636.0,608636.0,609136.0,608636,610095.0,608636.0,610095.0,608636.0,610095.0
YMR174C,PAI3,13,gene,610159,610365,-,Verified,206,False,610400.0,610700.0,609900.0,610400.0,610002,610400.0,610400.0,610002.0,610400.0,610002.0
YMR175W,SIP18,13,gene,611016,611255,+,Verified,239,False,610696.0,610996.0,610996.0,611496.0,610996,611368.0,610996.0,611368.0,610996.0,611368.0
YMR175W-A,YMR175W-A,13,gene,611314,611508,+,Uncharacterized,194,,611014.0,611314.0,611314.0,611814.0,611314,611508.0,,,611314.0,611508.0
YMR176W,ECM5,13,gene,611740,615975,+,Verified,4235,False,611333.0,611633.0,611633.0,612133.0,611633,616034.0,611633.0,616034.0,611633.0,616034.0
YMR177W,MMT1,13,gene,616566,618098,+,Verified,1532,False,616130.0,616430.0,616430.0,616930.0,616430,618319.0,616430.0,618319.0,616430.0,618319.0
YMR178W,YMR178W,13,gene,618479,619303,+,Uncharacterized,824,False,618133.0,618433.0,618433.0,618933.0,618433,619451.0,618433.0,619451.0,618433.0,619451.0
YMR179W,SPT21,13,gene,619858,622134,+,Verified,2276,False,619500.0,619800.0,619800.0,620300.0,619800,622244.0,619800.0,622244.0,619800.0,622244.0
YMR180C,CTL1,13,gene,622251,623213,-,Verified,962,False,623291.0,623591.0,622791.0,623291.0,622134,623291.0,623291.0,622134.0,623291.0,622134.0
YMR181C,YMR181C,13,gene,623616,624080,-,Uncharacterized,464,False,624259.0,624559.0,623759.0,624259.0,623476,624259.0,624259.0,623476.0,624259.0,623476.0
YMR182C,RGM1,13,gene,624532,625167,-,Verified,635,False,625281.0,625581.0,624781.0,625281.0,624532,625281.0,625281.0,,625281.0,624532.0
YMR182W-A,YMR182W-A,13,gene,625811,625897,+,Uncharacterized,86,,625511.0,625811.0,625811.0,626311.0,625811,625897.0,,,625811.0,625897.0
YMR183C,SSO2,13,gene,626921,627808,-,Verified,887,False,627886.0,628186.0,627386.0,627886.0,626678,627886.0,627886.0,626678.0,627886.0,626678.0
YMR184W,ADD37,13,gene,628189,628785,+,Verified,596,False,627883.0,628183.0,628183.0,628683.0,628183,628829.0,628183.0,628829.0,628183.0,628829.0
YMR185W,YMR185W,13,gene,629025,631970,+,Uncharacterized,2945,False,628668.0,628968.0,628968.0,629468.0,628968,632030.0,628968.0,632030.0,628968.0,632030.0
YMR186W,HSC82,13,gene,632355,634472,+,Verified,2117,False,632029.0,632329.0,632329.0,632829.0,632329,634564.0,632329.0,634564.0,632329.0,634564.0
YMR187C,YMR187C,13,gene,634689,635984,-,Uncharacterized,1295,False,636007.0,636307.0,635507.0,636007.0,634641,636007.0,636007.0,634641.0,636007.0,634641.0
YMR188C,MRPS17,13,gene,636291,637004,-,Verified,713,False,637028.0,637328.0,636528.0,637028.0,636175,637028.0,637028.0,636175.0,637028.0,636175.0
YMR189W,GCV2,13,gene,637500,640604,+,Verified,3104,False,637065.0,637365.0,637365.0,637865.0,637365,640695.0,637365.0,640695.0,637365.0,640695.0
YMR190C,SGS1,13,gene,640915,645258,-,Verified,4343,False,645411.0,645711.0,644911.0,645411.0,640768,645411.0,645411.0,640768.0,645411.0,640768.0
YMR191W,SPG5,13,gene,645656,646777,+,Verified,1121,False,645347.0,645647.0,645647.0,646147.0,645647,646937.0,645647.0,646937.0,645647.0,646937.0
YMR192W,GYL1,13,gene,647118,649280,+,Verified,2162,False,646730.0,647030.0,647030.0,647530.0,647030,649364.0,647030.0,649364.0,647030.0,649364.0
YMR193W,MRPL24,13,gene,650036,650812,+,Verified,776,False,649727.0,650027.0,650027.0,650527.0,650027,650936.0,650027.0,650936.0,650027.0,650936.0
YMR194W,RPL36A,13,gene,651145,651910,+,Verified,765,False,650864.0,651164.0,651164.0,651664.0,651164,652009.0,651164.0,652009.0,651164.0,652009.0
YMR194C-B,CMC4,13,gene,652594,652887,-,Verified,293,False,652914.0,653214.0,652414.0,652914.0,652326,652914.0,652914.0,652326.0,652914.0,652326.0
YMR195W,ICY1,13,gene,654034,654417,+,Verified,383,False,653730.0,654030.0,654030.0,654530.0,654030,654543.0,654030.0,654543.0,654030.0,654543.0
YMR196W,YMR196W,13,gene,655076,658342,+,Uncharacterized,3266,False,654710.0,655010.0,655010.0,655510.0,655010,658514.0,655010.0,658514.0,655010.0,658514.0
YMR197C,VTI1,13,gene,658545,659198,-,Verified,653,False,659232.0,659532.0,658732.0,659232.0,658370,659232.0,659232.0,658370.0,659232.0,658370.0
YMR198W,CIK1,13,gene,659745,661529,+,Verified,1784,False,659166.0,659466.0,659466.0,659966.0,659466,661659.0,659466.0,661659.0,659466.0,661659.0
YMR199W,CLN1,13,gene,662644,664284,+,Verified,1640,False,662147.0,662447.0,662447.0,662947.0,662447,664380.0,662447.0,664380.0,662447.0,664380.0
YMR200W,ROT1,13,gene,664752,665522,+,Verified,770,False,664369.0,664669.0,664669.0,665169.0,664669,665870.0,664669.0,665870.0,664669.0,665870.0
YMR201C,RAD14,13,gene,665845,667044,-,Verified,1199,False,667060.0,667360.0,666560.0,667060.0,665714,667060.0,667060.0,665714.0,667060.0,665714.0
YMR202W,ERG2,13,gene,667537,668205,+,Verified,668,False,667213.0,667513.0,667513.0,668013.0,667513,668269.0,667513.0,668269.0,667513.0,668269.0
YMR203W,TOM40,13,gene,668492,669655,+,Verified,1163,False,668128.0,668428.0,668428.0,668928.0,668428,669876.0,668428.0,669876.0,668428.0,669876.0
YMR204C,INP1,13,gene,670063,671325,-,Verified,1262,False,671367.0,671667.0,670867.0,671367.0,669826,671367.0,671367.0,669826.0,671367.0,669826.0
YMR205C,PFK2,13,gene,671887,674766,-,Verified,2879,False,674774.0,675074.0,674274.0,674774.0,671705,674774.0,674774.0,671705.0,674774.0,671705.0
YMR206W,YMR206W,13,gene,675896,676837,+,Uncharacterized,941,False,675212.0,675512.0,675512.0,676012.0,675512,676837.0,675512.0,,675512.0,676837.0
YMR207C,HFA1,13,gene,677193,683564,-,Verified,6371,False,684004.0,684304.0,683504.0,684004.0,677076,684004.0,684004.0,677076.0,684004.0,677076.0
YMR208W,ERG12,13,gene,684467,685798,+,Verified,1331,False,684150.0,684450.0,684450.0,684950.0,684450,685908.0,684450.0,685908.0,684450.0,685908.0
YMR209C,YMR209C,13,gene,685911,687284,-,Uncharacterized,1373,False,687319.0,687619.0,686819.0,687319.0,685743,687319.0,687319.0,685743.0,687319.0,685743.0
YMR210W,YMR210W,13,gene,687516,688865,+,Verified,1349,False,687194.0,687494.0,687494.0,687994.0,687494,688925.0,687494.0,688925.0,687494.0,688925.0
YMR211W,DML1,13,gene,689083,690510,+,Verified,1427,False,688741.0,689041.0,689041.0,689541.0,689041,690653.0,689041.0,690653.0,689041.0,690653.0
YMR212C,EFR3,13,gene,690695,693043,-,Verified,2348,False,693190.0,693490.0,692690.0,693190.0,690578,693190.0,693190.0,690578.0,693190.0,690578.0
YMR213W,CEF1,13,gene,693381,695153,+,Verified,1772,False,693051.0,693351.0,693351.0,693851.0,693351,695191.0,693351.0,695191.0,693351.0,695191.0
YMR214W,SCJ1,13,gene,695350,696483,+,Verified,1133,False,695032.0,695332.0,695332.0,695832.0,695332,696618.0,695332.0,696618.0,695332.0,696618.0
YMR215W,GAS3,13,gene,696796,698370,+,Verified,1574,False,696463.0,696763.0,696763.0,697263.0,696763,698499.0,696763.0,698499.0,696763.0,698499.0
YMR216C,SKY1,13,gene,698811,701039,-,Verified,2228,False,701236.0,701536.0,700736.0,701236.0,698694,701236.0,701236.0,698694.0,701236.0,698694.0
YMR217W,GUA1,13,gene,701790,703367,+,Verified,1577,False,701365.0,701665.0,701665.0,702165.0,701665,703450.0,701665.0,703450.0,701665.0,703450.0
YMR218C,TRS130,13,gene,703579,706887,-,Verified,3308,False,706920.0,707220.0,706420.0,706920.0,703361,706920.0,706920.0,703361.0,706920.0,703361.0
YMR219W,ESC1,13,gene,707133,712109,+,Verified,4976,False,706812.0,707112.0,707112.0,707612.0,707112,712198.0,707112.0,712198.0,707112.0,712198.0
YMR220W,ERG8,13,gene,712316,713671,+,Verified,1355,False,711999.0,712299.0,712299.0,712799.0,712299,713914.0,712299.0,713914.0,712299.0,713914.0
YMR221C,YMR221C,13,gene,713931,715445,-,Uncharacterized,1514,False,715447.0,715747.0,714947.0,715447.0,713845,715447.0,715447.0,713845.0,715447.0,713845.0
YMR222C,FSH2,13,gene,715638,716309,-,Verified,671,False,716338.0,716638.0,715838.0,716338.0,715574,716338.0,716338.0,715574.0,716338.0,715574.0
YMR223W,UBP8,13,gene,716715,718130,+,Verified,1415,False,716213.0,716513.0,716513.0,717013.0,716513,718468.0,716513.0,718468.0,716513.0,718468.0
YMR224C,MRE11,13,gene,718575,720653,-,Verified,2078,False,720694.0,720994.0,720194.0,720694.0,718414,720694.0,720694.0,718414.0,720694.0,718414.0
YMR225C,MRPL44,13,gene,720960,721403,-,Verified,443,False,721425.0,721725.0,720925.0,721425.0,720805,721425.0,721425.0,720805.0,721425.0,720805.0
YMR226C,YMR226C,13,gene,721593,722396,-,Verified,803,False,722447.0,722747.0,721947.0,722447.0,721533,722447.0,722447.0,721533.0,722447.0,721533.0
YMR227C,TAF7,13,gene,722613,724385,-,Verified,1772,False,724404.0,724704.0,723904.0,724404.0,722475,724404.0,724404.0,722475.0,724404.0,722475.0
YMR228W,MTF1,13,gene,724626,725651,+,Verified,1025,False,724319.0,724619.0,724619.0,725119.0,724619,725732.0,724619.0,725732.0,724619.0,725732.0
YMR229C,RRP5,13,gene,725934,731123,-,Verified,5189,False,731177.0,731477.0,730677.0,731177.0,725829,731177.0,731177.0,725829.0,731177.0,725829.0
YMR230W,RPS10B,13,gene,732414,733141,+,Verified,727,False,732083.0,732383.0,732383.0,732883.0,732383,733235.0,732383.0,733235.0,732383.0,733235.0
YMR230W-A,YMR230W-A,13,gene,733268,733456,+,Uncharacterized,188,,732968.0,733268.0,733268.0,733768.0,733268,733456.0,,,733268.0,733456.0
YMR231W,PEP5,13,gene,733545,736634,+,Verified,3089,False,733194.0,733494.0,733494.0,733994.0,733494,736823.0,733494.0,736823.0,733494.0,736823.0
YMR232W,FUS2,13,gene,736926,738959,+,Verified,2033,,736626.0,736926.0,736926.0,737426.0,736926,738959.0,,,736926.0,738959.0
YMR233W,TRI1,13,gene,739185,739865,+,Verified,680,False,738829.0,739129.0,739129.0,739629.0,739129,739914.0,739129.0,739914.0,739129.0,739914.0
YMR234W,RNH1,13,gene,740266,741312,+,Verified,1046,False,739894.0,740194.0,740194.0,740694.0,740194,741418.0,740194.0,741418.0,740194.0,741418.0
YMR235C,RNA1,13,gene,741512,742735,-,Verified,1223,False,742780.0,743080.0,742280.0,742780.0,741305,742780.0,742780.0,741305.0,742780.0,741305.0
YMR236W,TAF9,13,gene,742971,743444,+,Verified,473,False,742652.0,742952.0,742952.0,743452.0,742952,743665.0,742952.0,743665.0,742952.0,743665.0
YMR237W,BCH1,13,gene,743749,745923,+,Verified,2174,False,743385.0,743685.0,743685.0,744185.0,743685,746087.0,743685.0,746087.0,743685.0,746087.0
YMR238W,DFG5,13,gene,746353,747729,+,Verified,1376,False,745938.0,746238.0,746238.0,746738.0,746238,747818.0,746238.0,747818.0,746238.0,747818.0
YMR239C,RNT1,13,gene,748262,749677,-,Verified,1415,False,749736.0,750036.0,749236.0,749736.0,748110,749736.0,749736.0,748110.0,749736.0,748110.0
YMR240C,CUS1,13,gene,749930,751240,-,Verified,1310,False,751308.0,751608.0,750808.0,751308.0,749879,751308.0,751308.0,749879.0,751308.0,749879.0
YMR241W,YHM2,13,gene,751961,752905,+,Verified,944,False,751440.0,751740.0,751740.0,752240.0,751740,752974.0,751740.0,752974.0,751740.0,752974.0
YMR242C,RPL20A,13,gene,753225,754220,-,Verified,995,False,754229.0,754529.0,753729.0,754229.0,753119,754229.0,754229.0,753119.0,754229.0,753119.0
YMR242W-A,YMR242W-A,13,gene,754297,754386,+,Uncharacterized,89,,753997.0,754297.0,754297.0,754797.0,754297,754386.0,,,754297.0,754386.0
YMR243C,ZRC1,13,gene,754838,756166,-,Verified,1328,False,756278.0,756578.0,755778.0,756278.0,754715,756278.0,756278.0,754715.0,756278.0,754715.0
YMR244W,YMR244W,13,gene,757250,758317,+,Uncharacterized,1067,,756950.0,757250.0,757250.0,757750.0,757250,758317.0,,,757250.0,758317.0
YMR244C-A,YMR244C-A,13,gene,758517,758831,-,Uncharacterized,314,False,759079.0,759379.0,758579.0,759079.0,758402,759079.0,759079.0,758402.0,759079.0,758402.0
YMR246W,FAA4,13,gene,759807,761891,+,Verified,2084,False,759281.0,759581.0,759581.0,760081.0,759581,762047.0,759581.0,762047.0,759581.0,762047.0
YMR247C,RKR1,13,gene,763351,768039,-,Verified,4688,False,768101.0,768401.0,767601.0,768101.0,763292,768101.0,768101.0,763292.0,768101.0,763292.0
YMR247W-A,YMR247W-A,13,gene,769283,769426,+,Uncharacterized,143,,768983.0,769283.0,769283.0,769783.0,769283,769426.0,,,769283.0,769426.0
YMR250W,GAD1,13,gene,770801,772558,+,Verified,1757,False,770459.0,770759.0,770759.0,771259.0,770759,772880.0,770759.0,772880.0,770759.0,772880.0
YMR251W,GTO3,13,gene,772915,774015,+,Verified,1100,False,772981.0,773281.0,773281.0,773781.0,773281,774015.0,773281.0,,773281.0,774015.0
YMR251W-A,HOR7,13,gene,774752,774931,+,Verified,179,False,774412.0,774712.0,774712.0,775212.0,774712,775214.0,774712.0,775214.0,774712.0,775214.0
YMR252C,YMR252C,13,gene,775315,775719,-,Uncharacterized,404,False,775783.0,776083.0,775283.0,775783.0,775133,775783.0,775783.0,775133.0,775783.0,775133.0
YMR253C,YMR253C,13,gene,775946,777190,-,Uncharacterized,1244,False,777267.0,777567.0,776767.0,777267.0,775919,777267.0,777267.0,775919.0,777267.0,775919.0
YMR255W,GFD1,13,gene,778001,778567,+,Verified,566,False,777719.0,778019.0,778019.0,778519.0,778019,778691.0,778019.0,778691.0,778019.0,778691.0
YMR256C,COX7,13,gene,778945,779127,-,Verified,182,False,779160.0,779460.0,778660.0,779160.0,778775,779160.0,779160.0,778775.0,779160.0,778775.0
YMR257C,PET111,13,gene,779629,782031,-,Verified,2402,False,782420.0,782720.0,781920.0,782420.0,779389,782420.0,782420.0,779389.0,782420.0,779389.0
YMR258C,YMR258C,13,gene,782620,784281,-,Uncharacterized,1661,False,784360.0,784660.0,783860.0,784360.0,782588,784360.0,784360.0,782588.0,784360.0,782588.0
YMR259C,YMR259C,13,gene,784621,788883,-,Uncharacterized,4262,False,788943.0,789243.0,788443.0,788943.0,784503,788943.0,788943.0,784503.0,788943.0,784503.0
YMR260C,TIF11,13,gene,789378,789839,-,Verified,461,False,789865.0,790165.0,789365.0,789865.0,789219,789865.0,789865.0,789219.0,789865.0,789219.0
YMR261C,TPS3,13,gene,790205,793369,-,Verified,3164,False,793453.0,793753.0,792953.0,793453.0,790061,793453.0,793453.0,790061.0,793453.0,790061.0
YMR262W,YMR262W,13,gene,793726,794667,+,Uncharacterized,941,False,793417.0,793717.0,793717.0,794217.0,793717,794856.0,793717.0,794856.0,793717.0,794856.0
YMR263W,SAP30,13,gene,794919,795524,+,Verified,605,False,794594.0,794894.0,794894.0,795394.0,794894,795598.0,794894.0,795598.0,794894.0,795598.0
YMR264W,CUE1,13,gene,795805,796416,+,Verified,611,False,795460.0,795760.0,795760.0,796260.0,795760,796542.0,795760.0,796542.0,795760.0,796542.0
YMR265C,YMR265C,13,gene,796540,797925,-,Uncharacterized,1385,False,797940.0,798240.0,797440.0,797940.0,796466,797940.0,797940.0,796466.0,797940.0,796466.0
YMR266W,RSN1,13,gene,798518,801379,+,Verified,2861,False,798202.0,798502.0,798502.0,799002.0,798502,801587.0,798502.0,801587.0,798502.0,801587.0
YMR267W,PPA2,13,gene,801772,802704,+,Verified,932,False,801383.0,801683.0,801683.0,802183.0,801683,802796.0,801683.0,802796.0,801683.0,802796.0
YMR268C,PRP24,13,gene,802888,804222,-,Verified,1334,False,804265.0,804565.0,803765.0,804265.0,802709,804265.0,804265.0,802709.0,804265.0,802709.0
YMR269W,TMA23,13,gene,804456,805091,+,Verified,635,False,804118.0,804418.0,804418.0,804918.0,804418,805147.0,804418.0,805147.0,804418.0,805147.0
YMR270C,RRN9,13,gene,805326,806423,-,Verified,1097,False,806565.0,806865.0,806065.0,806565.0,805220,806565.0,806565.0,805220.0,806565.0,805220.0
YMR271C,URA10,13,gene,806865,807548,-,Verified,683,False,808113.0,808413.0,807613.0,808113.0,806790,808113.0,808113.0,806790.0,808113.0,806790.0
YMR272C,SCS7,13,gene,809623,810777,-,Verified,1154,False,810817.0,811117.0,810317.0,810817.0,809449,810817.0,810817.0,809449.0,810817.0,809449.0
YMR272W-B,YMR272W-B,13,gene,811089,811196,+,Uncharacterized,107,False,810837.0,811137.0,811137.0,811637.0,811137,811196.0,811137.0,,811137.0,811196.0
YMR273C,ZDS1,13,gene,811233,813980,-,Verified,2747,False,814177.0,814477.0,813677.0,814177.0,811159,814177.0,814177.0,811159.0,814177.0,811159.0
YMR274C,RCE1,13,gene,814364,815311,-,Verified,947,False,815321.0,815621.0,814821.0,815321.0,814321,815321.0,815321.0,814321.0,815321.0,814321.0
YMR275C,BUL1,13,gene,815651,818581,-,Verified,2930,False,818633.0,818933.0,818133.0,818633.0,815532,818633.0,818633.0,815532.0,818633.0,815532.0
YMR276W,DSK2,13,gene,818827,819948,+,Verified,1121,False,818490.0,818790.0,818790.0,819290.0,818790,820057.0,818790.0,820057.0,818790.0,820057.0
YMR277W,FCP1,13,gene,820256,822454,+,Verified,2198,False,819860.0,820160.0,820160.0,820660.0,820160,822584.0,820160.0,822584.0,820160.0,822584.0
YMR278W,PGM3,13,gene,822763,824631,+,Verified,1868,False,822424.0,822724.0,822724.0,823224.0,822724,824772.0,822724.0,824772.0,822724.0,824772.0
YMR279C,YMR279C,13,gene,824729,826351,-,Uncharacterized,1622,,826351.0,826651.0,825851.0,826351.0,824729,826351.0,,,826351.0,824729.0
YMR280C,CAT8,13,gene,827028,831329,-,Verified,4301,,831329.0,831629.0,830829.0,831329.0,827028,831329.0,,,831329.0,827028.0
YMR281W,GPI12,13,gene,832339,833253,+,Verified,914,False,831966.0,832266.0,832266.0,832766.0,832266,833349.0,832266.0,833349.0,832266.0,833349.0
YMR282C,AEP2,13,gene,833356,835098,-,Verified,1742,False,835146.0,835446.0,834646.0,835146.0,833271,835146.0,835146.0,833271.0,835146.0,833271.0
YMR283C,RIT1,13,gene,835326,836867,-,Verified,1541,False,836843.0,837143.0,836343.0,836843.0,835250,836843.0,836843.0,835250.0,836843.0,835250.0
YMR284W,YKU70,13,gene,838187,839995,+,Verified,1808,False,837844.0,838144.0,838144.0,838644.0,838144,840079.0,838144.0,840079.0,838144.0,840079.0
YMR285C,NGL2,13,gene,840144,841691,-,Verified,1547,False,841700.0,842000.0,841200.0,841700.0,839948,841700.0,841700.0,839948.0,841700.0,839948.0
YMR286W,MRPL33,13,gene,841942,842202,+,Verified,260,False,841626.0,841926.0,841926.0,842426.0,841926,842331.0,841926.0,842331.0,841926.0,842331.0
YMR287C,DSS1,13,gene,842436,845345,-,Verified,2909,False,845421.0,845721.0,844921.0,845421.0,842304,845421.0,845421.0,842304.0,845421.0,842304.0
YMR288W,HSH155,13,gene,845571,848486,+,Verified,2915,False,845259.0,845559.0,845559.0,846059.0,845559,848539.0,845559.0,848539.0,845559.0,848539.0
YMR289W,ABZ2,13,gene,848685,849809,+,Verified,1124,False,848394.0,848694.0,848694.0,849194.0,848694,849949.0,848694.0,849949.0,848694.0,849949.0
YMR290C,HAS1,13,gene,850074,851591,-,Verified,1517,False,851619.0,851919.0,851119.0,851619.0,849827,851619.0,851619.0,849827.0,851619.0,849827.0
YMR291W,YMR291W,13,gene,852630,854390,+,Uncharacterized,1760,False,852248.0,852548.0,852548.0,853048.0,852548,854569.0,852548.0,854569.0,852548.0,854569.0
YMR292W,GOT1,13,gene,854795,855293,+,Verified,498,False,854466.0,854766.0,854766.0,855266.0,854766,855381.0,854766.0,855381.0,854766.0,855381.0
YMR293C,HER2,13,gene,855399,856793,-,Verified,1394,False,856824.0,857124.0,856324.0,856824.0,855313,856824.0,856824.0,855313.0,856824.0,855313.0
YMR294W,JNM1,13,gene,856966,858087,+,Verified,1121,False,856632.0,856932.0,856932.0,857432.0,856932,858139.0,856932.0,858139.0,856932.0,858139.0
YMR295C,YMR295C,13,gene,858297,858890,-,Verified,593,False,858946.0,859246.0,858446.0,858946.0,858108,858946.0,858946.0,858108.0,858946.0,858108.0
YMR296C,LCB1,13,gene,859215,860891,-,Verified,1676,False,861100.0,861400.0,860600.0,861100.0,859132,861100.0,861100.0,859132.0,861100.0,859132.0
YMR297W,PRC1,13,gene,861922,863520,+,Verified,1598,False,861551.0,861851.0,861851.0,862351.0,861851,863629.0,861851.0,863629.0,861851.0,863629.0
YMR298W,LIP1,13,gene,863819,864271,+,Verified,452,False,863498.0,863798.0,863798.0,864298.0,863798,864386.0,863798.0,864386.0,863798.0,864386.0
YMR299C,DYN3,13,gene,864412,865350,-,Verified,938,False,865402.0,865702.0,864902.0,865402.0,864300,865402.0,865402.0,864300.0,865402.0,864300.0
YMR300C,ADE4,13,gene,865559,867091,-,Verified,1532,False,867175.0,867475.0,866675.0,867175.0,865497,867175.0,867175.0,865497.0,867175.0,865497.0
YMR301C,ATM1,13,gene,867555,869627,-,Verified,2072,False,869667.0,869967.0,869167.0,869667.0,867485,869667.0,869667.0,867485.0,869667.0,867485.0
YMR302C,YME2,13,gene,870073,872625,-,Verified,2552,False,872665.0,872965.0,872165.0,872665.0,870012,872665.0,872665.0,870012.0,872665.0,870012.0
YMR303C,ADH2,13,gene,873291,874337,-,Verified,1046,False,874396.0,874696.0,873896.0,874396.0,873211,874396.0,874396.0,873211.0,874396.0,873211.0
YMR304W,UBP15,13,gene,874987,878679,+,Verified,3692,False,874492.0,874792.0,874792.0,875292.0,874792,878948.0,874792.0,878948.0,874792.0,878948.0
YMR305C,SCW10,13,gene,879063,880232,-,Verified,1169,False,880325.0,880625.0,879825.0,880325.0,878876,880325.0,880325.0,878876.0,880325.0,878876.0
YMR306W,FKS3,13,gene,881159,886516,+,Verified,5357,False,880519.0,880819.0,880819.0,881319.0,880819,886521.0,880819.0,886521.0,880819.0,886521.0
YMR307W,GAS1,13,gene,887003,888682,+,Verified,1679,False,886669.0,886969.0,886969.0,887469.0,886969,888863.0,886969.0,888863.0,886969.0,888863.0
YMR308C,PSE1,13,gene,888952,892221,-,Verified,3269,False,892402.0,892702.0,891902.0,892402.0,888897,892402.0,892402.0,888897.0,892402.0,888897.0
YMR309C,NIP1,13,gene,892988,895426,-,Verified,2438,False,895483.0,895783.0,894983.0,895483.0,892681,895483.0,895483.0,892681.0,895483.0,892681.0
YMR310C,YMR310C,13,gene,895716,896669,-,Uncharacterized,953,False,896715.0,897015.0,896215.0,896715.0,895649,896715.0,896715.0,895649.0,896715.0,895649.0
YMR311C,GLC8,13,gene,896914,897603,-,Verified,689,False,897643.0,897943.0,897143.0,897643.0,896863,897643.0,897643.0,896863.0,897643.0,896863.0
YMR312W,ELP6,13,gene,898405,899226,+,Verified,821,False,898102.0,898402.0,898402.0,898902.0,898402,899345.0,898402.0,899345.0,898402.0,899345.0
YMR313C,TGL3,13,gene,899379,901307,-,Verified,1928,False,901323.0,901623.0,900823.0,901323.0,899280,901323.0,901323.0,899280.0,901323.0,899280.0
YMR314W,PRE5,13,gene,901709,902413,+,Verified,704,False,901367.0,901667.0,901667.0,902167.0,901667,902572.0,901667.0,902572.0,901667.0,902572.0
YMR315W,YMR315W,13,gene,902800,903849,+,Verified,1049,False,902399.0,902699.0,902699.0,903199.0,902699,903961.0,902699.0,903961.0,902699.0,903961.0
YMR315W-A,YMR315W-A,13,gene,904286,904393,+,Uncharacterized,107,,903986.0,904286.0,904286.0,904786.0,904286,904393.0,,,904286.0,904393.0
YMR316W,DIA1,13,gene,904825,905835,+,Verified,1010,False,904462.0,904762.0,904762.0,905262.0,904762,905893.0,904762.0,905893.0,904762.0,905893.0
YMR317W,YMR317W,13,gene,907364,910786,+,Uncharacterized,3422,,907064.0,907364.0,907364.0,907864.0,907364,910786.0,,,907364.0,910786.0
YMR318C,ADH6,13,gene,911061,912143,-,Verified,1082,False,912188.0,912488.0,911688.0,912188.0,910898,912188.0,912188.0,910898.0,912188.0,910898.0
YMR319C,FET4,13,gene,912880,914538,-,Verified,1658,False,914725.0,915025.0,914225.0,914725.0,912655,914725.0,914725.0,912655.0,914725.0,912655.0
YMR321C,YMR321C,13,gene,917579,917896,-,Uncharacterized,317,,917896.0,918196.0,917396.0,917896.0,917579,917896.0,,,917896.0,917579.0
YMR322C,SNO4,13,gene,918366,919079,-,Uncharacterized,713,,919079.0,919379.0,918579.0,919079.0,918366,919079.0,,,919079.0,918366.0
YMR323W,ERR3,13,gene,920088,921401,+,Verified,1313,,919788.0,920088.0,920088.0,920588.0,920088,921401.0,,,920088.0,921401.0
YMR325W,PAU19,13,gene,922641,923015,+,Verified,374,,922341.0,922641.0,922641.0,923141.0,922641,923015.0,,,922641.0,923015.0
YNL339C,YRF1-6,14,gene,371,6098,-,Verified,5727,False,6168.0,6468.0,5668.0,6168.0,295,6168.0,6168.0,295.0,6168.0,295.0
YNL336W,COS1,14,gene,8330,9475,+,Verified,1145,False,8024.0,8324.0,8324.0,8824.0,8324,9557.0,8324.0,9557.0,8324.0,9557.0
YNL335W,DDI3,14,gene,11452,12129,+,Uncharacterized,677,False,11149.0,11449.0,11449.0,11949.0,11449,12245.0,11449.0,12245.0,11449.0,12245.0
YNL334C,SNO2,14,gene,12208,12876,-,Verified,668,False,12924.0,13224.0,12424.0,12924.0,12093,12924.0,12924.0,12093.0,12924.0,12093.0
YNL333W,SNZ2,14,gene,13267,14163,+,Verified,896,False,12900.0,13200.0,13200.0,13700.0,13200,14306.0,13200.0,14306.0,13200.0,14306.0
YNL332W,THI12,14,gene,14832,15854,+,Verified,1022,,14532.0,14832.0,14832.0,15332.0,14832,15854.0,,,14832.0,15854.0
YNL331C,AAD14,14,gene,16118,17248,-,Verified,1130,,17248.0,17548.0,16748.0,17248.0,16118,17248.0,,,17248.0,16118.0
YNL330C,RPD3,14,gene,18001,19302,-,Verified,1301,False,19358.0,19658.0,18858.0,19358.0,17941,19358.0,19358.0,17941.0,19358.0,17941.0
YNL329C,PEX6,14,gene,19541,22633,-,Verified,3092,,22633.0,22933.0,22133.0,22633.0,19541,22633.0,,,22633.0,19541.0
YNL328C,MDJ2,14,gene,22834,23274,-,Verified,440,False,23346.0,23646.0,22846.0,23346.0,22534,23346.0,23346.0,22534.0,23346.0,22534.0
YNL327W,EGT2,14,gene,24048,27173,+,Verified,3125,False,23718.0,24018.0,24018.0,24518.0,24018,27227.0,24018.0,27227.0,24018.0,27227.0
YNL326C,PFA3,14,gene,27337,28347,-,Verified,1010,False,28380.0,28680.0,27880.0,28380.0,27185,28380.0,28380.0,27185.0,28380.0,27185.0
YNL325C,FIG4,14,gene,28739,31378,-,Verified,2639,False,31388.0,31688.0,30888.0,31388.0,28680,31388.0,31388.0,28680.0,31388.0,28680.0
YNL323W,LEM3,14,gene,31944,33188,+,Verified,1244,False,31601.0,31901.0,31901.0,32401.0,31901,33327.0,31901.0,33327.0,31901.0,33327.0
YNL322C,KRE1,14,gene,33294,34235,-,Verified,941,False,34263.0,34563.0,33763.0,34263.0,33218,34263.0,34263.0,33218.0,34263.0,33218.0
YNL321W,VNX1,14,gene,34696,37422,+,Verified,2726,,34396.0,34696.0,34696.0,35196.0,34696,37422.0,,,34696.0,37422.0
YNL320W,YNL320W,14,gene,37700,38554,+,Uncharacterized,854,False,37344.0,37644.0,37644.0,38144.0,37644,38648.0,37644.0,38648.0,37644.0,38648.0
YNL318C,HXT14,14,gene,38707,40329,-,Verified,1622,,40329.0,40629.0,39829.0,40329.0,38707,40329.0,,,40329.0,38707.0
YNL317W,PFS2,14,gene,40619,42016,+,Verified,1397,False,40320.0,40620.0,40620.0,41120.0,40620,42092.0,40620.0,42092.0,40620.0,42092.0
YNL316C,PHA2,14,gene,42071,43075,-,Verified,1004,False,43132.0,43432.0,42632.0,43132.0,41918,43132.0,43132.0,41918.0,43132.0,41918.0
YNL315C,ATP11,14,gene,43324,44280,-,Verified,956,False,44270.0,44570.0,43770.0,44270.0,43220,44270.0,44270.0,43220.0,44270.0,43220.0
YNL314W,DAL82,14,gene,44447,45214,+,Verified,767,False,44145.0,44445.0,44445.0,44945.0,44445,45312.0,44445.0,45312.0,44445.0,45312.0
YNL313C,EMW1,14,gene,45308,48022,-,Uncharacterized,2714,False,48054.0,48354.0,47554.0,48054.0,45222,48054.0,48054.0,45222.0,48054.0,45222.0
YNL312W,RFA2,14,gene,48287,49216,+,Verified,929,False,47946.0,48246.0,48246.0,48746.0,48246,49295.0,48246.0,49295.0,48246.0,49295.0
YNL311C,SKP2,14,gene,49397,51688,-,Verified,2291,False,51689.0,51989.0,51189.0,51689.0,49334,51689.0,51689.0,49334.0,51689.0,49334.0
YNL310C,ZIM17,14,gene,51907,52431,-,Verified,524,False,52464.0,52764.0,51964.0,52464.0,51819,52464.0,52464.0,51819.0,52464.0,51819.0
YNL309W,STB1,14,gene,52662,53924,+,Verified,1262,False,52298.0,52598.0,52598.0,53098.0,52598,54124.0,52598.0,54124.0,52598.0,54124.0
YNL308C,KRI1,14,gene,54122,55897,-,Verified,1775,False,55935.0,56235.0,55435.0,55935.0,54049,55935.0,55935.0,54049.0,55935.0,54049.0
YNL307C,MCK1,14,gene,56446,57573,-,Verified,1127,False,57740.0,58040.0,57240.0,57740.0,56124,57740.0,57740.0,56124.0,57740.0,56124.0
YNL306W,MRPS18,14,gene,58155,58808,+,Verified,653,False,57830.0,58130.0,58130.0,58630.0,58130,58900.0,58130.0,58900.0,58130.0,58900.0
YNL305C,YNL305C,14,gene,58898,59791,-,Uncharacterized,893,False,59823.0,60123.0,59323.0,59823.0,58806,59823.0,59823.0,58806.0,59823.0,58806.0
YNL304W,YPT11,14,gene,60297,61550,+,Verified,1253,False,59948.0,60248.0,60248.0,60748.0,60248,61682.0,60248.0,61682.0,60248.0,61682.0
YNL302C,RPS19B,14,gene,61958,62943,-,Verified,985,False,62974.0,63274.0,62474.0,62974.0,61838,62974.0,62974.0,61838.0,62974.0,61838.0
YNL301C,RPL18B,14,gene,63570,64562,-,Verified,992,False,64587.0,64887.0,64087.0,64587.0,63411,64587.0,64587.0,63411.0,64587.0,63411.0
YNL300W,TOS6,14,gene,65744,66052,+,Uncharacterized,308,False,65353.0,65653.0,65653.0,66153.0,65653,66309.0,65653.0,66309.0,65653.0,66309.0
YNL299W,TRF5,14,gene,66517,68445,+,Verified,1928,False,66123.0,66423.0,66423.0,66923.0,66423,68510.0,66423.0,68510.0,66423.0,68510.0
YNL298W,CLA4,14,gene,68915,71443,+,Verified,2528,False,68482.0,68782.0,68782.0,69282.0,68782,71550.0,68782.0,71550.0,68782.0,71550.0
YNL297C,MON2,14,gene,71673,76583,-,Verified,4910,False,76623.0,76923.0,76123.0,76623.0,71600,76623.0,76623.0,71600.0,76623.0,71600.0
YNL295W,YNL295W,14,gene,76946,78520,+,Uncharacterized,1574,False,76510.0,76810.0,76810.0,77310.0,76810,78661.0,76810.0,78661.0,76810.0,78661.0
YNL294C,RIM21,14,gene,78659,80260,-,Verified,1601,False,80427.0,80727.0,79927.0,80427.0,78505,80427.0,80427.0,78505.0,80427.0,78505.0
YNL293W,MSB3,14,gene,80640,82541,+,Verified,1901,False,80277.0,80577.0,80577.0,81077.0,80577,82643.0,80577.0,82643.0,80577.0,82643.0
YNL292W,PUS4,14,gene,82806,84017,+,Verified,1211,False,82498.0,82798.0,82798.0,83298.0,82798,84133.0,82798.0,84133.0,82798.0,84133.0
YNL291C,MID1,14,gene,84169,85815,-,Verified,1646,False,86038.0,86338.0,85538.0,86038.0,84126,86038.0,86038.0,84126.0,86038.0,84126.0
YNL290W,RFC3,14,gene,86218,87240,+,Verified,1022,False,85911.0,86211.0,86211.0,86711.0,86211,87360.0,86211.0,87360.0,86211.0,87360.0
YNL289W,PCL1,14,gene,87897,88736,+,Verified,839,False,87517.0,87817.0,87817.0,88317.0,87817,88879.0,87817.0,88879.0,87817.0,88879.0
YNL288W,CAF40,14,gene,90303,91424,+,Verified,1121,False,89863.0,90163.0,90163.0,90663.0,90163,91499.0,90163.0,91499.0,90163.0,91499.0
YNL287W,SEC21,14,gene,91994,94801,+,Verified,2807,False,91506.0,91806.0,91806.0,92306.0,91806,95021.0,91806.0,95021.0,91806.0,95021.0
YNL286W,CUS2,14,gene,95223,96080,+,Verified,857,False,94829.0,95129.0,95129.0,95629.0,95129,96176.0,95129.0,96176.0,95129.0,96176.0
YNL284C,MRPL10,14,gene,103134,104102,-,Verified,968,False,104056.0,104356.0,103556.0,104056.0,103059,104056.0,104056.0,103059.0,104056.0,103059.0
YNL283C,WSC2,14,gene,105184,106695,-,Verified,1511,False,107047.0,107347.0,106547.0,107047.0,105131,107047.0,107047.0,105131.0,107047.0,105131.0
YNL282W,POP3,14,gene,107687,108274,+,Verified,587,False,107340.0,107640.0,107640.0,108140.0,107640,108601.0,107640.0,108601.0,107640.0,108601.0
YNL281W,HCH1,14,gene,108467,108928,+,Verified,461,False,108149.0,108449.0,108449.0,108949.0,108449,109121.0,108449.0,109121.0,108449.0,109121.0
YNL280C,ERG24,14,gene,109095,110411,-,Verified,1316,False,110473.0,110773.0,109973.0,110473.0,108991,110473.0,110473.0,108991.0,110473.0,108991.0
YNL279W,PRM1,14,gene,110917,112902,+,Verified,1985,,110617.0,110917.0,110917.0,111417.0,110917,112902.0,,,110917.0,112902.0
YNL278W,CAF120,14,gene,113271,116453,+,Verified,3182,False,112843.0,113143.0,113143.0,113643.0,113143,116646.0,113143.0,116646.0,113143.0,116646.0
YNL277W-A,YNL277W-A,14,gene,116679,116867,+,Uncharacterized,188,,116379.0,116679.0,116679.0,117179.0,116679,116867.0,,,116679.0,116867.0
YNL277W,MET2,14,gene,117349,118809,+,Verified,1460,False,116908.0,117208.0,117208.0,117708.0,117208,118919.0,117208.0,118919.0,117208.0,118919.0
YNL275W,BOR1,14,gene,119268,120998,+,Verified,1730,False,118952.0,119252.0,119252.0,119752.0,119252,121093.0,119252.0,121093.0,119252.0,121093.0
YNL274C,GOR1,14,gene,121118,122170,-,Verified,1052,False,122232.0,122532.0,121732.0,122232.0,120988,122232.0,122232.0,120988.0,122232.0,120988.0
YNL273W,TOF1,14,gene,122883,126599,+,Verified,3716,False,122535.0,122835.0,122835.0,123335.0,122835,126668.0,122835.0,126668.0,122835.0,126668.0
YNL272C,SEC2,14,gene,126805,129084,-,Verified,2279,False,129181.0,129481.0,128681.0,129181.0,126760,129181.0,129181.0,126760.0,129181.0,126760.0
YNL271C,BNI1,14,gene,129522,135383,-,Verified,5861,False,135675.0,135975.0,135175.0,135675.0,129365,135675.0,135675.0,129365.0,135675.0,129365.0
YNL270C,ALP1,14,gene,135940,137661,-,Verified,1721,False,137816.0,138116.0,137316.0,137816.0,135940,137816.0,137816.0,,137816.0,135940.0
YNL269W,BSC4,14,gene,137699,138094,+,Verified,395,,137399.0,137699.0,137699.0,138199.0,137699,138094.0,,,137699.0,138094.0
YNL268W,LYP1,14,gene,138550,140385,+,Verified,1835,False,138195.0,138495.0,138495.0,138995.0,138495,140516.0,138495.0,140516.0,138495.0,140516.0
YNL267W,PIK1,14,gene,140878,144078,+,Verified,3200,False,140480.0,140780.0,140780.0,141280.0,140780,144210.0,140780.0,144210.0,140780.0,144210.0
YNL265C,IST1,14,gene,144280,145281,-,Verified,1001,False,145303.0,145603.0,144803.0,145303.0,144131,145303.0,145303.0,144131.0,145303.0,144131.0
YNL264C,PDR17,14,gene,145563,146615,-,Verified,1052,False,146620.0,146920.0,146120.0,146620.0,145418,146620.0,146620.0,145418.0,146620.0,145418.0
YNL263C,YIF1,14,gene,146896,147840,-,Verified,944,False,147984.0,148284.0,147484.0,147984.0,146797,147984.0,147984.0,146797.0,147984.0,146797.0
YNL262W,POL2,14,gene,148212,154880,+,Verified,6668,False,147900.0,148200.0,148200.0,148700.0,148200,155049.0,148200.0,155049.0,148200.0,155049.0
YNL261W,ORC5,14,gene,155100,156539,+,Verified,1439,False,154761.0,155061.0,155061.0,155561.0,155061,156642.0,155061.0,156642.0,155061.0,156642.0
YNL260C,YNL260C,14,gene,156859,157455,-,Uncharacterized,596,False,157371.0,157671.0,156871.0,157371.0,156518,157371.0,157371.0,156518.0,157371.0,156518.0
YNL259C,ATX1,14,gene,157644,157865,-,Verified,221,False,157895.0,158195.0,157395.0,157895.0,157539,157895.0,157895.0,157539.0,157895.0,157539.0
YNL258C,DSL1,14,gene,158109,160373,-,Verified,2264,False,160382.0,160682.0,159882.0,160382.0,157995,160382.0,160382.0,157995.0,160382.0,157995.0
YNL257C,SIP3,14,gene,160631,164320,-,Verified,3689,False,164377.0,164677.0,163877.0,164377.0,160586,164377.0,164377.0,160586.0,164377.0,160586.0
YNL256W,FOL1,14,gene,164623,167097,+,Verified,2474,False,164239.0,164539.0,164539.0,165039.0,164539,167174.0,164539.0,167174.0,164539.0,167174.0
YNL255C,GIS2,14,gene,167329,167790,-,Verified,461,False,167818.0,168118.0,167318.0,167818.0,167042,167818.0,167818.0,167042.0,167818.0,167042.0
YNL254C,RTC4,14,gene,168043,169248,-,Verified,1205,False,169315.0,169615.0,168815.0,169315.0,167816,169315.0,169315.0,167816.0,169315.0,167816.0
YNL253W,TEX1,14,gene,170018,171286,+,Verified,1268,False,169687.0,169987.0,169987.0,170487.0,169987,171438.0,169987.0,171438.0,169987.0,171438.0
YNL252C,MRPL17,14,gene,171441,172286,-,Verified,845,False,172307.0,172607.0,171807.0,172307.0,171303,172307.0,172307.0,171303.0,172307.0,171303.0
YNL251C,NRD1,14,gene,172588,174315,-,Verified,1727,False,174588.0,174888.0,174088.0,174588.0,172427,174588.0,174588.0,172427.0,174588.0,172427.0
YNL250W,RAD50,14,gene,175410,179348,+,Verified,3938,False,175089.0,175389.0,175389.0,175889.0,175389,179497.0,175389.0,179497.0,175389.0,179497.0
YNL249C,MPA43,14,gene,179394,181022,-,Verified,1628,False,181023.0,181323.0,180523.0,181023.0,179368,181023.0,181023.0,179368.0,181023.0,179368.0
YNL248C,RPA49,14,gene,181361,182608,-,Verified,1247,False,182647.0,182947.0,182147.0,182647.0,181170,182647.0,182647.0,181170.0,182647.0,181170.0
YNL247W,YNL247W,14,gene,182875,185178,+,Verified,2303,False,182588.0,182888.0,182888.0,183388.0,182888,185322.0,182888.0,185322.0,182888.0,185322.0
YNL246W,VPS75,14,gene,185460,186349,+,Verified,889,False,185144.0,185444.0,185444.0,185944.0,185444,186628.0,185444.0,186628.0,185444.0,186628.0
YNL245C,CWC25,14,gene,186346,186885,-,Verified,539,False,186905.0,187205.0,186405.0,186905.0,186346,186905.0,186905.0,,186905.0,186346.0
YNL244C,SUI1,14,gene,187170,187496,-,Verified,326,False,187530.0,187830.0,187030.0,187530.0,187027,187530.0,187530.0,187027.0,187530.0,187027.0
YNL243W,SLA2,14,gene,188051,190957,+,Verified,2906,False,187690.0,187990.0,187990.0,188490.0,187990,191015.0,187990.0,191015.0,187990.0,191015.0
YNL242W,ATG2,14,gene,191324,196102,+,Verified,4778,False,190931.0,191231.0,191231.0,191731.0,191231,196151.0,191231.0,196151.0,191231.0,196151.0
YNL241C,ZWF1,14,gene,196426,197943,-,Verified,1517,False,198003.0,198303.0,197503.0,198003.0,196222,198003.0,198003.0,196222.0,198003.0,196222.0
YNL240C,NAR1,14,gene,198502,199977,-,Verified,1475,False,199990.0,200290.0,199490.0,199990.0,198386,199990.0,199990.0,198386.0,199990.0,198386.0
YNL239W,LAP3,14,gene,200569,201933,+,Verified,1364,False,200212.0,200512.0,200512.0,201012.0,200512,202042.0,200512.0,202042.0,200512.0,202042.0
YNL238W,KEX2,14,gene,202428,204872,+,Verified,2444,False,201884.0,202184.0,202184.0,202684.0,202184,205005.0,202184.0,205005.0,202184.0,205005.0
YNL237W,YTP1,14,gene,205188,206567,+,Verified,1379,False,204844.0,205144.0,205144.0,205644.0,205144,206756.0,205144.0,206756.0,205144.0,206756.0
YNL236W,SIN4,14,gene,206930,209854,+,Verified,2924,False,206601.0,206901.0,206901.0,207401.0,206901,209946.0,206901.0,209946.0,206901.0,209946.0
YNL234W,YNL234W,14,gene,210233,211513,+,Uncharacterized,1280,False,209881.0,210181.0,210181.0,210681.0,210181,211590.0,210181.0,211590.0,210181.0,211590.0
YNL233W,BNI4,14,gene,211922,214600,+,Verified,2678,False,211438.0,211738.0,211738.0,212238.0,211738,214686.0,211738.0,214686.0,211738.0,214686.0
YNL232W,CSL4,14,gene,214923,215801,+,Verified,878,False,214588.0,214888.0,214888.0,215388.0,214888,215871.0,214888.0,215871.0,214888.0,215871.0
YNL231C,PDR16,14,gene,215987,217042,-,Verified,1055,False,217191.0,217491.0,216691.0,217191.0,215911,217191.0,217191.0,215911.0,217191.0,215911.0
YNL230C,ELA1,14,gene,217523,218662,-,Verified,1139,False,218728.0,219028.0,218228.0,218728.0,217145,218728.0,218728.0,217145.0,218728.0,217145.0
YNL229C,URE2,14,gene,219137,220201,-,Verified,1064,False,220410.0,220710.0,219910.0,220410.0,218907,220410.0,220410.0,218907.0,220410.0,218907.0
YNL227C,JJJ1,14,gene,220659,222431,-,Verified,1772,False,222484.0,222784.0,221984.0,222484.0,220588,222484.0,222484.0,220588.0,222484.0,220588.0
YNL225C,CNM67,14,gene,222724,224469,-,Verified,1745,False,224519.0,224819.0,224019.0,224519.0,222587,224519.0,224519.0,222587.0,224519.0,222587.0
YNL224C,SQS1,14,gene,224796,227099,-,Verified,2303,False,227192.0,227492.0,226692.0,227192.0,224640,227192.0,227192.0,224640.0,227192.0,224640.0
YNL223W,ATG4,14,gene,227370,228854,+,Verified,1484,False,227085.0,227385.0,227385.0,227885.0,227385,229035.0,227385.0,229035.0,227385.0,229035.0
YNL222W,SSU72,14,gene,229094,229714,+,Verified,620,False,228758.0,229058.0,229058.0,229558.0,229058,229763.0,229058.0,229763.0,229058.0,229763.0
YNL221C,POP1,14,gene,231068,233695,-,Verified,2627,False,233746.0,234046.0,233246.0,233746.0,230910,233746.0,233746.0,230910.0,233746.0,230910.0
YNL220W,ADE12,14,gene,234413,235714,+,Verified,1301,False,234023.0,234323.0,234323.0,234823.0,234323,235808.0,234323.0,235808.0,234323.0,235808.0
YNL219C,ALG9,14,gene,235996,237663,-,Verified,1667,False,237810.0,238110.0,237310.0,237810.0,235838,237810.0,237810.0,235838.0,237810.0,235838.0
YNL218W,MGS1,14,gene,238238,240001,+,Verified,1763,False,237928.0,238228.0,238228.0,238728.0,238228,240258.0,238228.0,240258.0,238228.0,240258.0
YNL217W,YNL217W,14,gene,240331,241311,+,Uncharacterized,980,False,240005.0,240305.0,240305.0,240805.0,240305,241415.0,240305.0,241415.0,240305.0,241415.0
YNL216W,RAP1,14,gene,241689,244172,+,Verified,2483,False,241301.0,241601.0,241601.0,242101.0,241601,244309.0,241601.0,244309.0,241601.0,244309.0
YNL215W,IES2,14,gene,244468,245430,+,Verified,962,False,244077.0,244377.0,244377.0,244877.0,244377,245460.0,244377.0,245460.0,244377.0,245460.0
YNL214W,PEX17,14,gene,245617,246216,+,Verified,599,False,245297.0,245597.0,245597.0,246097.0,245597,246471.0,245597.0,246471.0,245597.0,246471.0
YNL213C,RRG9,14,gene,246460,247104,-,Verified,644,False,247207.0,247507.0,246707.0,247207.0,246366,247207.0,247207.0,246366.0,247207.0,246366.0
YNL212W,VID27,14,gene,247461,249809,+,Verified,2348,False,247079.0,247379.0,247379.0,247879.0,247379,249946.0,247379.0,249946.0,247379.0,249946.0
YNL211C,YNL211C,14,gene,250055,250315,-,Uncharacterized,260,False,250381.0,250681.0,249881.0,250381.0,249821,250381.0,250381.0,249821.0,250381.0,249821.0
YNL210W,MER1,14,gene,250931,251743,+,Verified,812,,250631.0,250931.0,250931.0,251431.0,250931,251743.0,,,250931.0,251743.0
YNL209W,SSB2,14,gene,252059,253900,+,Verified,1841,False,251737.0,252037.0,252037.0,252537.0,252037,254020.0,252037.0,254020.0,252037.0,254020.0
YNL208W,YNL208W,14,gene,254418,255017,+,Verified,599,False,254091.0,254391.0,254391.0,254891.0,254391,255113.0,254391.0,255113.0,254391.0,255113.0
YNL207W,RIO2,14,gene,255353,256630,+,Verified,1277,False,254957.0,255257.0,255257.0,255757.0,255257,256790.0,255257.0,256790.0,255257.0,256790.0
YNL206C,RTT106,14,gene,256788,258155,-,Verified,1367,False,258163.0,258463.0,257663.0,258163.0,256722,258163.0,258163.0,256722.0,258163.0,256722.0
YNL204C,SPS18,14,gene,258375,259277,-,Verified,902,,259277.0,259577.0,258777.0,259277.0,258375,259277.0,,,259277.0,258375.0
YNL202W,SPS19,14,gene,259578,260456,+,Verified,878,False,259257.0,259557.0,259557.0,260057.0,259557,260565.0,259557.0,260565.0,259557.0,260565.0
YNL201C,PSY2,14,gene,260627,263203,-,Verified,2576,False,263475.0,263775.0,262975.0,263475.0,260433,263475.0,263475.0,260433.0,263475.0,260433.0
YNL200C,YNL200C,14,gene,263713,264453,-,Uncharacterized,740,False,264558.0,264858.0,264058.0,264558.0,263600,264558.0,264558.0,263600.0,264558.0,263600.0
YNL199C,GCR2,14,gene,264926,266530,-,Verified,1604,False,266650.0,266950.0,266150.0,266650.0,264755,266650.0,266650.0,264755.0,266650.0,264755.0
YNL197C,WHI3,14,gene,267608,269593,-,Verified,1985,False,269932.0,270232.0,269432.0,269932.0,267514,269932.0,269932.0,267514.0,269932.0,267514.0
YNL196C,SLZ1,14,gene,270275,271171,-,Uncharacterized,896,,271171.0,271471.0,270671.0,271171.0,270275,271171.0,,,271171.0,270275.0
YNL195C,YNL195C,14,gene,271523,272308,-,Uncharacterized,785,False,272051.0,272351.0,271551.0,272051.0,271431,272051.0,272051.0,271431.0,272051.0,271431.0
YNL194C,YNL194C,14,gene,272710,273615,-,Verified,905,,273615.0,273915.0,273115.0,273615.0,272710,273615.0,,,273615.0,272710.0
YNL193W,YNL193W,14,gene,274368,276044,+,Uncharacterized,1676,False,274054.0,274354.0,274354.0,274854.0,274354,276096.0,274354.0,276096.0,274354.0,276096.0
YNL192W,CHS1,14,gene,276502,279897,+,Verified,3395,False,276088.0,276388.0,276388.0,276888.0,276388,280001.0,276388.0,280001.0,276388.0,280001.0
YNL191W,DUG3,14,gene,280432,281505,+,Verified,1073,False,280071.0,280371.0,280371.0,280871.0,280371,281620.0,280371.0,281620.0,280371.0,281620.0
YNL190W,YNL190W,14,gene,282395,283009,+,Uncharacterized,614,False,281813.0,282113.0,282113.0,282613.0,282113,283009.0,282113.0,,282113.0,283009.0
YNL189W,SRP1,14,gene,284260,285888,+,Verified,1628,False,283769.0,284069.0,284069.0,284569.0,284069,286010.0,284069.0,286010.0,284069.0,286010.0
YNL188W,KAR1,14,gene,286308,287609,+,Verified,1301,False,285940.0,286240.0,286240.0,286740.0,286240,287627.0,286240.0,287627.0,286240.0,287627.0
YNL187W,SWT21,14,gene,287994,289067,+,Uncharacterized,1073,False,287489.0,287789.0,287789.0,288289.0,287789,289440.0,287789.0,289440.0,287789.0,289440.0
YNL186W,UBP10,14,gene,289498,291876,+,Verified,2378,False,289006.0,289306.0,289306.0,289806.0,289306,291984.0,289306.0,291984.0,289306.0,291984.0
YNL185C,MRPL19,14,gene,292193,292669,-,Verified,476,False,292767.0,293067.0,292267.0,292767.0,292067,292767.0,292767.0,292067.0,292767.0,292067.0
YNL183C,NPR1,14,gene,293137,295509,-,Verified,2372,False,295720.0,296020.0,295220.0,295720.0,293036,295720.0,295720.0,293036.0,295720.0,293036.0
YNL182C,IPI3,14,gene,295960,297627,-,Verified,1667,False,297694.0,297994.0,297194.0,297694.0,295876,297694.0,297694.0,295876.0,297694.0,295876.0
YNL181W,YNL181W,14,gene,298335,299558,+,Uncharacterized,1223,False,297963.0,298263.0,298263.0,298763.0,298263,299674.0,298263.0,299674.0,298263.0,299674.0
YNL180C,RHO5,14,gene,299654,300649,-,Verified,995,False,300842.0,301142.0,300342.0,300842.0,299578,300842.0,300842.0,299578.0,300842.0,299578.0
YNL178W,RPS3,14,gene,302680,303402,+,Verified,722,False,302363.0,302663.0,302663.0,303163.0,302663,303466.0,302663.0,303466.0,302663.0,303466.0
YNL177C,MRPL22,14,gene,303686,304615,-,Verified,929,False,304665.0,304965.0,304165.0,304665.0,303503,304665.0,304665.0,303503.0,304665.0,303503.0
YNL176C,YNL176C,14,gene,305070,306980,-,Uncharacterized,1910,False,307170.0,307470.0,306670.0,307170.0,304820,307170.0,307170.0,304820.0,307170.0,304820.0
YNL175C,NOP13,14,gene,307401,308612,-,Verified,1211,False,308649.0,308949.0,308149.0,308649.0,307282,308649.0,308649.0,307282.0,308649.0,307282.0
YNL173C,MDG1,14,gene,308957,310057,-,Verified,1100,False,310098.0,310398.0,309598.0,310098.0,308812,310098.0,310098.0,308812.0,310098.0,308812.0
YNL172W,APC1,14,gene,310636,315882,+,Verified,5246,False,310241.0,310541.0,310541.0,311041.0,310541,316200.0,310541.0,316200.0,310541.0,316200.0
YNL169C,PSD1,14,gene,316169,317671,-,Verified,1502,False,317775.0,318075.0,317275.0,317775.0,316059,317775.0,317775.0,316059.0,317775.0,316059.0
YNL168C,FMP41,14,gene,318030,318809,-,Uncharacterized,779,False,318866.0,319166.0,318366.0,318866.0,317875,318866.0,318866.0,317875.0,318866.0,317875.0
YNL167C,SKO1,14,gene,319416,321359,-,Verified,1943,False,321704.0,322004.0,321204.0,321704.0,319200,321704.0,321704.0,319200.0,321704.0,319200.0
YNL166C,BNI5,14,gene,322219,323565,-,Verified,1346,False,323588.0,323888.0,323088.0,323588.0,322106,323588.0,323588.0,322106.0,323588.0,322106.0
YNL165W,YNL165W,14,gene,323832,325052,+,Uncharacterized,1220,False,323460.0,323760.0,323760.0,324260.0,323760,325204.0,323760.0,325204.0,323760.0,325204.0
YNL164C,IBD2,14,gene,325265,326320,-,Verified,1055,False,326486.0,326786.0,325986.0,326486.0,325199,326486.0,326486.0,325199.0,326486.0,325199.0
YNL163C,RIA1,14,gene,326741,330073,-,Verified,3332,False,330139.0,330439.0,329639.0,330139.0,326623,330139.0,330139.0,326623.0,330139.0,326623.0
YNL162W-A,YNL162W-A,14,gene,330329,330547,+,Uncharacterized,218,False,330005.0,330305.0,330305.0,330805.0,330305,330923.0,330305.0,330923.0,330305.0,330923.0
YNL162W,RPL42A,14,gene,331322,332154,+,Verified,832,False,331029.0,331329.0,331329.0,331829.0,331329,332240.0,331329.0,332240.0,331329.0,332240.0
YNL161W,CBK1,14,gene,332597,334867,+,Verified,2270,False,332133.0,332433.0,332433.0,332933.0,332433,334957.0,332433.0,334957.0,332433.0,334957.0
YNL160W,YGP1,14,gene,336545,337609,+,Verified,1064,False,336191.0,336491.0,336491.0,336991.0,336491,337826.0,336491.0,337826.0,336491.0,337826.0
YNL159C,ASI2,14,gene,338478,339347,-,Verified,869,False,339369.0,339669.0,338869.0,339369.0,338271,339369.0,339369.0,338271.0,339369.0,338271.0
YNL158W,PGA1,14,gene,339612,340208,+,Verified,596,False,339277.0,339577.0,339577.0,340077.0,339577,340480.0,339577.0,340480.0,339577.0,340480.0
YNL157W,IGO1,14,gene,340352,340858,+,Verified,506,False,340010.0,340310.0,340310.0,340810.0,340310,340917.0,340310.0,340917.0,340310.0,340917.0
YNL156C,NSG2,14,gene,341069,341968,-,Verified,899,False,342140.0,342440.0,341640.0,342140.0,340947,342140.0,342140.0,340947.0,342140.0,340947.0
YNL155W,YNL155W,14,gene,342516,343340,+,Uncharacterized,824,False,342113.0,342413.0,342413.0,342913.0,342413,343429.0,342413.0,343429.0,342413.0,343429.0
YNL154C,YCK2,14,gene,343636,345276,-,Verified,1640,False,345503.0,345803.0,345003.0,345503.0,343491,345503.0,345503.0,343491.0,345503.0,343491.0
YNL153C,GIM3,14,gene,345669,346058,-,Verified,389,False,346081.0,346381.0,345581.0,346081.0,345449,346081.0,346081.0,345449.0,346081.0,345449.0
YNL152W,INN1,14,gene,346313,347542,+,Verified,1229,False,345993.0,346293.0,346293.0,346793.0,346293,347628.0,346293.0,347628.0,346293.0,347628.0
YNL151C,RPC31,14,gene,347766,348521,-,Verified,755,False,348577.0,348877.0,348077.0,348577.0,347622,348577.0,348577.0,347622.0,348577.0,347622.0
YNL149C,PGA2,14,gene,349367,349756,-,Verified,389,False,349790.0,350090.0,349290.0,349790.0,349241,349790.0,349790.0,349241.0,349790.0,349241.0
YNL148C,ALF1,14,gene,349907,350671,-,Verified,764,False,350683.0,350983.0,350183.0,350683.0,349751,350683.0,350683.0,349751.0,350683.0,349751.0
YNL147W,LSM7,14,gene,350940,351383,+,Verified,443,False,350558.0,350858.0,350858.0,351358.0,350858,351458.0,350858.0,351458.0,350858.0,351458.0
YNL146C-A,YNL146C-A,14,gene,351386,351580,-,Uncharacterized,194,False,351775.0,352075.0,351275.0,351775.0,351343,351775.0,351775.0,351343.0,351775.0,351343.0
YNL146W,YNL146W,14,gene,351715,352017,+,Uncharacterized,302,False,351293.0,351593.0,351593.0,352093.0,351593,352336.0,351593.0,352336.0,351593.0,352336.0
YNL145W,MFA2,14,gene,352414,352530,+,Verified,116,False,352053.0,352353.0,352353.0,352853.0,352353,352706.0,352353.0,352706.0,352353.0,352706.0
YNL144C,YNL144C,14,gene,352820,355042,-,Uncharacterized,2222,False,355254.0,355554.0,354754.0,355254.0,352763,355254.0,355254.0,352763.0,355254.0,352763.0
YNL142W,MEP2,14,gene,357453,358952,+,Verified,1499,False,356882.0,357182.0,357182.0,357682.0,357182,359050.0,357182.0,359050.0,357182.0,359050.0
YNL141W,AAH1,14,gene,359596,360639,+,Verified,1043,False,359263.0,359563.0,359563.0,360063.0,359563,360692.0,359563.0,360692.0,359563.0,360692.0
YNL139C,THO2,14,gene,360924,365717,-,Verified,4793,False,365814.0,366114.0,365314.0,365814.0,360745,365814.0,365814.0,360745.0,365814.0,360745.0
YNL138W-A,YSF3,14,gene,366033,366412,+,Verified,379,False,365739.0,366039.0,366039.0,366539.0,366039,366656.0,366039.0,366656.0,366039.0,366656.0
YNL138W,SRV2,14,gene,366741,368321,+,Verified,1580,False,366416.0,366716.0,366716.0,367216.0,366716,368514.0,366716.0,368514.0,366716.0,368514.0
YNL137C,NAM9,14,gene,368595,370055,-,Verified,1460,False,370150.0,370450.0,369650.0,370150.0,368515,370150.0,370150.0,368515.0,370150.0,368515.0
YNL136W,EAF7,14,gene,370368,371645,+,Verified,1277,False,370060.0,370360.0,370360.0,370860.0,370360,371762.0,370360.0,371762.0,370360.0,371762.0
YNL135C,FPR1,14,gene,371882,372226,-,Verified,344,False,372244.0,372544.0,371744.0,372244.0,371748,372244.0,372244.0,371748.0,372244.0,371748.0
YNL134C,YNL134C,14,gene,372451,373581,-,Uncharacterized,1130,False,373648.0,373948.0,373148.0,373648.0,372401,373648.0,373648.0,372401.0,373648.0,372401.0
YNL133C,FYV6,14,gene,374171,374692,-,Verified,521,False,374730.0,375030.0,374230.0,374730.0,374058,374730.0,374730.0,374058.0,374730.0,374058.0
YNL132W,KRE33,14,gene,375321,378491,+,Verified,3170,False,374931.0,375231.0,375231.0,375731.0,375231,378579.0,375231.0,378579.0,375231.0,378579.0
YNL131W,TOM22,14,gene,378767,379225,+,Verified,458,False,378421.0,378721.0,378721.0,379221.0,378721,379551.0,378721.0,379551.0,378721.0,379551.0
YNL130C,CPT1,14,gene,379558,380831,-,Verified,1273,False,380874.0,381174.0,380374.0,380874.0,379447,380874.0,380874.0,379447.0,380874.0,379447.0
YNL130C-A,DGR1,14,gene,381245,381391,-,Uncharacterized,146,,381391.0,381691.0,380891.0,381391.0,381245,381391.0,,,381391.0,381245.0
YNL129W,NRK1,14,gene,381480,382202,+,Verified,722,False,380987.0,381287.0,381287.0,381787.0,381287,382339.0,381287.0,382339.0,381287.0,382339.0
YNL128W,TEP1,14,gene,382359,383663,+,Verified,1304,,382059.0,382359.0,382359.0,382859.0,382359,383663.0,,,382359.0,383663.0
YNL127W,FAR11,14,gene,383987,386848,+,Verified,2861,False,383590.0,383890.0,383890.0,384390.0,383890,387138.0,383890.0,387138.0,383890.0,387138.0
YNL126W,SPC98,14,gene,387227,389767,+,Verified,2540,False,386865.0,387165.0,387165.0,387665.0,387165,389769.0,387165.0,389769.0,387165.0,389769.0
YNL125C,ESBP6,14,gene,390146,392167,-,Verified,2021,False,392345.0,392645.0,391845.0,392345.0,390030,392345.0,392345.0,390030.0,392345.0,390030.0
YNL124W,NAF1,14,gene,392892,394370,+,Verified,1478,False,392573.0,392873.0,392873.0,393373.0,392873,394459.0,392873.0,394459.0,392873.0,394459.0
YNL123W,NMA111,14,gene,394685,397678,+,Verified,2993,False,394365.0,394665.0,394665.0,395165.0,394665,397743.0,394665.0,397743.0,394665.0,397743.0
YNL122C,YNL122C,14,gene,398023,398370,-,Uncharacterized,347,False,398343.0,398643.0,397843.0,398343.0,397893,398343.0,398343.0,397893.0,398343.0,397893.0
YNL121C,TOM70,14,gene,398684,400537,-,Verified,1853,False,400586.0,400886.0,400086.0,400586.0,398449,400586.0,400586.0,398449.0,400586.0,398449.0
YNL119W,NCS2,14,gene,401040,402521,+,Verified,1481,False,400708.0,401008.0,401008.0,401508.0,401008,402654.0,401008.0,402654.0,401008.0,402654.0
YNL118C,DCP2,14,gene,402652,405564,-,Verified,2912,False,405581.0,405881.0,405081.0,405581.0,402486,405581.0,405581.0,402486.0,405581.0,402486.0
YNL117W,MLS1,14,gene,406358,408022,+,Verified,1664,,406058.0,406358.0,406358.0,406858.0,406358,408022.0,,,406358.0,408022.0
YNL116W,DMA2,14,gene,408341,409909,+,Verified,1568,False,407994.0,408294.0,408294.0,408794.0,408294,410073.0,408294.0,410073.0,408294.0,410073.0
YNL115C,YNL115C,14,gene,410119,412053,-,Uncharacterized,1934,False,412092.0,412392.0,411592.0,412092.0,409967,412092.0,412092.0,409967.0,412092.0,409967.0
YNL113W,RPC19,14,gene,412771,413199,+,Verified,428,False,412427.0,412727.0,412727.0,413227.0,412727,413370.0,412727.0,413370.0,412727.0,413370.0
YNL112W,DBP2,14,gene,413639,416281,+,Verified,2642,False,413299.0,413599.0,413599.0,414099.0,413599,416423.0,413599.0,416423.0,413599.0,416423.0
YNL111C,CYB5,14,gene,416940,417302,-,Verified,362,False,417334.0,417634.0,416834.0,417334.0,416700,417334.0,417334.0,416700.0,417334.0,416700.0
YNL110C,NOP15,14,gene,417826,418488,-,Verified,662,False,418569.0,418869.0,418069.0,418569.0,417707,418569.0,418569.0,417707.0,418569.0,417707.0
YNL108C,YNL108C,14,gene,419014,419826,-,Uncharacterized,812,False,419865.0,420165.0,419365.0,419865.0,418870,419865.0,419865.0,418870.0,419865.0,418870.0
YNL107W,YAF9,14,gene,420098,420778,+,Verified,680,False,419777.0,420077.0,420077.0,420577.0,420077,420974.0,420077.0,420974.0,420077.0,420974.0
YNL106C,INP52,14,gene,420944,424495,-,Verified,3551,False,424607.0,424907.0,424107.0,424607.0,420752,424607.0,424607.0,420752.0,424607.0,420752.0
YNL104C,LEU4,14,gene,424895,426754,-,Verified,1859,False,426865.0,427165.0,426365.0,426865.0,424803,426865.0,426865.0,424803.0,426865.0,424803.0
YNL103W,MET4,14,gene,427735,429753,+,Verified,2018,False,427285.0,427585.0,427585.0,428085.0,427585,429835.0,427585.0,429835.0,427585.0,429835.0
YNL102W,POL1,14,gene,430087,434493,+,Verified,4406,False,429704.0,430004.0,430004.0,430504.0,430004,434561.0,430004.0,434561.0,430004.0,434561.0
YNL101W,AVT4,14,gene,434999,437140,+,Verified,2141,False,434522.0,434822.0,434822.0,435322.0,434822,437339.0,434822.0,437339.0,434822.0,437339.0
YNL100W,AIM37,14,gene,437613,438317,+,Verified,704,False,437268.0,437568.0,437568.0,438068.0,437568,438434.0,437568.0,438434.0,437568.0,438434.0
YNL099C,OCA1,14,gene,438567,439283,-,Verified,716,False,439308.0,439608.0,438808.0,439308.0,438306,439308.0,439308.0,438306.0,439308.0,438306.0
YNL098C,RAS2,14,gene,439602,440570,-,Verified,968,False,440753.0,441053.0,440253.0,440753.0,439483,440753.0,440753.0,439483.0,440753.0,439483.0
YNL097C-B,YNL097C-B,14,gene,440797,440919,-,Uncharacterized,122,False,440913.0,441213.0,440413.0,440913.0,440580,440913.0,440913.0,440580.0,440913.0,440580.0
YNL097C,PHO23,14,gene,441366,442358,-,Verified,992,False,442491.0,442791.0,441991.0,442491.0,441236,442491.0,442491.0,441236.0,442491.0,441236.0
YNL096C,RPS7B,14,gene,443398,444315,-,Verified,917,False,444325.0,444625.0,443825.0,444325.0,443205,444325.0,444325.0,443205.0,444325.0,443205.0
YNL095C,YNL095C,14,gene,444912,446840,-,Uncharacterized,1928,False,447057.0,447357.0,446557.0,447057.0,444803,447057.0,447057.0,444803.0,447057.0,444803.0
YNL094W,APP1,14,gene,447611,449374,+,Verified,1763,False,447037.0,447337.0,447337.0,447837.0,447337,449426.0,447337.0,449426.0,447337.0,449426.0
YNL093W,YPT53,14,gene,449868,450530,+,Verified,662,False,449383.0,449683.0,449683.0,450183.0,449683,450825.0,449683.0,450825.0,449683.0,450825.0
YNL092W,YNL092W,14,gene,450871,452073,+,Uncharacterized,1202,False,450523.0,450823.0,450823.0,451323.0,450823,452082.0,450823.0,452082.0,450823.0,452082.0
YNL091W,NST1,14,gene,452408,456130,+,Verified,3722,False,451959.0,452259.0,452259.0,452759.0,452259,456207.0,452259.0,456207.0,452259.0,456207.0
YNL090W,RHO2,14,gene,456565,457143,+,Verified,578,False,456121.0,456421.0,456421.0,456921.0,456421,457502.0,456421.0,457502.0,456421.0,457502.0
YNL088W,TOP2,14,gene,457704,461990,+,Verified,4286,False,457345.0,457645.0,457645.0,458145.0,457645,462149.0,457645.0,462149.0,457645.0,462149.0
YNL087W,TCB2,14,gene,462411,465947,+,Verified,3536,False,461967.0,462267.0,462267.0,462767.0,462267,466125.0,462267.0,466125.0,462267.0,466125.0
YNL086W,SNN1,14,gene,466334,466642,+,Uncharacterized,308,False,465897.0,466197.0,466197.0,466697.0,466197,466975.0,466197.0,466975.0,466197.0,466975.0
YNL085W,MKT1,14,gene,467131,469623,+,Verified,2492,False,466566.0,466866.0,466866.0,467366.0,466866,469909.0,466866.0,469909.0,466866.0,469909.0
YNL084C,END3,14,gene,470053,471102,-,Verified,1049,False,471157.0,471457.0,470657.0,471157.0,469977,471157.0,471157.0,469977.0,471157.0,469977.0
YNL083W,SAL1,14,gene,471377,472861,+,Verified,1484,False,471068.0,471368.0,471368.0,471868.0,471368,473179.0,471368.0,473179.0,471368.0,473179.0
YNL082W,PMS1,14,gene,473391,476012,+,Verified,2621,False,473082.0,473382.0,473382.0,473882.0,473382,476096.0,473382.0,476096.0,473382.0,476096.0
YNL081C,SWS2,14,gene,476188,476619,-,Verified,431,False,476654.0,476954.0,476154.0,476654.0,476003,476654.0,476654.0,476003.0,476654.0,476003.0
YNL080C,EOS1,14,gene,476932,478032,-,Verified,1100,False,478235.0,478535.0,477735.0,478235.0,476827,478235.0,478235.0,476827.0,478235.0,476827.0
YNL079C,TPM1,14,gene,478566,479165,-,Verified,599,False,479206.0,479506.0,478706.0,479206.0,478389,479206.0,479206.0,478389.0,479206.0,478389.0
YNL078W,NIS1,14,gene,479768,480991,+,Verified,1223,False,479460.0,479760.0,479760.0,480260.0,479760,481082.0,479760.0,481082.0,479760.0,481082.0
YNL077W,APJ1,14,gene,481391,482977,+,Verified,1586,False,480944.0,481244.0,481244.0,481744.0,481244,483021.0,481244.0,483021.0,481244.0,483021.0
YNL076W,MKS1,14,gene,483556,485310,+,Verified,1754,False,482999.0,483299.0,483299.0,483799.0,483299,485379.0,483299.0,485379.0,483299.0,485379.0
YNL075W,IMP4,14,gene,485607,486479,+,Verified,872,False,485225.0,485525.0,485525.0,486025.0,485525,486553.0,485525.0,486553.0,485525.0,486553.0
YNL074C,MLF3,14,gene,486766,488124,-,Verified,1358,False,488187.0,488487.0,487687.0,488187.0,486610,488187.0,488187.0,486610.0,488187.0,486610.0
YNL073W,MSK1,14,gene,488386,490116,+,Verified,1730,False,488070.0,488370.0,488370.0,488870.0,488370,490202.0,488370.0,490202.0,488370.0,490202.0
YNL072W,RNH201,14,gene,490317,491240,+,Verified,923,False,489997.0,490297.0,490297.0,490797.0,490297,491312.0,490297.0,491312.0,490297.0,491312.0
YNL071W,LAT1,14,gene,491523,492971,+,Verified,1448,False,491193.0,491493.0,491493.0,491993.0,491493,493127.0,491493.0,493127.0,491493.0,493127.0
YNL070W,TOM7,14,gene,493366,493548,+,Verified,182,False,493014.0,493314.0,493314.0,493814.0,493314,493694.0,493314.0,493694.0,493314.0,493694.0
YNL069C,RPL16B,14,gene,493956,495001,-,Verified,1045,False,495017.0,495317.0,494517.0,495017.0,493801,495017.0,495017.0,493801.0,495017.0,493801.0
YNL068C,FKH2,14,gene,495701,498289,-,Verified,2588,False,498540.0,498840.0,498040.0,498540.0,495532,498540.0,498540.0,495532.0,498540.0,495532.0
YNL067W-B,YNL067W-B,14,gene,499417,499557,+,Uncharacterized,140,,499117.0,499417.0,499417.0,499917.0,499417,499557.0,,,499417.0,499557.0
YNL067W,RPL9B,14,gene,499681,500256,+,Verified,575,False,499325.0,499625.0,499625.0,500125.0,499625,500487.0,499625.0,500487.0,499625.0,500487.0
YNL066W,SUN4,14,gene,501157,502777,+,Verified,1620,False,500663.0,500963.0,500963.0,501463.0,500963,502974.0,500963.0,502974.0,500963.0,502974.0
YNL065W,AQR1,14,gene,503724,505484,+,Verified,1760,False,503332.0,503632.0,503632.0,504132.0,503632,505592.0,503632.0,505592.0,503632.0,505592.0
YNL064C,YDJ1,14,gene,505868,507097,-,Verified,1229,False,507291.0,507591.0,506791.0,507291.0,505747,507291.0,507291.0,505747.0,507291.0,505747.0
YNL063W,MTQ1,14,gene,507758,508702,+,Verified,944,False,507303.0,507603.0,507603.0,508103.0,507603,508778.0,507603.0,508778.0,507603.0,508778.0
YNL062C,GCD10,14,gene,508776,510212,-,Verified,1436,False,510256.0,510556.0,509756.0,510256.0,508676,510256.0,510256.0,508676.0,510256.0,508676.0
YNL061W,NOP2,14,gene,510540,512396,+,Verified,1856,False,510198.0,510498.0,510498.0,510998.0,510498,512546.0,510498.0,512546.0,510498.0,512546.0
YNL059C,ARP5,14,gene,512668,514935,-,Verified,2267,False,514962.0,515262.0,514462.0,514962.0,512572,514962.0,514962.0,512572.0,514962.0,512572.0
YNL058C,YNL058C,14,gene,515763,516713,-,Uncharacterized,950,False,516781.0,517081.0,516281.0,516781.0,515661,516781.0,516781.0,515661.0,516781.0,515661.0
YNL056W,OCA2,14,gene,517249,517842,+,Verified,593,False,516907.0,517207.0,517207.0,517707.0,517207,518022.0,517207.0,518022.0,517207.0,518022.0
YNL055C,POR1,14,gene,517994,518845,-,Verified,851,False,518885.0,519185.0,518385.0,518885.0,517862,518885.0,518885.0,517862.0,518885.0,517862.0
YNL054W,VAC7,14,gene,526086,529583,+,Verified,3497,False,525731.0,526031.0,526031.0,526531.0,526031,529855.0,526031.0,529855.0,526031.0,529855.0
YNL053W,MSG5,14,gene,529942,531411,+,Verified,1469,False,529533.0,529833.0,529833.0,530333.0,529833,531532.0,529833.0,531532.0,529833.0,531532.0
YNL052W,COX5A,14,gene,531725,532186,+,Verified,461,False,531392.0,531692.0,531692.0,532192.0,531692,532444.0,531692.0,532444.0,531692.0,532444.0
YNL051W,COG5,14,gene,532659,533870,+,Verified,1211,False,532368.0,532668.0,532668.0,533168.0,532668,533912.0,532668.0,533912.0,532668.0,533912.0
YNL050C,YNL050C,14,gene,534079,534982,-,Uncharacterized,903,False,535017.0,535317.0,534517.0,535017.0,534012,535017.0,535017.0,534012.0,535017.0,534012.0
YNL049C,SFB2,14,gene,535281,537911,-,Verified,2630,False,537936.0,538236.0,537436.0,537936.0,535180,537936.0,537936.0,535180.0,537936.0,535180.0
YNL048W,ALG11,14,gene,538173,539819,+,Verified,1646,False,537847.0,538147.0,538147.0,538647.0,538147,539920.0,538147.0,539920.0,538147.0,539920.0
YNL047C,SLM2,14,gene,539911,541881,-,Verified,1970,False,541911.0,542211.0,541411.0,541911.0,539829,541911.0,541911.0,539829.0,541911.0,539829.0
YNL046W,YNL046W,14,gene,542304,542822,+,Uncharacterized,518,False,542028.0,542328.0,542328.0,542828.0,542328,542977.0,542328.0,542977.0,542328.0,542977.0
YNL045W,LAP2,14,gene,542963,544978,+,Verified,2015,False,542685.0,542985.0,542985.0,543485.0,542985,545046.0,542985.0,545046.0,542985.0,545046.0
YNL044W,YIP3,14,gene,545268,545877,+,Verified,609,False,544898.0,545198.0,545198.0,545698.0,545198,546046.0,545198.0,546046.0,545198.0,546046.0
YNL042W-B,YNL042W-B,14,gene,547113,547370,+,Uncharacterized,257,False,546784.0,547084.0,547084.0,547584.0,547084,547370.0,547084.0,,547084.0,547370.0
YNL042W,BOP3,14,gene,548100,549290,+,Verified,1190,False,547595.0,547895.0,547895.0,548395.0,547895,549385.0,547895.0,549385.0,547895.0,549385.0
YNL041C,COG6,14,gene,549468,551987,-,Verified,2519,False,552029.0,552329.0,551529.0,552029.0,549290,552029.0,552029.0,549290.0,552029.0,549290.0
YNL040W,YNL040W,14,gene,553380,554750,+,Uncharacterized,1370,False,553081.0,553381.0,553381.0,553881.0,553381,554888.0,553381.0,554888.0,553381.0,554888.0
YNL039W,BDP1,14,gene,555048,556832,+,Verified,1784,False,554702.0,555002.0,555002.0,555502.0,555002,556886.0,555002.0,556886.0,555002.0,556886.0
YNL038W,GPI15,14,gene,557020,557783,+,Verified,763,False,556709.0,557009.0,557009.0,557509.0,557009,557897.0,557009.0,557897.0,557009.0,557897.0
YNL037C,IDH1,14,gene,557920,559002,-,Verified,1082,False,559108.0,559408.0,558608.0,559108.0,557795,559108.0,559108.0,557795.0,559108.0,557795.0
YNL036W,NCE103,14,gene,559814,560479,+,Verified,665,False,559464.0,559764.0,559764.0,560264.0,559764,560612.0,559764.0,560612.0,559764.0,560612.0
YNL035C,YNL035C,14,gene,568522,569691,-,Uncharacterized,1169,False,569759.0,570059.0,569259.0,569759.0,568315,569759.0,569759.0,568315.0,569759.0,568315.0
YNL034W,YNL034W,14,gene,570477,572315,+,Uncharacterized,1838,,570177.0,570477.0,570477.0,570977.0,570477,572315.0,,,570477.0,572315.0
YNL033W,YNL033W,14,gene,572999,573853,+,Uncharacterized,854,,572699.0,572999.0,572999.0,573499.0,572999,573853.0,,,572999.0,573853.0
YNL032W,SIW14,14,gene,574506,575351,+,Verified,845,False,574067.0,574367.0,574367.0,574867.0,574367,575414.0,574367.0,575414.0,574367.0,575414.0
YNL031C,HHT2,14,gene,575640,576050,-,Verified,410,False,576067.0,576367.0,575567.0,576067.0,575391,576067.0,576067.0,575391.0,576067.0,575391.0
YNL030W,HHF2,14,gene,576727,577038,+,Verified,311,False,576398.0,576698.0,576698.0,577198.0,576698,577215.0,576698.0,577215.0,576698.0,577215.0
YNL029C,KTR5,14,gene,577205,578773,-,Verified,1568,False,578819.0,579119.0,578319.0,578819.0,577096,578819.0,578819.0,577096.0,578819.0,577096.0
YNL027W,CRZ1,14,gene,579580,581616,+,Verified,2036,False,579172.0,579472.0,579472.0,579972.0,579472,581731.0,579472.0,581731.0,579472.0,581731.0
YNL026W,SAM50,14,gene,581920,583374,+,Verified,1454,False,581588.0,581888.0,581888.0,582388.0,581888,583658.0,581888.0,583658.0,581888.0,583658.0
YNL025C,SSN8,14,gene,584320,585291,-,Verified,971,False,585292.0,585592.0,584792.0,585292.0,584076,585292.0,585292.0,584076.0,585292.0,584076.0
YNL024C-A,KSH1,14,gene,586602,586820,-,Verified,218,False,586875.0,587175.0,586375.0,586875.0,586336,586875.0,586875.0,586336.0,586875.0,586336.0
YNL024C,YNL024C,14,gene,587107,587847,-,Uncharacterized,740,False,587877.0,588177.0,587377.0,587877.0,586998,587877.0,587877.0,586998.0,587877.0,586998.0
YNL023C,FAP1,14,gene,588263,591160,-,Verified,2897,False,591223.0,591523.0,590723.0,591223.0,588059,591223.0,591223.0,588059.0,591223.0,588059.0
YNL022C,YNL022C,14,gene,591427,592899,-,Uncharacterized,1472,False,592925.0,593225.0,592425.0,592925.0,591268,592925.0,592925.0,591268.0,592925.0,591268.0
YNL021W,HDA1,14,gene,593227,595347,+,Verified,2120,False,592880.0,593180.0,593180.0,593680.0,593180,595579.0,593180.0,595579.0,593180.0,595579.0
YNL020C,ARK1,14,gene,595623,597539,-,Verified,1916,False,597668.0,597968.0,597168.0,597668.0,595490,597668.0,597668.0,595490.0,597668.0,595490.0
YNL019C,YNL019C,14,gene,598376,599230,-,Uncharacterized,854,False,599420.0,599720.0,598920.0,599420.0,598376,599420.0,599420.0,,599420.0,598376.0
YNL018C,YNL018C,14,gene,599936,601774,-,Uncharacterized,1838,,601774.0,602074.0,601274.0,601774.0,599936,601774.0,,,601774.0,599936.0
YNL016W,PUB1,14,gene,602907,604268,+,Verified,1361,False,602504.0,602804.0,602804.0,603304.0,602804,604574.0,602804.0,604574.0,602804.0,604574.0
YNL015W,PBI2,14,gene,605384,605611,+,Verified,227,False,605050.0,605350.0,605350.0,605850.0,605350,605804.0,605350.0,605804.0,605350.0,605804.0
YNL014W,HEF3,14,gene,606319,609453,+,Verified,3134,,606019.0,606319.0,606319.0,606819.0,606319,609453.0,,,606319.0,609453.0
YNL012W,SPO1,14,gene,609686,611665,+,Verified,1979,,609386.0,609686.0,609686.0,610186.0,609686,611665.0,,,609686.0,611665.0
YNL011C,YNL011C,14,gene,611836,613170,-,Uncharacterized,1334,False,613191.0,613491.0,612691.0,613191.0,611756,613191.0,613191.0,611756.0,613191.0,611756.0
YNL010W,YNL010W,14,gene,613635,614360,+,Uncharacterized,725,False,613297.0,613597.0,613597.0,614097.0,613597,614464.0,613597.0,614464.0,613597.0,614464.0
YNL009W,IDP3,14,gene,614821,616083,+,Verified,1262,,614521.0,614821.0,614821.0,615321.0,614821,616083.0,,,614821.0,616083.0
YNL008C,ASI3,14,gene,616211,618241,-,Verified,2030,False,618247.0,618547.0,617747.0,618247.0,616167,618247.0,618247.0,616167.0,618247.0,616167.0
YNL007C,SIS1,14,gene,618507,619565,-,Verified,1058,False,619693.0,619993.0,619193.0,619693.0,618427,619693.0,619693.0,618427.0,619693.0,618427.0
YNL006W,LST8,14,gene,620067,620978,+,Verified,911,False,619717.0,620017.0,620017.0,620517.0,620017,621167.0,620017.0,621167.0,620017.0,621167.0
YNL005C,MRP7,14,gene,621313,622428,-,Verified,1115,False,622474.0,622774.0,621974.0,622474.0,621164,622474.0,622474.0,621164.0,622474.0,621164.0
YNL004W,HRB1,14,gene,622915,624621,+,Verified,1706,False,622580.0,622880.0,622880.0,623380.0,622880,624760.0,622880.0,624760.0,622880.0,624760.0
YNL003C,PET8,14,gene,624975,625829,-,Verified,854,False,625862.0,626162.0,625362.0,625862.0,624812,625862.0,625862.0,624812.0,625862.0,624812.0
YNL002C,RLP7,14,gene,626174,627142,-,Verified,968,False,627178.0,627478.0,626678.0,627178.0,626108,627178.0,627178.0,626108.0,627178.0,626108.0
YNL001W,DOM34,14,gene,627456,628616,+,Verified,1160,False,627094.0,627394.0,627394.0,627894.0,627394,628689.0,627394.0,628689.0,627394.0,628689.0
YNR001C,CIT1,14,gene,629622,631061,-,Verified,1439,False,631213.0,631513.0,630713.0,631213.0,629503,631213.0,631213.0,629503.0,631213.0,629503.0
YNR002C,ATO2,14,gene,633008,633856,-,Verified,848,,633856.0,634156.0,633356.0,633856.0,633008,633856.0,,,633856.0,633008.0
YNR003C,RPC34,14,gene,634344,635297,-,Verified,953,False,635318.0,635618.0,634818.0,635318.0,634246,635318.0,635318.0,634246.0,635318.0,634246.0
YNR004W,SWM2,14,gene,635943,636383,+,Uncharacterized,440,False,635618.0,635918.0,635918.0,636418.0,635918,636538.0,635918.0,636538.0,635918.0,636538.0
YNR006W,VPS27,14,gene,636986,638854,+,Verified,1868,False,636666.0,636966.0,636966.0,637466.0,636966,638964.0,636966.0,638964.0,636966.0,638964.0
YNR007C,ATG3,14,gene,639182,640114,-,Verified,932,False,640231.0,640531.0,639731.0,640231.0,638880,640231.0,640231.0,638880.0,640231.0,638880.0
YNR008W,LRO1,14,gene,640396,642381,+,Verified,1985,False,640012.0,640312.0,640312.0,640812.0,640312,642627.0,640312.0,642627.0,640312.0,642627.0
YNR009W,NRM1,14,gene,642690,643439,+,Verified,749,False,642337.0,642637.0,642637.0,643137.0,642637,643596.0,642637.0,643596.0,642637.0,643596.0
YNR010W,CSE2,14,gene,643744,644193,+,Verified,449,False,643427.0,643727.0,643727.0,644227.0,643727,644272.0,643727.0,644272.0,643727.0,644272.0
YNR011C,PRP2,14,gene,644320,646950,-,Verified,2630,False,646969.0,647269.0,646469.0,646969.0,644150,646969.0,646969.0,644150.0,646969.0,644150.0
YNR012W,URK1,14,gene,647432,648937,+,Verified,1505,False,647033.0,647333.0,647333.0,647833.0,647333,649030.0,647333.0,649030.0,647333.0,649030.0
YNR013C,PHO91,14,gene,649028,651712,-,Verified,2684,False,651744.0,652044.0,651244.0,651744.0,648927,651744.0,651744.0,648927.0,651744.0,648927.0
YNR014W,YNR014W,14,gene,652465,653103,+,Uncharacterized,638,False,651896.0,652196.0,652196.0,652696.0,652196,653256.0,652196.0,653256.0,652196.0,653256.0
YNR015W,SMM1,14,gene,653387,654541,+,Verified,1154,False,653077.0,653377.0,653377.0,653877.0,653377,654632.0,653377.0,654632.0,653377.0,654632.0
YNR016C,ACC1,14,gene,654673,661374,-,Verified,6701,False,661909.0,662209.0,661409.0,661909.0,654569,661909.0,661909.0,654569.0,661909.0,654569.0
YNR017W,TIM23,14,gene,662913,663581,+,Verified,668,False,662447.0,662747.0,662747.0,663247.0,662747,663720.0,662747.0,663720.0,662747.0,663720.0
YNR018W,AIM38,14,gene,664270,664944,+,Verified,674,False,663935.0,664235.0,664235.0,664735.0,664235,665071.0,664235.0,665071.0,664235.0,665071.0
YNR019W,ARE2,14,gene,665339,667267,+,Verified,1928,False,664998.0,665298.0,665298.0,665798.0,665298,667329.0,665298.0,667329.0,665298.0,667329.0
YNR020C,ATP23,14,gene,667410,668222,-,Verified,812,False,668138.0,668438.0,667638.0,668138.0,667352,668138.0,668138.0,667352.0,668138.0,667352.0
YNR021W,YNR021W,14,gene,668377,669591,+,Uncharacterized,1214,False,668051.0,668351.0,668351.0,668851.0,668351,669776.0,668351.0,669776.0,668351.0,669776.0
YNR022C,MRPL50,14,gene,669774,670193,-,Verified,419,False,670219.0,670519.0,669719.0,670219.0,669662,670219.0,670219.0,669662.0,670219.0,669662.0
YNR023W,SNF12,14,gene,670418,672118,+,Verified,1700,False,670074.0,670374.0,670374.0,670874.0,670374,672242.0,670374.0,672242.0,670374.0,672242.0
YNR024W,MPP6,14,gene,672409,672969,+,Verified,560,False,672094.0,672394.0,672394.0,672894.0,672394,673091.0,672394.0,673091.0,672394.0,673091.0
YNR026C,SEC12,14,gene,673274,674689,-,Verified,1415,False,674749.0,675049.0,674249.0,674749.0,672941,674749.0,674749.0,672941.0,674749.0,672941.0
YNR027W,BUD17,14,gene,674923,675876,+,Verified,953,False,674578.0,674878.0,674878.0,675378.0,674878,676130.0,674878.0,676130.0,674878.0,676130.0
YNR028W,CPR8,14,gene,676177,677103,+,Verified,926,False,675811.0,676111.0,676111.0,676611.0,676111,677194.0,676111.0,677194.0,676111.0,677194.0
YNR029C,YNR029C,14,gene,677199,678488,-,Uncharacterized,1289,False,678500.0,678800.0,678000.0,678500.0,677065,678500.0,678500.0,677065.0,678500.0,677065.0
YNR030W,ALG12,14,gene,678799,680454,+,Verified,1655,False,678439.0,678739.0,678739.0,679239.0,678739,680585.0,678739.0,680585.0,678739.0,680585.0
YNR031C,SSK2,14,gene,680694,685433,-,Verified,4739,False,685723.0,686023.0,685223.0,685723.0,680594,685723.0,685723.0,680594.0,685723.0,680594.0
YNR032W,PPG1,14,gene,686010,687116,+,Verified,1106,False,685592.0,685892.0,685892.0,686392.0,685892,687219.0,685892.0,687219.0,685892.0,687219.0
YNR032C-A,HUB1,14,gene,687243,687464,-,Verified,221,False,687469.0,687769.0,686969.0,687469.0,687142,687469.0,687469.0,687142.0,687469.0,687142.0
YNR033W,ABZ1,14,gene,687635,689998,+,Verified,2363,False,687330.0,687630.0,687630.0,688130.0,687630,690070.0,687630.0,690070.0,687630.0,690070.0
YNR034W,SOL1,14,gene,690321,691286,+,Verified,965,False,689910.0,690210.0,690210.0,690710.0,690210,691553.0,690210.0,691553.0,690210.0,691553.0
YNR034W-A,YNR034W-A,14,gene,692561,692857,+,Uncharacterized,296,False,692067.0,692367.0,692367.0,692867.0,692367,692978.0,692367.0,692978.0,692367.0,692978.0
YNR035C,ARC35,14,gene,693019,694047,-,Verified,1028,False,694081.0,694381.0,693581.0,694081.0,692952,694081.0,694081.0,692952.0,694081.0,692952.0
YNR036C,MRPS12,14,gene,694361,694822,-,Verified,461,False,694833.0,695133.0,694333.0,694833.0,694199,694833.0,694833.0,694199.0,694833.0,694199.0
YNR037C,RSM19,14,gene,695052,695327,-,Verified,275,False,695364.0,695664.0,694864.0,695364.0,694942,695364.0,695364.0,694942.0,695364.0,694942.0
YNR038W,DBP6,14,gene,695595,697484,+,Verified,1889,False,695282.0,695582.0,695582.0,696082.0,695582,697627.0,695582.0,697627.0,695582.0,697627.0
YNR039C,ZRG17,14,gene,697614,699431,-,Verified,1817,False,699475.0,699775.0,698975.0,699475.0,697558,699475.0,699475.0,697558.0,699475.0,697558.0
YNR040W,YNR040W,14,gene,699690,700460,+,Uncharacterized,770,False,699391.0,699691.0,699691.0,700191.0,699691,700516.0,699691.0,700516.0,699691.0,700516.0
YNR041C,COQ2,14,gene,700541,701659,-,Verified,1118,False,701688.0,701988.0,701188.0,701688.0,700494,701688.0,701688.0,700494.0,701688.0,700494.0
YNR043W,MVD1,14,gene,701895,703085,+,Verified,1190,False,701576.0,701876.0,701876.0,702376.0,701876,703209.0,701876.0,703209.0,701876.0,703209.0
YNR044W,AGA1,14,gene,703699,705876,+,Verified,2177,,703399.0,703699.0,703699.0,704199.0,703699,705876.0,,,703699.0,705876.0
YNR045W,PET494,14,gene,706139,707608,+,Verified,1469,False,705815.0,706115.0,706115.0,706615.0,706115,707658.0,706115.0,707658.0,706115.0,707658.0
YNR046W,TRM112,14,gene,707788,708195,+,Verified,407,False,707440.0,707740.0,707740.0,708240.0,707740,708338.0,707740.0,708338.0,707740.0,708338.0
YNR047W,FPK1,14,gene,708523,711204,+,Verified,2681,False,708158.0,708458.0,708458.0,708958.0,708458,711433.0,708458.0,711433.0,708458.0,711433.0
YNR048W,YNR048W,14,gene,711630,712811,+,Verified,1181,False,711272.0,711572.0,711572.0,712072.0,711572,713000.0,711572.0,713000.0,711572.0,713000.0
YNR049C,MSO1,14,gene,713023,713655,-,Verified,632,False,713686.0,713986.0,713186.0,713686.0,712929,713686.0,713686.0,712929.0,713686.0,712929.0
YNR050C,LYS9,14,gene,714048,715388,-,Verified,1340,False,715428.0,715728.0,714928.0,715428.0,713977,715428.0,715428.0,713977.0,715428.0,713977.0
YNR051C,BRE5,14,gene,716780,718327,-,Verified,1547,False,719048.0,719348.0,718548.0,719048.0,716399,719048.0,719048.0,716399.0,719048.0,716399.0
YNR052C,POP2,14,gene,719346,720647,-,Verified,1301,False,720721.0,721021.0,720221.0,720721.0,719296,720721.0,720721.0,719296.0,720721.0,719296.0
YNR053C,NOG2,14,gene,721120,723112,-,Verified,1992,False,723167.0,723467.0,722667.0,723167.0,720935,723167.0,723167.0,720935.0,723167.0,720935.0
YNR054C,ESF2,14,gene,723356,724306,-,Verified,950,False,724342.0,724642.0,723842.0,724342.0,723302,724342.0,724342.0,723302.0,724342.0,723302.0
YNR055C,HOL1,14,gene,728426,730186,-,Verified,1760,False,730644.0,730944.0,730144.0,730644.0,728211,730644.0,730644.0,728211.0,730644.0,728211.0
YNR056C,BIO5,14,gene,731618,733303,-,Verified,1685,,733303.0,733603.0,732803.0,733303.0,731618,733303.0,,,733303.0,731618.0
YNR057C,BIO4,14,gene,733356,734069,-,Verified,713,False,733832.0,734132.0,733332.0,733832.0,733249,733832.0,733832.0,733249.0,733832.0,733249.0
YNR058W,BIO3,14,gene,734291,735733,+,Verified,1442,False,733912.0,734212.0,734212.0,734712.0,734212,735848.0,734212.0,735848.0,734212.0,735848.0
YNR059W,MNT4,14,gene,736803,738545,+,Verified,1742,False,736403.0,736703.0,736703.0,737203.0,736703,738597.0,736703.0,738597.0,736703.0,738597.0
YNR060W,FRE4,14,gene,739951,742110,+,Verified,2159,False,739628.0,739928.0,739928.0,740428.0,739928,742398.0,739928.0,742398.0,739928.0,742398.0
YNR061C,YNR061C,14,gene,742881,743540,-,Uncharacterized,659,False,743627.0,743927.0,743127.0,743627.0,742563,743627.0,743627.0,742563.0,743627.0,742563.0
YNR062C,YNR062C,14,gene,744360,745343,-,Uncharacterized,983,False,744977.0,745277.0,744477.0,744977.0,744127,744977.0,744977.0,744127.0,744977.0,744127.0
YNR063W,YNR063W,14,gene,746943,748766,+,Uncharacterized,1823,False,746569.0,746869.0,746869.0,747369.0,746869,748766.0,746869.0,,746869.0,748766.0
YNR064C,YNR064C,14,gene,749136,750008,-,Verified,872,,750008.0,750308.0,749508.0,750008.0,749136,750008.0,,,750008.0,749136.0
YNR065C,YNR065C,14,gene,750350,753700,-,Uncharacterized,3350,,753700.0,754000.0,753200.0,753700.0,750350,753700.0,,,753700.0,750350.0
YNR066C,YNR066C,14,gene,753725,755035,-,Uncharacterized,1310,False,754983.0,755283.0,754483.0,754983.0,753725,754983.0,754983.0,,754983.0,753725.0
YNR067C,DSE4,14,gene,755746,759099,-,Verified,3353,False,759141.0,759441.0,758641.0,759141.0,755671,759141.0,759141.0,755671.0,759141.0,755671.0
YNR068C,YNR068C,14,gene,760067,760885,-,Uncharacterized,818,False,761053.0,761353.0,760553.0,761053.0,759829,761053.0,761053.0,759829.0,761053.0,759829.0
YNR069C,BSC5,14,gene,761123,762592,-,Verified,1469,False,762834.0,763134.0,762334.0,762834.0,761123,762834.0,762834.0,,762834.0,761123.0
YNR070W,PDR18,14,gene,765375,769376,+,Uncharacterized,4001,False,764163.0,764463.0,764463.0,764963.0,764463,769376.0,764463.0,,764463.0,769376.0
YNR071C,YNR071C,14,gene,770440,771468,-,Uncharacterized,1028,,771468.0,771768.0,770968.0,771468.0,770440,771468.0,,,771468.0,770440.0
YNR072W,HXT17,14,gene,772657,774351,+,Verified,1694,,772357.0,772657.0,772657.0,773157.0,772657,774351.0,,,772657.0,774351.0
YNR073C,YNR073C,14,gene,774792,776300,-,Uncharacterized,1508,False,776286.0,776586.0,775786.0,776286.0,774671,776286.0,776286.0,774671.0,776286.0,774671.0
YNR074C,AIF1,14,gene,777602,778738,-,Verified,1136,False,778877.0,779177.0,778377.0,778877.0,777385,778877.0,778877.0,777385.0,778877.0,777385.0
YNR075W,COS10,14,gene,779916,781040,+,Verified,1124,False,779608.0,779908.0,779908.0,780408.0,779908,781040.0,779908.0,,779908.0,781040.0
YNR075C-A,YNR075C-A,14,gene,781511,781603,-,Uncharacterized,92,,781603.0,781903.0,781103.0,781603.0,781511,781603.0,,,781603.0,781511.0
YNR076W,PAU6,14,gene,781918,782280,+,Verified,362,,781618.0,781918.0,781918.0,782418.0,781918,782280.0,,,781918.0,782280.0
YOL166W-A,YOL166W-A,15,gene,585,740,+,Uncharacterized,155,,285.0,585.0,585.0,1085.0,585,740.0,,,585.0,740.0
YOL165C,AAD15,15,gene,1647,2078,-,Verified,431,,2078.0,2378.0,1578.0,2078.0,1647,2078.0,,,2078.0,1647.0
YOL164W-A,YOL164W-A,15,gene,4130,4312,+,Uncharacterized,182,,3830.0,4130.0,4130.0,4630.0,4130,4312.0,,,4130.0,4312.0
YOL164W,BDS1,15,gene,6175,8115,+,Verified,1940,True,5700.0,6000.0,6000.0,6500.0,6000,8309.0,6000.0,8309.0,6000.0,8309.0
YOL163W,YOL163W,15,gene,9597,10106,+,Uncharacterized,509,False,8995.0,9295.0,9295.0,9795.0,9295,10106.0,9295.0,,9295.0,10106.0
YOL162W,YOL162W,15,gene,10119,10766,+,Uncharacterized,647,,9819.0,10119.0,10119.0,10619.0,10119,10766.0,,,10119.0,10766.0
YOL161C,PAU20,15,gene,11549,11911,-,Verified,362,,11911.0,12211.0,11411.0,11911.0,11549,11911.0,,,11911.0,11549.0
YOL159C-A,YOL159C-A,15,gene,15233,15505,-,Uncharacterized,272,False,15533.0,15833.0,15033.0,15533.0,15146,15533.0,15533.0,15146.0,15533.0,15146.0
YOL159C,YOL159C,15,gene,17281,17796,-,Verified,515,False,17829.0,18129.0,17329.0,17829.0,17253,17829.0,17829.0,17253.0,17829.0,17253.0
YOL158C,ENB1,15,gene,19491,21311,-,Verified,1820,False,21334.0,21634.0,20834.0,21334.0,19360,21334.0,21334.0,19360.0,21334.0,19360.0
YOL157C,IMA2,15,gene,22525,24294,-,Verified,1769,False,24337.0,24637.0,23837.0,24337.0,22376,24337.0,24337.0,22376.0,24337.0,22376.0
YOL156W,HXT11,15,gene,25273,26976,+,Verified,1703,False,25300.0,25600.0,25600.0,26100.0,25600,27102.0,25600.0,27102.0,25600.0,27102.0
YOL155W-A,YOL155W-A,15,gene,27084,27218,+,Uncharacterized,134,,26784.0,27084.0,27084.0,27584.0,27084,27218.0,,,27084.0,27218.0
YOL155C,HPF1,15,gene,28703,31606,-,Verified,2903,False,31661.0,31961.0,31161.0,31661.0,28599,31661.0,31661.0,28599.0,31661.0,28599.0
YOL154W,ZPS1,15,gene,34658,35407,+,Verified,749,False,34084.0,34384.0,34384.0,34884.0,34384,35407.0,34384.0,,34384.0,35407.0
YOL152W,FRE7,15,gene,40748,42610,+,Verified,1862,False,40436.0,40736.0,40736.0,41236.0,40736,42734.0,40736.0,42734.0,40736.0,42734.0
YOL151W,GRE2,15,gene,43694,44722,+,Verified,1028,False,43378.0,43678.0,43678.0,44178.0,43678,44790.0,43678.0,44790.0,43678.0,44790.0
YOL149W,DCP1,15,gene,44938,45633,+,Verified,695,False,44620.0,44920.0,44920.0,45420.0,44920,45753.0,44920.0,45753.0,44920.0,45753.0
YOL148C,SPT20,15,gene,45760,47574,-,Verified,1814,False,47635.0,47935.0,47135.0,47635.0,45671,47635.0,47635.0,45671.0,47635.0,45671.0
YOL147C,PEX11,15,gene,47933,48643,-,Verified,710,False,48666.0,48966.0,48166.0,48666.0,47758,48666.0,48666.0,47758.0,48666.0,47758.0
YOL146W,PSF3,15,gene,48864,49448,+,Verified,584,False,48552.0,48852.0,48852.0,49352.0,48852,49540.0,48852.0,49540.0,48852.0,49540.0
YOL145C,CTR9,15,gene,49555,52788,-,Verified,3233,False,52867.0,53167.0,52367.0,52867.0,49441,52867.0,52867.0,49441.0,52867.0,49441.0
YOL144W,NOP8,15,gene,53098,54552,+,Verified,1454,False,52742.0,53042.0,53042.0,53542.0,53042,54619.0,53042.0,54619.0,53042.0,54619.0
YOL143C,RIB4,15,gene,54595,55104,-,Verified,509,False,55145.0,55445.0,54645.0,55145.0,54523,55145.0,55145.0,54523.0,55145.0,54523.0
YOL142W,RRP40,15,gene,55558,56280,+,Verified,722,False,55238.0,55538.0,55538.0,56038.0,55538,56344.0,55538.0,56344.0,55538.0,56344.0
YOL141W,PPM2,15,gene,56452,58539,+,Verified,2087,False,56137.0,56437.0,56437.0,56937.0,56437,58539.0,56437.0,,56437.0,58539.0
YOL140W,ARG8,15,gene,58759,60030,+,Verified,1271,,58459.0,58759.0,58759.0,59259.0,58759,60030.0,,,58759.0,60030.0
YOL139C,CDC33,15,gene,60383,61024,-,Verified,641,False,61073.0,61373.0,60573.0,61073.0,60269,61073.0,61073.0,60269.0,61073.0,60269.0
YOL138C,RTC1,15,gene,61325,65350,-,Verified,4025,False,65390.0,65690.0,64890.0,65390.0,61282,65390.0,65390.0,61282.0,65390.0,61282.0
YOL137W,BSC6,15,gene,65621,67114,+,Verified,1493,False,65266.0,65566.0,65566.0,66066.0,65566,67325.0,65566.0,67325.0,65566.0,67325.0
YOL136C,PFK27,15,gene,67561,68754,-,Verified,1193,False,68977.0,69277.0,68477.0,68977.0,67228,68977.0,68977.0,67228.0,68977.0,67228.0
YOL135C,MED7,15,gene,69376,70044,-,Verified,668,False,70056.0,70356.0,69556.0,70056.0,69318,70056.0,70056.0,69318.0,70056.0,69318.0
YOL133W,HRT1,15,gene,70325,70690,+,Verified,365,False,69992.0,70292.0,70292.0,70792.0,70292,70977.0,70292.0,70977.0,70292.0,70977.0
YOL132W,GAS4,15,gene,71300,72715,+,Verified,1415,,71000.0,71300.0,71300.0,71800.0,71300,72715.0,,,71300.0,72715.0
YOL131W,YOL131W,15,gene,73031,73357,+,Uncharacterized,326,,72731.0,73031.0,73031.0,73531.0,73031,73357.0,,,73031.0,73357.0
YOL130W,ALR1,15,gene,74400,76979,+,Verified,2579,False,73826.0,74126.0,74126.0,74626.0,74126,77344.0,74126.0,77344.0,74126.0,77344.0
YOL129W,VPS68,15,gene,77560,78114,+,Verified,554,False,77241.0,77541.0,77541.0,78041.0,77541,78262.0,77541.0,78262.0,77541.0,78262.0
YOL128C,YGK3,15,gene,78352,79479,-,Verified,1127,False,79465.0,79765.0,78965.0,79465.0,78200,79465.0,79465.0,78200.0,79465.0,78200.0
YOL127W,RPL25,15,gene,80348,81190,+,Verified,842,False,80028.0,80328.0,80328.0,80828.0,80328,81270.0,80328.0,81270.0,80328.0,81270.0
YOL126C,MDH2,15,gene,81787,82920,-,Verified,1133,False,83008.0,83308.0,82508.0,83008.0,81549,83008.0,83008.0,81549.0,83008.0,81549.0
YOL125W,TRM13,15,gene,83834,85264,+,Verified,1430,False,83153.0,83453.0,83453.0,83953.0,83453,85291.0,83453.0,85291.0,83453.0,85291.0
YOL124C,TRM11,15,gene,85456,86757,-,Verified,1301,False,86790.0,87090.0,86290.0,86790.0,85304,86790.0,86790.0,85304.0,86790.0,85304.0
YOL123W,HRP1,15,gene,87844,89448,+,Verified,1604,False,87165.0,87465.0,87465.0,87965.0,87465,89588.0,87465.0,89588.0,87465.0,89588.0
YOL122C,SMF1,15,gene,89692,91419,-,Verified,1727,False,91460.0,91760.0,90960.0,91460.0,89514,91460.0,91460.0,89514.0,91460.0,89514.0
YOL121C,RPS19A,15,gene,92026,92850,-,Verified,824,False,92876.0,93176.0,92376.0,92876.0,91970,92876.0,92876.0,91970.0,92876.0,91970.0
YOL120C,RPL18A,15,gene,93395,94402,-,Verified,1007,False,94423.0,94723.0,93923.0,94423.0,93308,94423.0,94423.0,93308.0,94423.0,93308.0
YOL119C,MCH4,15,gene,94856,96361,-,Verified,1505,False,96374.0,96674.0,95874.0,96374.0,94710,96374.0,96374.0,94710.0,96374.0,94710.0
YOL117W,RRI2,15,gene,97551,99488,+,Verified,1937,,97251.0,97551.0,97551.0,98051.0,97551,99488.0,,,97551.0,99488.0
YOL116W,MSN1,15,gene,99809,100957,+,Verified,1148,False,99379.0,99679.0,99679.0,100179.0,99679,101190.0,99679.0,101190.0,99679.0,101190.0
YOL115W,PAP2,15,gene,101475,103229,+,Verified,1754,False,101106.0,101406.0,101406.0,101906.0,101406,103338.0,101406.0,103338.0,101406.0,103338.0
YOL114C,YOL114C,15,gene,103317,103925,-,Uncharacterized,608,False,103938.0,104238.0,103438.0,103938.0,103279,103938.0,103938.0,103279.0,103938.0,103279.0
YOL113W,SKM1,15,gene,104326,106293,+,Verified,1967,False,103848.0,104148.0,104148.0,104648.0,104148,106387.0,104148.0,106387.0,104148.0,106387.0
YOL112W,MSB4,15,gene,106710,108188,+,Verified,1478,False,106242.0,106542.0,106542.0,107042.0,106542,108286.0,106542.0,108286.0,106542.0,108286.0
YOL111C,MDY2,15,gene,108258,108896,-,Verified,638,False,108989.0,109289.0,108489.0,108989.0,108206,108989.0,108989.0,108206.0,108989.0,108206.0
YOL110W,SHR5,15,gene,109176,109889,+,Verified,713,False,108875.0,109175.0,109175.0,109675.0,109175,110040.0,109175.0,110040.0,109175.0,110040.0
YOL109W,ZEO1,15,gene,110297,110638,+,Verified,341,False,109942.0,110242.0,110242.0,110742.0,110242,110793.0,110242.0,110793.0,110242.0,110793.0
YOL108C,INO4,15,gene,111431,111886,-,Verified,455,False,111891.0,112191.0,111391.0,111891.0,111217,111891.0,111891.0,111217.0,111891.0,111217.0
YOL107W,YOL107W,15,gene,112102,113130,+,Uncharacterized,1028,False,111751.0,112051.0,112051.0,112551.0,112051,113194.0,112051.0,113194.0,112051.0,113194.0
YOL105C,WSC3,15,gene,114138,115808,-,Verified,1670,,115808.0,116108.0,115308.0,115808.0,114138,115808.0,,,115808.0,114138.0
YOL104C,NDJ1,15,gene,116396,117454,-,Verified,1058,,117454.0,117754.0,116954.0,117454.0,116396,117454.0,,,117454.0,116396.0
YOL103W,ITR2,15,gene,124001,125830,+,Verified,1829,False,123479.0,123779.0,123779.0,124279.0,123779,125966.0,123779.0,125966.0,123779.0,125966.0
YOL102C,TPT1,15,gene,125997,126689,-,Verified,692,False,126709.0,127009.0,126209.0,126709.0,125889,126709.0,126709.0,125889.0,126709.0,125889.0
YOL101C,IZH4,15,gene,126982,127920,-,Verified,938,False,127949.0,128249.0,127449.0,127949.0,126915,127949.0,127949.0,126915.0,127949.0,126915.0
YOL100W,PKH2,15,gene,129237,132482,+,Verified,3245,False,128723.0,129023.0,129023.0,129523.0,129023,132761.0,129023.0,132761.0,129023.0,132761.0
YOL098C,YOL098C,15,gene,132725,135838,-,Uncharacterized,3113,False,135917.0,136217.0,135417.0,135917.0,132435,135917.0,135917.0,132435.0,135917.0,132435.0
YOL097W-A,YOL097W-A,15,gene,136220,136405,+,Uncharacterized,185,False,135735.0,136035.0,136035.0,136535.0,136035,136644.0,136035.0,136644.0,136035.0,136644.0
YOL097C,WRS1,15,gene,136527,137825,-,Verified,1298,False,137851.0,138151.0,137351.0,137851.0,136441,137851.0,137851.0,136441.0,137851.0,136441.0
YOL096C,COQ3,15,gene,138107,139045,-,Verified,938,False,139075.0,139375.0,138575.0,139075.0,137974,139075.0,139075.0,137974.0,139075.0,137974.0
YOL095C,HMI1,15,gene,139227,141347,-,Verified,2120,False,141370.0,141670.0,140870.0,141370.0,139159,141370.0,141370.0,139159.0,141370.0,139159.0
YOL094C,RFC4,15,gene,141584,142555,-,Verified,971,False,142613.0,142913.0,142113.0,142613.0,141534,142613.0,142613.0,141534.0,142613.0,141534.0
YOL093W,TRM10,15,gene,142815,143696,+,Verified,881,False,142490.0,142790.0,142790.0,143290.0,142790,143821.0,142790.0,143821.0,142790.0,143821.0
YOL092W,YOL092W,15,gene,144204,145130,+,Uncharacterized,926,False,143880.0,144180.0,144180.0,144680.0,144180,145173.0,144180.0,145173.0,144180.0,145173.0
YOL091W,SPO21,15,gene,145334,147163,+,Verified,1829,,145034.0,145334.0,145334.0,145834.0,145334,147163.0,,,145334.0,147163.0
YOL090W,MSH2,15,gene,147382,150276,+,Verified,2894,False,147030.0,147330.0,147330.0,147830.0,147330,150373.0,147330.0,150373.0,147330.0,150373.0
YOL089C,HAL9,15,gene,150398,153490,-,Verified,3092,False,153553.0,153853.0,153053.0,153553.0,150233,153553.0,153553.0,150233.0,153553.0,150233.0
YOL088C,MPD2,15,gene,153912,154745,-,Verified,833,False,154779.0,155079.0,154279.0,154779.0,153752,154779.0,154779.0,153752.0,154779.0,153752.0
YOL087C,YOL087C,15,gene,155287,158637,-,Uncharacterized,3350,False,158958.0,159258.0,158458.0,158958.0,155027,158958.0,158958.0,155027.0,158958.0,155027.0
YOL086W-A,YOL086W-A,15,gene,159173,159445,+,Uncharacterized,272,False,158817.0,159117.0,159117.0,159617.0,159117,159540.0,159117.0,159540.0,159117.0,159540.0
YOL086C,ADH1,15,gene,159548,160594,-,Verified,1046,False,160633.0,160933.0,160133.0,160633.0,159460,160633.0,160633.0,159460.0,160633.0,159460.0
YOL084W,PHM7,15,gene,162356,165331,+,Verified,2975,False,161754.0,162054.0,162054.0,162554.0,162054,165331.0,162054.0,,162054.0,165331.0
YOL083W,ATG34,15,gene,165714,166952,+,Verified,1238,False,165286.0,165586.0,165586.0,166086.0,165586,167021.0,165586.0,167021.0,165586.0,167021.0
YOL082W,ATG19,15,gene,168727,169974,+,Verified,1247,False,168120.0,168420.0,168420.0,168920.0,168420,170081.0,168420.0,170081.0,168420.0,170081.0
YOL081W,IRA2,15,gene,171070,180309,+,Verified,9239,False,170619.0,170919.0,170919.0,171419.0,170919,180478.0,170919.0,180478.0,170919.0,180478.0
YOL080C,REX4,15,gene,180558,181427,-,Verified,869,False,181472.0,181772.0,180972.0,181472.0,180405,181472.0,181472.0,180405.0,181472.0,180405.0
YOL078W,AVO1,15,gene,181682,185212,+,Verified,3530,False,181361.0,181661.0,181661.0,182161.0,181661,185237.0,181661.0,185237.0,181661.0,185237.0
YOL077W-A,ATP19,15,gene,185438,185644,+,Verified,206,False,185105.0,185405.0,185405.0,185905.0,185405,185746.0,185405.0,185746.0,185405.0,185746.0
YOL077C,BRX1,15,gene,185848,186723,-,Verified,875,False,186732.0,187032.0,186232.0,186732.0,185739,186732.0,186732.0,185739.0,186732.0,185739.0
YOL076W,MDM20,15,gene,187024,189414,+,Verified,2390,False,186703.0,187003.0,187003.0,187503.0,187003,189532.0,187003.0,189532.0,187003.0,189532.0
YOL075C,YOL075C,15,gene,189658,193542,-,Uncharacterized,3884,False,193622.0,193922.0,193122.0,193622.0,189467,193622.0,193622.0,189467.0,193622.0,189467.0
YOL073C,YOL073C,15,gene,193832,194800,-,Uncharacterized,968,False,194837.0,195137.0,194337.0,194837.0,193785,194837.0,194837.0,193785.0,194837.0,193785.0
YOL072W,THP1,15,gene,194970,196337,+,Verified,1367,False,194649.0,194949.0,194949.0,195449.0,194949,196472.0,194949.0,196472.0,194949.0,196472.0
YOL071W,EMI5,15,gene,196507,196995,+,Verified,488,False,196225.0,196525.0,196525.0,197025.0,196525,197152.0,196525.0,197152.0,196525.0,197152.0
YOL070C,NBA1,15,gene,197220,198725,-,Verified,1505,False,198754.0,199054.0,198254.0,198754.0,196966,198754.0,198754.0,196966.0,198754.0,196966.0
YOL069W,NUF2,15,gene,198942,200297,+,Verified,1355,False,198626.0,198926.0,198926.0,199426.0,198926,200436.0,198926.0,200436.0,198926.0,200436.0
YOL068C,HST1,15,gene,200368,201879,-,Verified,1511,False,201819.0,202119.0,201319.0,201819.0,200155,201819.0,201819.0,200155.0,201819.0,200155.0
YOL067C,RTG1,15,gene,201985,202518,-,Verified,533,False,202542.0,202842.0,202042.0,202542.0,201985,202542.0,202542.0,,202542.0,201985.0
YOL066C,RIB2,15,gene,202696,204471,-,Verified,1775,False,204537.0,204837.0,204037.0,204537.0,202633,204537.0,204537.0,202633.0,204537.0,202633.0
YOL065C,INP54,15,gene,204731,205885,-,Verified,1154,False,205900.0,206200.0,205400.0,205900.0,204663,205900.0,205900.0,204663.0,205900.0,204663.0
YOL064C,MET22,15,gene,206103,207176,-,Verified,1073,False,207198.0,207498.0,206698.0,207198.0,206004,207198.0,207198.0,206004.0,207198.0,206004.0
YOL063C,CRT10,15,gene,207392,210265,-,Verified,2873,False,210331.0,210631.0,209831.0,210331.0,207343,210331.0,210331.0,207343.0,210331.0,207343.0
YOL062C,APM4,15,gene,210520,211995,-,Verified,1475,False,212006.0,212306.0,211506.0,212006.0,210443,212006.0,212006.0,210443.0,212006.0,210443.0
YOL061W,PRS5,15,gene,212244,213734,+,Verified,1490,False,211888.0,212188.0,212188.0,212688.0,212188,213823.0,212188.0,213823.0,212188.0,213823.0
YOL060C,MAM3,15,gene,214017,216137,-,Verified,2120,False,216207.0,216507.0,215707.0,216207.0,213743,216207.0,216207.0,213743.0,216207.0,213743.0
YOL059W,GPD2,15,gene,217126,218448,+,Verified,1322,False,216847.0,217147.0,217147.0,217647.0,217147,218696.0,217147.0,218696.0,217147.0,218696.0
YOL058W,ARG1,15,gene,219211,220473,+,Verified,1262,False,218840.0,219140.0,219140.0,219640.0,219140,220615.0,219140.0,220615.0,219140.0,220615.0
YOL057W,YOL057W,15,gene,220767,222902,+,Verified,2135,False,220420.0,220720.0,220720.0,221220.0,220720,223050.0,220720.0,223050.0,220720.0,223050.0
YOL056W,GPM3,15,gene,223268,224179,+,Verified,911,False,222906.0,223206.0,223206.0,223706.0,223206,224353.0,223206.0,224353.0,223206.0,224353.0
YOL055C,THI20,15,gene,224420,226075,-,Verified,1655,False,225647.0,225947.0,225147.0,225647.0,224348,225647.0,225647.0,224348.0,225647.0,224348.0
YOL054W,PSH1,15,gene,228614,229834,+,Verified,1220,False,228263.0,228563.0,228563.0,229063.0,228563,229914.0,228563.0,229914.0,228563.0,229914.0
YOL053W,AIM39,15,gene,230085,231272,+,Verified,1187,False,229846.0,230146.0,230146.0,230646.0,230146,231319.0,230146.0,231319.0,230146.0,231319.0
YOL052C-A,DDR2,15,gene,231570,231755,-,Verified,185,False,232049.0,232349.0,231549.0,232049.0,231293,232049.0,232049.0,231293.0,232049.0,231293.0
YOL052C,SPE2,15,gene,232446,233636,-,Verified,1190,False,233710.0,234010.0,233210.0,233710.0,232334,233710.0,233710.0,232334.0,233710.0,232334.0
YOL051W,GAL11,15,gene,234940,238185,+,Verified,3245,False,234451.0,234751.0,234751.0,235251.0,234751,238410.0,234751.0,238410.0,234751.0,238410.0
YOL049W,GSH2,15,gene,238619,240094,+,Verified,1475,False,238278.0,238578.0,238578.0,239078.0,238578,240218.0,238578.0,240218.0,238578.0,240218.0
YOL048C,RRT8,15,gene,240204,241310,-,Uncharacterized,1106,False,241390.0,241690.0,240890.0,241390.0,240074,241390.0,241390.0,240074.0,241390.0,240074.0
YOL047C,YOL047C,15,gene,241614,242747,-,Uncharacterized,1133,,242747.0,243047.0,242247.0,242747.0,241614,242747.0,,,242747.0,241614.0
YOL045W,PSK2,15,gene,243497,246802,+,Verified,3305,False,242733.0,243033.0,243033.0,243533.0,243033,246932.0,243033.0,246932.0,243033.0,246932.0
YOL044W,PEX15,15,gene,247150,248301,+,Verified,1151,False,246796.0,247096.0,247096.0,247596.0,247096,248343.0,247096.0,248343.0,247096.0,248343.0
YOL043C,NTG2,15,gene,248392,249534,-,Verified,1142,False,249618.0,249918.0,249118.0,249618.0,248297,249618.0,249618.0,248297.0,249618.0,248297.0
YOL042W,NGL1,15,gene,249825,250916,+,Verified,1091,False,249476.0,249776.0,249776.0,250276.0,249776,251185.0,249776.0,251185.0,249776.0,251185.0
YOL041C,NOP12,15,gene,251267,252646,-,Verified,1379,False,252686.0,252986.0,252186.0,252686.0,251179,252686.0,252686.0,251179.0,252686.0,251179.0
YOL040C,RPS15,15,gene,253149,253577,-,Verified,428,False,253630.0,253930.0,253130.0,253630.0,253027,253630.0,253630.0,253027.0,253630.0,253027.0
YOL039W,RPP2A,15,gene,254297,254617,+,Verified,320,False,253977.0,254277.0,254277.0,254777.0,254277,254812.0,254277.0,254812.0,254277.0,254812.0
YOL038C-A,YOL038C-A,15,gene,254926,255021,-,Uncharacterized,95,False,255095.0,255395.0,254595.0,255095.0,254740,255095.0,255095.0,254740.0,255095.0,254740.0
YOL038W,PRE6,15,gene,255337,256101,+,Verified,764,False,255004.0,255304.0,255304.0,255804.0,255304,256168.0,255304.0,256168.0,255304.0,256168.0
YOL036W,YOL036W,15,gene,256745,259030,+,Uncharacterized,2285,False,256053.0,256353.0,256353.0,256853.0,256353,259414.0,256353.0,259414.0,256353.0,259414.0
YOL034W,SMC5,15,gene,259923,263204,+,Verified,3281,False,259597.0,259897.0,259897.0,260397.0,259897,263357.0,259897.0,263357.0,259897.0,263357.0
YOL033W,MSE1,15,gene,263475,265085,+,Verified,1610,False,263118.0,263418.0,263418.0,263918.0,263418,265210.0,263418.0,265210.0,263418.0,265210.0
YOL032W,OPI10,15,gene,265429,266169,+,Verified,740,False,265063.0,265363.0,265363.0,265863.0,265363,266218.0,265363.0,266218.0,265363.0,266218.0
YOL031C,SIL1,15,gene,266264,267529,-,Verified,1265,False,267591.0,267891.0,267091.0,267591.0,266214,267591.0,267591.0,266214.0,267591.0,266214.0
YOL030W,GAS5,15,gene,268187,269641,+,Verified,1454,False,267830.0,268130.0,268130.0,268630.0,268130,269842.0,268130.0,269842.0,268130.0,269842.0
YOL029C,YOL029C,15,gene,269815,270420,-,Uncharacterized,605,,270420.0,270720.0,269920.0,270420.0,269815,270420.0,,,270420.0,269815.0
YOL028C,YAP7,15,gene,270633,271370,-,Verified,737,False,271588.0,271888.0,271088.0,271588.0,270633,271588.0,271588.0,,271588.0,270633.0
YOL027C,MDM38,15,gene,272003,273724,-,Verified,1721,False,273728.0,274028.0,273228.0,273728.0,271807,273728.0,273728.0,271807.0,273728.0,271807.0
YOL026C,MIM1,15,gene,274012,274353,-,Verified,341,False,274365.0,274665.0,273865.0,274365.0,273915,274365.0,274365.0,273915.0,274365.0,273915.0
YOL025W,LAG2,15,gene,274957,276939,+,Verified,1982,False,274599.0,274899.0,274899.0,275399.0,274899,276980.0,274899.0,276980.0,274899.0,276980.0
YOL024W,YOL024W,15,gene,277086,277604,+,Uncharacterized,518,,276786.0,277086.0,277086.0,277586.0,277086,277604.0,,,277086.0,277604.0
YOL023W,IFM1,15,gene,278056,280086,+,Verified,2030,False,277749.0,278049.0,278049.0,278549.0,278049,280258.0,278049.0,280258.0,278049.0,280258.0
YOL022C,TSR4,15,gene,280272,281498,-,Verified,1226,False,281545.0,281845.0,281045.0,281545.0,280169,281545.0,281545.0,280169.0,281545.0,280169.0
YOL021C,DIS3,15,gene,282421,285426,-,Verified,3005,False,285480.0,285780.0,284980.0,285480.0,282324,285480.0,285480.0,282324.0,285480.0,282324.0
YOL020W,TAT2,15,gene,286172,287950,+,Verified,1778,False,285726.0,286026.0,286026.0,286526.0,286026,288044.0,286026.0,288044.0,286026.0,288044.0
YOL019W-A,YOL019W-A,15,gene,288420,288572,+,Uncharacterized,152,False,287881.0,288181.0,288181.0,288681.0,288181,288572.0,288181.0,,288181.0,288572.0
YOL019W,YOL019W,15,gene,288898,290553,+,Uncharacterized,1655,False,288457.0,288757.0,288757.0,289257.0,288757,290775.0,288757.0,290775.0,288757.0,290775.0
YOL018C,TLG2,15,gene,290881,292074,-,Verified,1193,False,292140.0,292440.0,291640.0,292140.0,290553,292140.0,292140.0,290553.0,292140.0,290553.0
YOL017W,ESC8,15,gene,292529,294673,+,Verified,2144,False,292108.0,292408.0,292408.0,292908.0,292408,294788.0,292408.0,294788.0,292408.0,294788.0
YOL016C,CMK2,15,gene,294777,296120,-,Verified,1343,False,296146.0,296446.0,295646.0,296146.0,294705,296146.0,296146.0,294705.0,296146.0,294705.0
YOL015W,IRC10,15,gene,297078,298838,+,Verified,1760,False,296086.0,296386.0,296386.0,296886.0,296386,298899.0,296386.0,298899.0,296386.0,298899.0
YOL014W,YOL014W,15,gene,299693,300067,+,Uncharacterized,374,False,299245.0,299545.0,299545.0,300045.0,299545,300299.0,299545.0,300299.0,299545.0,300299.0
YOL013W-A,YOL013W-A,15,gene,301047,301238,+,Uncharacterized,191,False,300788.0,301088.0,301088.0,301588.0,301088,301347.0,301088.0,301347.0,301088.0,301347.0
YOL013C,HRD1,15,gene,301380,303035,-,Verified,1655,False,303203.0,303503.0,302703.0,303203.0,301327,303203.0,303203.0,301327.0,303203.0,301327.0
YOL012C,HTZ1,15,gene,303579,303983,-,Verified,404,False,304109.0,304409.0,303609.0,304109.0,303420,304109.0,304109.0,303420.0,304109.0,303420.0
YOL011W,PLB3,15,gene,305349,307409,+,Verified,2060,False,304312.0,304612.0,304612.0,305112.0,304612,307688.0,304612.0,307688.0,304612.0,307688.0
YOL010W,RCL1,15,gene,307938,309041,+,Verified,1103,False,307594.0,307894.0,307894.0,308394.0,307894,309144.0,307894.0,309144.0,307894.0,309144.0
YOL009C,MDM12,15,gene,309324,310139,-,Verified,815,False,310190.0,310490.0,309690.0,310190.0,309015,310190.0,310190.0,309015.0,310190.0,309015.0
YOL008W,COQ10,15,gene,310312,310935,+,Verified,623,False,309974.0,310274.0,310274.0,310774.0,310274,311089.0,310274.0,311089.0,310274.0,311089.0
YOL007C,CSI2,15,gene,311342,312367,-,Verified,1025,False,312450.0,312750.0,311950.0,312450.0,310983,312450.0,312450.0,310983.0,312450.0,310983.0
YOL006C,TOP1,15,gene,313078,315387,-,Verified,2309,False,315417.0,315717.0,314917.0,315417.0,312949,315417.0,315417.0,312949.0,315417.0,312949.0
YOL005C,RPB11,15,gene,315813,316175,-,Verified,362,False,316201.0,316501.0,315701.0,316201.0,315780,316201.0,316201.0,315780.0,316201.0,315780.0
YOL004W,SIN3,15,gene,316938,321548,+,Verified,4610,False,316444.0,316744.0,316744.0,317244.0,316744,321588.0,316744.0,321588.0,316744.0,321588.0
YOL003C,PFA4,15,gene,321858,322994,-,Verified,1136,False,323010.0,323310.0,322510.0,323010.0,321734,323010.0,323010.0,321734.0,323010.0,321734.0
YOL002C,IZH2,15,gene,323411,324364,-,Verified,953,False,324372.0,324672.0,323872.0,324372.0,323357,324372.0,324372.0,323357.0,324372.0,323357.0
YOL001W,PHO80,15,gene,325249,326130,+,Verified,881,False,324506.0,324806.0,324806.0,325306.0,324806,326269.0,324806.0,326269.0,324806.0,326269.0
YOR001W,RRP6,15,gene,326832,329033,+,Verified,2201,False,326521.0,326821.0,326821.0,327321.0,326821,329105.0,326821.0,329105.0,326821.0,329105.0
YOR002W,ALG6,15,gene,329417,331051,+,Verified,1634,False,329062.0,329362.0,329362.0,329862.0,329362,331142.0,329362.0,331142.0,329362.0,331142.0
YOR003W,YSP3,15,gene,331455,332891,+,Verified,1436,,331155.0,331455.0,331455.0,331955.0,331455,332891.0,,,331455.0,332891.0
YOR004W,UTP23,15,gene,333592,334356,+,Verified,764,False,333262.0,333562.0,333562.0,334062.0,333562,334498.0,333562.0,334498.0,333562.0,334498.0
YOR005C,DNL4,15,gene,334509,337343,-,Verified,2834,,337343.0,337643.0,336843.0,337343.0,334509,337343.0,,,337343.0,334509.0
YOR006C,TSR3,15,gene,337680,338621,-,Verified,941,False,338662.0,338962.0,338162.0,338662.0,337609,338662.0,338662.0,337609.0,338662.0,337609.0
YOR007C,SGT2,15,gene,338938,339978,-,Verified,1040,False,339984.0,340284.0,339484.0,339984.0,338789,339984.0,339984.0,338789.0,339984.0,338789.0
YOR008C,SLG1,15,gene,341278,342414,-,Verified,1136,False,342636.0,342936.0,342136.0,342636.0,341032,342636.0,342636.0,341032.0,342636.0,341032.0
YOR008C-A,YOR008C-A,15,gene,342857,343081,-,Uncharacterized,224,,343081.0,343381.0,342581.0,343081.0,342857,343081.0,,,343081.0,342857.0
YOR009W,TIR4,15,gene,344335,345798,+,Verified,1463,False,343812.0,344112.0,344112.0,344612.0,344112,345932.0,344112.0,345932.0,344112.0,345932.0
YOR010C,TIR2,15,gene,346195,346950,-,Verified,755,False,347100.0,347400.0,346600.0,347100.0,346112,347100.0,347100.0,346112.0,347100.0,346112.0
YOR011W,AUS1,15,gene,349679,353863,+,Verified,4184,False,349239.0,349539.0,349539.0,350039.0,349539,353933.0,349539.0,353933.0,349539.0,353933.0
YOR011W-A,YOR011W-A,15,gene,355652,355858,+,Uncharacterized,206,,355352.0,355652.0,355652.0,356152.0,355652,355858.0,,,355652.0,355858.0
YOR012W,YOR012W,15,gene,356543,356956,+,Uncharacterized,413,False,356193.0,356493.0,356493.0,356993.0,356493,357291.0,356493.0,357291.0,356493.0,357291.0
YOR014W,RTS1,15,gene,357674,359947,+,Verified,2273,False,357124.0,357424.0,357424.0,357924.0,357424,360251.0,357424.0,360251.0,357424.0,360251.0
YOR016C,ERP4,15,gene,360461,361084,-,Verified,623,False,361223.0,361523.0,360723.0,361223.0,360305,361223.0,361223.0,360305.0,361223.0,360305.0
YOR017W,PET127,15,gene,361412,363814,+,Verified,2402,False,361080.0,361380.0,361380.0,361880.0,361380,363957.0,361380.0,363957.0,361380.0,363957.0
YOR018W,ROD1,15,gene,364369,366882,+,Verified,2513,False,364023.0,364323.0,364323.0,364823.0,364323,367023.0,364323.0,367023.0,364323.0,367023.0
YOR019W,YOR019W,15,gene,368127,370319,+,Verified,2192,False,367701.0,368001.0,368001.0,368501.0,368001,370319.0,368001.0,,368001.0,370319.0
YOR020C,HSP10,15,gene,370524,370844,-,Verified,320,False,370883.0,371183.0,370383.0,370883.0,370424,370883.0,370883.0,370424.0,370883.0,370424.0
YOR020W-A,YOR020W-A,15,gene,371685,371957,+,Uncharacterized,272,False,371327.0,371627.0,371627.0,372127.0,371627,372158.0,371627.0,372158.0,371627.0,372158.0
YOR021C,YOR021C,15,gene,372798,373439,-,Uncharacterized,641,False,373486.0,373786.0,372986.0,373486.0,372646,373486.0,373486.0,372646.0,373486.0,372646.0
YOR022C,YOR022C,15,gene,373710,375857,-,Uncharacterized,2147,False,375878.0,376178.0,375378.0,375878.0,373682,375878.0,375878.0,373682.0,375878.0,373682.0
YOR023C,AHC1,15,gene,376012,377712,-,Verified,1700,False,377790.0,378090.0,377290.0,377790.0,375960,377790.0,377790.0,375960.0,377790.0,375960.0
YOR025W,HST3,15,gene,378219,379562,+,Verified,1343,False,377907.0,378207.0,378207.0,378707.0,378207,379713.0,378207.0,379713.0,378207.0,379713.0
YOR026W,BUB3,15,gene,379781,380806,+,Verified,1025,False,379468.0,379768.0,379768.0,380268.0,379768,380989.0,379768.0,380989.0,379768.0,380989.0
YOR027W,STI1,15,gene,381053,382822,+,Verified,1769,False,380704.0,381004.0,381004.0,381504.0,381004,382912.0,381004.0,382912.0,381004.0,382912.0
YOR028C,CIN5,15,gene,383533,384420,-,Verified,887,,384420.0,384720.0,383920.0,384420.0,383533,384420.0,,,384420.0,383533.0
YOR030W,DFG16,15,gene,386825,388684,+,Verified,1859,False,386430.0,386730.0,386730.0,387230.0,386730,388684.0,386730.0,,386730.0,388684.0
YOR031W,CRS5,15,gene,389213,389422,+,Verified,209,,388913.0,389213.0,389213.0,389713.0,389213,389422.0,,,389213.0,389422.0
YOR032C,HMS1,15,gene,389771,391075,-,Verified,1304,,391075.0,391375.0,390575.0,391075.0,389771,391075.0,,,391075.0,389771.0
YOR032W-A,YOR032W-A,15,gene,392176,392376,+,Uncharacterized,200,False,391765.0,392065.0,392065.0,392565.0,392065,392376.0,392065.0,,392065.0,392376.0
YOR033C,EXO1,15,gene,392416,394524,-,Verified,2108,False,394579.0,394879.0,394079.0,394579.0,392320,394579.0,394579.0,392320.0,394579.0,392320.0
YOR034C,AKR2,15,gene,394837,397086,-,Verified,2249,False,397300.0,397600.0,396800.0,397300.0,394730,397300.0,397300.0,394730.0,397300.0,394730.0
YOR034C-A,YOR034C-A,15,gene,397426,397668,-,Uncharacterized,242,,397668.0,397968.0,397168.0,397668.0,397426,397668.0,,,397668.0,397426.0
YOR035C,SHE4,15,gene,397735,400104,-,Verified,2369,False,400125.0,400425.0,399625.0,400125.0,397660,400125.0,400125.0,397660.0,400125.0,397660.0
YOR036W,PEP12,15,gene,400348,401214,+,Verified,866,False,400037.0,400337.0,400337.0,400837.0,400337,401284.0,400337.0,401284.0,400337.0,401284.0
YOR037W,CYC2,15,gene,401555,402655,+,Verified,1100,False,401196.0,401496.0,401496.0,401996.0,401496,402737.0,401496.0,402737.0,401496.0,402737.0
YOR038C,HIR2,15,gene,402761,405388,-,Verified,2627,False,405440.0,405740.0,404940.0,405440.0,402663,405440.0,405440.0,402663.0,405440.0,402663.0
YOR039W,CKB2,15,gene,405768,406544,+,Verified,776,False,405328.0,405628.0,405628.0,406128.0,405628,406798.0,405628.0,406798.0,405628.0,406798.0
YOR040W,GLO4,15,gene,407064,407921,+,Verified,857,False,406736.0,407036.0,407036.0,407536.0,407036,408273.0,407036.0,408273.0,407036.0,408273.0
YOR042W,CUE5,15,gene,408425,409660,+,Verified,1235,False,408115.0,408415.0,408415.0,408915.0,408415,409735.0,408415.0,409735.0,408415.0,409735.0
YOR043W,WHI2,15,gene,410870,412330,+,Verified,1460,False,410179.0,410479.0,410479.0,410979.0,410479,412487.0,410479.0,412487.0,410479.0,412487.0
YOR044W,IRC23,15,gene,413007,413480,+,Verified,473,False,412409.0,412709.0,412709.0,413209.0,412709,413701.0,412709.0,413701.0,412709.0,413701.0
YOR045W,TOM6,15,gene,413852,414037,+,Verified,185,False,413496.0,413796.0,413796.0,414296.0,413796,414198.0,413796.0,414198.0,413796.0,414198.0
YOR046C,DBP5,15,gene,414459,415907,-,Verified,1448,False,415940.0,416240.0,415440.0,415940.0,414392,415940.0,415940.0,414392.0,415940.0,414392.0
YOR047C,STD1,15,gene,416347,417681,-,Verified,1334,False,417836.0,418136.0,417336.0,417836.0,416181,417836.0,417836.0,416181.0,417836.0,416181.0
YOR048C,RAT1,15,gene,418630,421650,-,Verified,3020,False,421683.0,421983.0,421183.0,421683.0,418540,421683.0,421683.0,418540.0,421683.0,418540.0
YOR049C,RSB1,15,gene,422668,423732,-,Verified,1064,False,423953.0,424253.0,423453.0,423953.0,422429,423953.0,423953.0,422429.0,423953.0,422429.0
YOR051C,ETT1,15,gene,424846,426084,-,Verified,1238,False,426156.0,426456.0,425656.0,426156.0,424731,426156.0,426156.0,424731.0,426156.0,424731.0
YOR052C,YOR052C,15,gene,426772,427224,-,Verified,452,False,427350.0,427650.0,426850.0,427350.0,426506,427350.0,427350.0,426506.0,427350.0,426506.0
YOR054C,VHS3,15,gene,427833,429857,-,Verified,2024,False,429999.0,430299.0,429499.0,429999.0,427756,429999.0,429999.0,427756.0,429999.0,427756.0
YOR056C,NOB1,15,gene,430247,431626,-,Verified,1379,False,431704.0,432004.0,431204.0,431704.0,430189,431704.0,431704.0,430189.0,431704.0,430189.0
YOR057W,SGT1,15,gene,432186,433373,+,Verified,1187,False,431820.0,432120.0,432120.0,432620.0,432120,433451.0,432120.0,433451.0,432120.0,433451.0
YOR058C,ASE1,15,gene,433688,436345,-,Verified,2657,False,436474.0,436774.0,435974.0,436474.0,433428,436474.0,436474.0,433428.0,436474.0,433428.0
YOR059C,YOR059C,15,gene,438906,440258,-,Uncharacterized,1352,,440258.0,440558.0,439758.0,440258.0,438906,440258.0,,,440258.0,438906.0
YOR060C,YOR060C,15,gene,440390,441163,-,Uncharacterized,773,False,441188.0,441488.0,440688.0,441188.0,440248,441188.0,441188.0,440248.0,441188.0,440248.0
YOR061W,CKA2,15,gene,441534,442553,+,Verified,1019,False,441111.0,441411.0,441411.0,441911.0,441411,442776.0,441411.0,442776.0,441411.0,442776.0
YOR062C,YOR062C,15,gene,442725,443531,-,Uncharacterized,806,False,443246.0,443546.0,442746.0,443246.0,442649,443246.0,443246.0,442649.0,443246.0,442649.0
YOR063W,RPL3,15,gene,444686,445849,+,Verified,1163,False,444365.0,444665.0,444665.0,445165.0,444665,445968.0,444665.0,445968.0,444665.0,445968.0
YOR064C,YNG1,15,gene,446079,446738,-,Verified,659,False,446732.0,447032.0,446232.0,446732.0,445993,446732.0,446732.0,445993.0,446732.0,445993.0
YOR065W,CYT1,15,gene,447439,448368,+,Verified,929,False,446893.0,447193.0,447193.0,447693.0,447193,448671.0,447193.0,448671.0,447193.0,448671.0
YOR066W,MSA1,15,gene,449436,451325,+,Verified,1889,False,448926.0,449226.0,449226.0,449726.0,449226,451534.0,449226.0,451534.0,449226.0,451534.0
YOR067C,ALG8,15,gene,451729,453462,-,Verified,1733,False,453504.0,453804.0,453004.0,453504.0,451652,453504.0,453504.0,451652.0,453504.0,451652.0
YOR069W,VPS5,15,gene,453768,455795,+,Verified,2027,False,453384.0,453684.0,453684.0,454184.0,453684,455911.0,453684.0,455911.0,453684.0,455911.0
YOR068C,VAM10,15,gene,453869,454213,-,Verified,344,,454213.0,454513.0,453713.0,454213.0,453869,454213.0,,,454213.0,453869.0
YOR070C,GYP1,15,gene,455907,457820,-,Verified,1913,False,457995.0,458295.0,457495.0,457995.0,455842,457995.0,457995.0,455842.0,457995.0,455842.0
YOR071C,NRT1,15,gene,459480,461276,-,Verified,1796,False,461379.0,461679.0,460879.0,461379.0,459267,461379.0,461379.0,459267.0,461379.0,459267.0
YOR072W-B,YOR072W-B,15,gene,464469,464630,+,Uncharacterized,161,False,464138.0,464438.0,464438.0,464938.0,464438,464630.0,464438.0,,464438.0,464630.0
YOR073W,SGO1,15,gene,464771,466543,+,Verified,1772,False,464450.0,464750.0,464750.0,465250.0,464750,466677.0,464750.0,466677.0,464750.0,466677.0
YOR074C,CDC21,15,gene,466675,467589,-,Verified,914,False,467654.0,467954.0,467154.0,467654.0,466592,467654.0,467654.0,466592.0,467654.0,466592.0
YOR075W,UFE1,15,gene,468212,469252,+,Verified,1040,False,467896.0,468196.0,468196.0,468696.0,468196,469306.0,468196.0,469306.0,468196.0,469306.0
YOR076C,SKI7,15,gene,469377,471620,-,Verified,2243,False,471658.0,471958.0,471158.0,471658.0,469301,471658.0,471658.0,469301.0,471658.0,469301.0
YOR077W,RTS2,15,gene,471899,472597,+,Verified,698,False,471562.0,471862.0,471862.0,472362.0,471862,472780.0,471862.0,472780.0,471862.0,472780.0
YOR078W,BUD21,15,gene,472725,473369,+,Verified,644,False,472413.0,472713.0,472713.0,473213.0,472713,473409.0,472713.0,473409.0,472713.0,473409.0
YOR079C,ATX2,15,gene,473475,474416,-,Verified,941,False,474430.0,474730.0,473930.0,474430.0,473407,474430.0,474430.0,473407.0,474430.0,473407.0
YOR080W,DIA2,15,gene,474594,476792,+,Verified,2198,False,474291.0,474591.0,474591.0,475091.0,474591,476959.0,474591.0,476959.0,474591.0,476959.0
YOR081C,TGL5,15,gene,476939,479188,-,Verified,2249,False,479215.0,479515.0,478715.0,479215.0,476854,479215.0,479215.0,476854.0,479215.0,476854.0
YOR083W,WHI5,15,gene,479533,480420,+,Verified,887,False,479159.0,479459.0,479459.0,479959.0,479459,480420.0,479459.0,,479459.0,480420.0
YOR084W,LPX1,15,gene,480587,481750,+,Verified,1163,,480287.0,480587.0,480587.0,481087.0,480587,481750.0,,,480587.0,481750.0
YOR085W,OST3,15,gene,482033,483085,+,Verified,1052,False,481674.0,481974.0,481974.0,482474.0,481974,483189.0,481974.0,483189.0,481974.0,483189.0
YOR086C,TCB1,15,gene,483219,486779,-,Verified,3560,False,486981.0,487281.0,486481.0,486981.0,483133,486981.0,486981.0,483133.0,486981.0,483133.0
YOR087W,YVC1,15,gene,487707,489734,+,Verified,2027,False,487327.0,487627.0,487627.0,488127.0,487627,489852.0,487627.0,489852.0,487627.0,489852.0
YOR089C,VPS21,15,gene,490196,490828,-,Verified,632,False,490906.0,491206.0,490406.0,490906.0,490003,490906.0,490906.0,490003.0,490906.0,490003.0
YOR090C,PTC5,15,gene,491123,492841,-,Verified,1718,False,492919.0,493219.0,492419.0,492919.0,490836,492919.0,492919.0,490836.0,492919.0,490836.0
YOR091W,TMA46,15,gene,493433,494470,+,Verified,1037,False,493072.0,493372.0,493372.0,493872.0,493372,494535.0,493372.0,494535.0,493372.0,494535.0
YOR092W,ECM3,15,gene,495127,496968,+,Verified,1841,False,494747.0,495047.0,495047.0,495547.0,495047,497171.0,495047.0,497171.0,495047.0,497171.0
YOR093C,YOR093C,15,gene,497506,502452,-,Uncharacterized,4946,False,502482.0,502782.0,501982.0,502482.0,497336,502482.0,502482.0,497336.0,502482.0,497336.0
YOR094W,ARF3,15,gene,502795,503346,+,Verified,551,False,502400.0,502700.0,502700.0,503200.0,502700,503496.0,502700.0,503496.0,502700.0,503496.0
YOR095C,RKI1,15,gene,503552,504328,-,Verified,776,False,504399.0,504699.0,503899.0,504399.0,503437,504399.0,504399.0,503437.0,504399.0,503437.0
YOR096W,RPS7A,15,gene,505794,506767,+,Verified,973,False,505467.0,505767.0,505767.0,506267.0,505767,506858.0,505767.0,506858.0,505767.0,506858.0
YOR097C,YOR097C,15,gene,506978,507505,-,Uncharacterized,527,False,507542.0,507842.0,507042.0,507542.0,506876,507542.0,507542.0,506876.0,507542.0,506876.0
YOR098C,NUP1,15,gene,507948,511178,-,Verified,3230,False,511263.0,511563.0,510763.0,511263.0,507827,511263.0,511263.0,507827.0,511263.0,507827.0
YOR099W,KTR1,15,gene,511825,513006,+,Verified,1181,False,511462.0,511762.0,511762.0,512262.0,511762,513100.0,511762.0,513100.0,511762.0,513100.0
YOR100C,CRC1,15,gene,513295,514278,-,Verified,983,False,514421.0,514721.0,513921.0,514421.0,513295,514421.0,514421.0,,514421.0,513295.0
YOR101W,RAS1,15,gene,515244,516173,+,Verified,929,False,514871.0,515171.0,515171.0,515671.0,515171,516381.0,515171.0,516381.0,515171.0,516381.0
YOR103C,OST2,15,gene,516449,516841,-,Verified,392,False,516921.0,517221.0,516421.0,516921.0,516361,516921.0,516921.0,516361.0,516921.0,516361.0
YOR104W,PIN2,15,gene,517642,518490,+,Verified,848,False,517165.0,517465.0,517465.0,517965.0,517465,518575.0,517465.0,518575.0,517465.0,518575.0
YOR106W,VAM3,15,gene,519121,519972,+,Verified,851,False,518728.0,519028.0,519028.0,519528.0,519028,520082.0,519028.0,520082.0,519028.0,520082.0
YOR107W,RGS2,15,gene,521353,522282,+,Verified,929,False,520776.0,521076.0,521076.0,521576.0,521076,522628.0,521076.0,522628.0,521076.0,522628.0
YOR108W,LEU9,15,gene,523027,524841,+,Verified,1814,False,522698.0,522998.0,522998.0,523498.0,522998,524929.0,522998.0,524929.0,522998.0,524929.0
YOR109W,INP53,15,gene,525278,528601,+,Verified,3323,False,524850.0,525150.0,525150.0,525650.0,525150,528823.0,525150.0,528823.0,525150.0,528823.0
YOR110W,TFC7,15,gene,528941,530248,+,Verified,1307,False,528559.0,528859.0,528859.0,529359.0,528859,530310.0,528859.0,530310.0,528859.0,530310.0
YOR111W,YOR111W,15,gene,530429,531127,+,Uncharacterized,698,False,530090.0,530390.0,530390.0,530890.0,530390,531438.0,530390.0,531438.0,530390.0,531438.0
YOR112W,CEX1,15,gene,531508,533793,+,Verified,2285,False,531139.0,531439.0,531439.0,531939.0,531439,533857.0,531439.0,533857.0,531439.0,533857.0
YOR113W,AZF1,15,gene,534075,536819,+,Verified,2744,False,533677.0,533977.0,533977.0,534477.0,533977,536819.0,533977.0,,533977.0,536819.0
YOR114W,YOR114W,15,gene,537570,538454,+,Uncharacterized,884,False,537110.0,537410.0,537410.0,537910.0,537410,538661.0,537410.0,538661.0,537410.0,538661.0
YOR115C,TRS33,15,gene,538659,539465,-,Verified,806,False,539517.0,539817.0,539017.0,539517.0,538572,539517.0,539517.0,538572.0,539517.0,538572.0
YOR116C,RPO31,15,gene,539763,544145,-,Verified,4382,False,544360.0,544660.0,543860.0,544360.0,539666,544360.0,544360.0,539666.0,544360.0,539666.0
YOR117W,RPT5,15,gene,545029,546333,+,Verified,1304,False,544637.0,544937.0,544937.0,545437.0,544937,546469.0,544937.0,546469.0,544937.0,546469.0
YOR118W,RTC5,15,gene,546857,548560,+,Verified,1703,False,546354.0,546654.0,546654.0,547154.0,546654,548735.0,546654.0,548735.0,546654.0,548735.0
YOR119C,RIO1,15,gene,548792,550246,-,Verified,1454,False,550301.0,550601.0,549801.0,550301.0,548627,550301.0,550301.0,548627.0,550301.0,548627.0
YOR120W,GCY1,15,gene,551114,552052,+,Verified,938,False,550487.0,550787.0,550787.0,551287.0,550787,552190.0,550787.0,552190.0,550787.0,552190.0
YOR122C,PFY1,15,gene,552298,552887,-,Verified,589,False,552939.0,553239.0,552439.0,552939.0,552113,552939.0,552939.0,552113.0,552939.0,552113.0
YOR123C,LEO1,15,gene,553176,554570,-,Verified,1394,False,554657.0,554957.0,554157.0,554657.0,553117,554657.0,554657.0,553117.0,554657.0,553117.0
YOR124C,UBP2,15,gene,554824,558642,-,Verified,3818,False,558750.0,559050.0,558250.0,558750.0,554746,558750.0,558750.0,554746.0,558750.0,554746.0
YOR125C,CAT5,15,gene,559030,559731,-,Verified,701,False,559781.0,560081.0,559281.0,559781.0,558893,559781.0,559781.0,558893.0,559781.0,558893.0
YOR126C,IAH1,15,gene,559961,560677,-,Verified,716,False,560709.0,561009.0,560209.0,560709.0,559895,560709.0,560709.0,559895.0,560709.0,559895.0
YOR127W,RGA1,15,gene,561170,564193,+,Verified,3023,False,560604.0,560904.0,560904.0,561404.0,560904,564369.0,560904.0,564369.0,560904.0,564369.0
YOR128C,ADE2,15,gene,564476,566191,-,Verified,1715,False,566218.0,566518.0,565718.0,566218.0,564416,566218.0,566218.0,564416.0,566218.0,564416.0
YOR129C,AFI1,15,gene,566877,569558,-,Verified,2681,False,569607.0,569907.0,569107.0,569607.0,566698,569607.0,569607.0,566698.0,569607.0,566698.0
YOR130C,ORT1,15,gene,569929,570807,-,Verified,878,False,570917.0,571217.0,570417.0,570917.0,569862,570917.0,570917.0,569862.0,570917.0,569862.0
YOR131C,YOR131C,15,gene,572182,572838,-,Uncharacterized,656,False,572898.0,573198.0,572398.0,572898.0,572127,572898.0,572898.0,572127.0,572898.0,572127.0
YOR132W,VPS17,15,gene,573175,574830,+,Verified,1655,False,572796.0,573096.0,573096.0,573596.0,573096,574881.0,573096.0,574881.0,573096.0,574881.0
YOR133W,EFT1,15,gene,575098,577626,+,Verified,2528,False,574753.0,575053.0,575053.0,575553.0,575053,577812.0,575053.0,577812.0,575053.0,577812.0
YOR134W,BAG7,15,gene,578564,579793,+,Verified,1229,False,577938.0,578238.0,578238.0,578738.0,578238,580165.0,578238.0,580165.0,578238.0,580165.0
YOR136W,IDH2,15,gene,580250,581359,+,Verified,1109,False,579841.0,580141.0,580141.0,580641.0,580141,581514.0,580141.0,581514.0,580141.0,581514.0
YOR137C,SIA1,15,gene,581813,583681,-,Verified,1868,False,584094.0,584394.0,583594.0,584094.0,581686,584094.0,584094.0,581686.0,584094.0,581686.0
YOR138C,RUP1,15,gene,584309,586324,-,Verified,2015,False,586390.0,586690.0,585890.0,586390.0,584238,586390.0,586390.0,584238.0,586390.0,584238.0
YOR140W,SFL1,15,gene,586981,589281,+,Verified,2300,False,586350.0,586650.0,586650.0,587150.0,586650,589540.0,586650.0,589540.0,586650.0,589540.0
YOR141C,ARP8,15,gene,589942,592587,-,Verified,2645,False,592617.0,592917.0,592117.0,592617.0,589908,592617.0,592617.0,589908.0,592617.0,589908.0
YOR142W,LSC1,15,gene,593057,594046,+,Verified,989,False,592565.0,592865.0,592865.0,593365.0,592865,594239.0,592865.0,594239.0,592865.0,594239.0
YOR143C,THI80,15,gene,601383,602342,-,Verified,959,False,602426.0,602726.0,601926.0,602426.0,601361,602426.0,602426.0,601361.0,602426.0,601361.0
YOR144C,ELG1,15,gene,602717,605092,-,Verified,2375,False,605150.0,605450.0,604650.0,605150.0,602568,605150.0,605150.0,602568.0,605150.0,602568.0
YOR145C,PNO1,15,gene,605347,606171,-,Verified,824,False,606193.0,606493.0,605693.0,606193.0,605259,606193.0,606193.0,605259.0,606193.0,605259.0
YOR147W,MDM32,15,gene,606607,608475,+,Verified,1868,False,606271.0,606571.0,606571.0,607071.0,606571,608649.0,606571.0,608649.0,606571.0,608649.0
YOR148C,SPP2,15,gene,608640,609197,-,Verified,557,False,609220.0,609520.0,608720.0,609220.0,608564,609220.0,609220.0,608564.0,609220.0,608564.0
YOR149C,SMP3,15,gene,609838,611388,-,Verified,1550,False,611428.0,611728.0,610928.0,611428.0,609504,611428.0,611428.0,609504.0,611428.0,609504.0
YOR150W,MRPL23,15,gene,611999,612490,+,Verified,491,False,611673.0,611973.0,611973.0,612473.0,611973,612590.0,611973.0,612590.0,611973.0,612590.0
YOR151C,RPB2,15,gene,612997,616671,-,Verified,3674,False,616946.0,617246.0,616446.0,616946.0,612963,616946.0,616946.0,612963.0,616946.0,612963.0
YOR152C,YOR152C,15,gene,617518,618288,-,Uncharacterized,770,False,618465.0,618765.0,617965.0,618465.0,617362,618465.0,618465.0,617362.0,618465.0,617362.0
YOR153W,PDR5,15,gene,619840,624375,+,Verified,4535,False,619373.0,619673.0,619673.0,620173.0,619673,624489.0,619673.0,624489.0,619673.0,624489.0
YOR154W,SLP1,15,gene,624729,626492,+,Uncharacterized,1763,False,624380.0,624680.0,624680.0,625180.0,624680,626662.0,624680.0,626662.0,624680.0,626662.0
YOR155C,ISN1,15,gene,626628,627980,-,Verified,1352,False,628013.0,628313.0,627513.0,628013.0,626573,628013.0,628013.0,626573.0,628013.0,626573.0
YOR156C,NFI1,15,gene,628360,630540,-,Verified,2180,False,630642.0,630942.0,630142.0,630642.0,628108,630642.0,630642.0,628108.0,630642.0,628108.0
YOR157C,PUP1,15,gene,630966,631751,-,Verified,785,False,631789.0,632089.0,631289.0,631789.0,630915,631789.0,631789.0,630915.0,631789.0,630915.0
YOR158W,PET123,15,gene,632164,633120,+,Verified,956,False,631844.0,632144.0,632144.0,632644.0,632144,633271.0,632144.0,633271.0,632144.0,633271.0
YOR159C,SME1,15,gene,633282,633566,-,Verified,284,False,633611.0,633911.0,633111.0,633611.0,633095,633611.0,633611.0,633095.0,633611.0,633095.0
YOR160W,MTR10,15,gene,633839,636757,+,Verified,2918,False,633498.0,633798.0,633798.0,634298.0,633798,636842.0,633798.0,636842.0,633798.0,636842.0
YOR161C,PNS1,15,gene,636939,638558,-,Verified,1619,False,638706.0,639006.0,638206.0,638706.0,636843,638706.0,638706.0,636843.0,638706.0,636843.0
YOR161C-C,YOR161C-C,15,gene,639121,639267,-,Uncharacterized,146,,639267.0,639567.0,638767.0,639267.0,639121,639267.0,,,639267.0,639121.0
YOR162C,YRR1,15,gene,639560,641992,-,Verified,2432,False,642172.0,642472.0,641672.0,642172.0,639413,642172.0,642172.0,639413.0,642172.0,639413.0
YOR163W,DDP1,15,gene,642741,643307,+,Verified,566,False,642405.0,642705.0,642705.0,643205.0,642705,643381.0,642705.0,643381.0,642705.0,643381.0
YOR164C,GET4,15,gene,643394,644332,-,Verified,938,False,644353.0,644653.0,643853.0,644353.0,643239,644353.0,644353.0,643239.0,644353.0,643239.0
YOR165W,SEY1,15,gene,644566,646896,+,Verified,2330,False,644225.0,644525.0,644525.0,645025.0,644525,647064.0,644525.0,647064.0,644525.0,647064.0
YOR166C,SWT1,15,gene,647126,648502,-,Verified,1376,False,648541.0,648841.0,648041.0,648541.0,646954,648541.0,648541.0,646954.0,648541.0,646954.0
YOR167C,RPS28A,15,gene,648804,649007,-,Verified,203,False,649020.0,649320.0,648520.0,649020.0,648674,649020.0,649020.0,648674.0,649020.0,648674.0
YOR168W,GLN4,15,gene,649303,651732,+,Verified,2429,False,648976.0,649276.0,649276.0,649776.0,649276,651811.0,649276.0,651811.0,649276.0,651811.0
YOR171C,LCB4,15,gene,652010,653884,-,Verified,1874,False,653978.0,654278.0,653478.0,653978.0,651795,653978.0,653978.0,651795.0,653978.0,651795.0
YOR172W,YRM1,15,gene,654210,656570,+,Verified,2360,False,653867.0,654167.0,654167.0,654667.0,654167,656745.0,654167.0,656745.0,654167.0,656745.0
YOR173W,DCS2,15,gene,657264,658325,+,Verified,1061,,656964.0,657264.0,657264.0,657764.0,657264,658325.0,,,657264.0,658325.0
YOR174W,MED4,15,gene,658747,659601,+,Verified,854,False,658329.0,658629.0,658629.0,659129.0,658629,659727.0,658629.0,659727.0,658629.0,659727.0
YOR175C,ALE1,15,gene,659815,661674,-,Verified,1859,False,661770.0,662070.0,661270.0,661770.0,659654,661770.0,661770.0,659654.0,661770.0,659654.0
YOR176W,HEM15,15,gene,662401,663582,+,Verified,1181,False,661991.0,662291.0,662291.0,662791.0,662291,663715.0,662291.0,663715.0,662291.0,663715.0
YOR177C,MPC54,15,gene,665785,667179,-,Verified,1394,False,667233.0,667533.0,666733.0,667233.0,665629,667233.0,667233.0,665629.0,667233.0,665629.0
YOR178C,GAC1,15,gene,667860,670241,-,Verified,2381,False,670651.0,670951.0,670151.0,670651.0,667522,670651.0,670651.0,667522.0,670651.0,667522.0
YOR179C,SYC1,15,gene,671845,672411,-,Verified,566,False,672436.0,672736.0,671936.0,672436.0,671576,672436.0,672436.0,671576.0,672436.0,671576.0
YOR180C,DCI1,15,gene,674352,675167,-,Verified,815,,675167.0,675467.0,674667.0,675167.0,674352,675167.0,,,675167.0,674352.0
YOR181W,LAS17,15,gene,675939,677840,+,Verified,1901,False,675575.0,675875.0,675875.0,676375.0,675875,677971.0,675875.0,677971.0,675875.0,677971.0
YOR182C,RPS30B,15,gene,678191,678793,-,Verified,602,False,678850.0,679150.0,678350.0,678850.0,678108,678850.0,678850.0,678108.0,678850.0,678108.0
YOR183W,FYV12,15,gene,678872,679261,+,Uncharacterized,389,False,678551.0,678851.0,678851.0,679351.0,678851,679261.0,678851.0,,678851.0,679261.0
YOR184W,SER1,15,gene,679357,680544,+,Verified,1187,False,679008.0,679308.0,679308.0,679808.0,679308,680661.0,679308.0,680661.0,679308.0,680661.0
YOR185C,GSP2,15,gene,681444,682106,-,Verified,662,False,682165.0,682465.0,681665.0,682165.0,681379,682165.0,682165.0,681379.0,682165.0,681379.0
YOR186W,YOR186W,15,gene,683111,683545,+,Uncharacterized,434,,682811.0,683111.0,683111.0,683611.0,683111,683545.0,,,683111.0,683545.0
YOR187W,TUF1,15,gene,684030,685343,+,Verified,1313,False,683647.0,683947.0,683947.0,684447.0,683947,685464.0,683947.0,685464.0,683947.0,685464.0
YOR188W,MSB1,15,gene,685767,689180,+,Verified,3413,False,685371.0,685671.0,685671.0,686171.0,685671,689311.0,685671.0,689311.0,685671.0,689311.0
YOR189W,IES4,15,gene,689624,689974,+,Verified,350,False,689298.0,689598.0,689598.0,690098.0,689598,690198.0,689598.0,690198.0,689598.0,690198.0
YOR190W,SPR1,15,gene,690695,692032,+,Verified,1337,,690395.0,690695.0,690695.0,691195.0,690695,692032.0,,,690695.0,692032.0
YOR191W,ULS1,15,gene,692475,697334,+,Verified,4859,False,692090.0,692390.0,692390.0,692890.0,692390,697497.0,692390.0,697497.0,692390.0,697497.0
YOR192C,THI72,15,gene,698768,700567,-,Verified,1799,False,701650.0,701950.0,701150.0,701650.0,698768,701650.0,701650.0,,701650.0,698768.0
YOR192C-C,YOR192C-C,15,gene,703988,704224,-,Uncharacterized,236,False,704340.0,704640.0,703840.0,704340.0,703649,704340.0,704340.0,703649.0,704340.0,703649.0
YOR193W,PEX27,15,gene,710446,711576,+,Verified,1130,False,710091.0,710391.0,710391.0,710891.0,710391,711691.0,710391.0,711691.0,710391.0,711691.0
YOR194C,TOA1,15,gene,711683,712543,-,Verified,860,False,712588.0,712888.0,712088.0,712588.0,711615,712588.0,712588.0,711615.0,712588.0,711615.0
YOR195W,SLK19,15,gene,712866,715331,+,Verified,2465,False,712510.0,712810.0,712810.0,713310.0,712810,715578.0,712810.0,715578.0,712810.0,715578.0
YOR196C,LIP5,15,gene,715593,716837,-,Verified,1244,False,716886.0,717186.0,716386.0,716886.0,715433,716886.0,716886.0,715433.0,716886.0,715433.0
YOR197W,MCA1,15,gene,717086,718384,+,Verified,1298,False,716771.0,717071.0,717071.0,717571.0,717071,718456.0,717071.0,718456.0,717071.0,718456.0
YOR198C,BFR1,15,gene,718653,720065,-,Verified,1412,False,720255.0,720555.0,719755.0,720255.0,718433,720255.0,720255.0,718433.0,720255.0,718433.0
YOR201C,MRM1,15,gene,720470,721708,-,Verified,1238,False,721727.0,722027.0,721227.0,721727.0,720345,721727.0,721727.0,720345.0,721727.0,720345.0
YOR202W,HIS3,15,gene,721946,722608,+,Verified,662,False,721624.0,721924.0,721924.0,722424.0,721924,722775.0,721924.0,722775.0,721924.0,722775.0
YOR204W,DED1,15,gene,722911,724725,+,Verified,1814,False,722593.0,722893.0,722893.0,723393.0,722893,725040.0,722893.0,725040.0,722893.0,725040.0
YOR205C,GEP3,15,gene,725564,727234,-,Verified,1670,False,727243.0,727543.0,726743.0,727243.0,725424,727243.0,727243.0,725424.0,727243.0,725424.0
YOR206W,NOC2,15,gene,727512,729644,+,Verified,2132,False,727184.0,727484.0,727484.0,727984.0,727484,729725.0,727484.0,729725.0,727484.0,729725.0
YOR207C,RET1,15,gene,730008,733457,-,Verified,3449,False,733481.0,733781.0,732981.0,733481.0,729890,733481.0,733481.0,729890.0,733481.0,729890.0
YOR208W,PTP2,15,gene,733925,736177,+,Verified,2252,False,733441.0,733741.0,733741.0,734241.0,733741,736312.0,733741.0,736312.0,733741.0,736312.0
YOR209C,NPT1,15,gene,736437,737726,-,Verified,1289,False,737878.0,738178.0,737378.0,737878.0,736277,737878.0,737878.0,736277.0,737878.0,736277.0
YOR210W,RPB10,15,gene,738320,738532,+,Verified,212,False,737964.0,738264.0,738264.0,738764.0,738264,738824.0,738264.0,738824.0,738264.0,738824.0
YOR211C,MGM1,15,gene,738924,741569,-,Verified,2645,False,741761.0,742061.0,741261.0,741761.0,738846,741761.0,741761.0,738846.0,741761.0,738846.0
YOR212W,STE4,15,gene,742910,744181,+,Verified,1271,False,742491.0,742791.0,742791.0,743291.0,742791,744364.0,742791.0,744364.0,742791.0,744364.0
YOR213C,SAS5,15,gene,744535,745281,-,Verified,746,False,745374.0,745674.0,744874.0,745374.0,744203,745374.0,745374.0,744203.0,745374.0,744203.0
YOR214C,YOR214C,15,gene,745593,746303,-,Uncharacterized,710,,746303.0,746603.0,745803.0,746303.0,745593,746303.0,,,746303.0,745593.0
YOR215C,AIM41,15,gene,746725,747282,-,Verified,557,False,747291.0,747591.0,746791.0,747291.0,746584,747291.0,747291.0,746584.0,747291.0,746584.0
YOR216C,RUD3,15,gene,747525,748979,-,Verified,1454,False,749032.0,749332.0,748532.0,749032.0,747355,749032.0,749032.0,747355.0,749032.0,747355.0
YOR217W,RFC1,15,gene,749301,751886,+,Verified,2585,False,748885.0,749185.0,749185.0,749685.0,749185,752115.0,749185.0,752115.0,749185.0,752115.0
YOR219C,STE13,15,gene,752214,755009,-,Verified,2795,False,755066.0,755366.0,754566.0,755066.0,751908,755066.0,755066.0,751908.0,755066.0,751908.0
YOR220W,RCN2,15,gene,755328,756125,+,Uncharacterized,797,False,755005.0,755305.0,755305.0,755805.0,755305,756294.0,755305.0,756294.0,755305.0,756294.0
YOR221C,MCT1,15,gene,756476,757558,-,Verified,1082,False,757611.0,757911.0,757111.0,757611.0,756308,757611.0,757611.0,756308.0,757611.0,756308.0
YOR222W,ODC2,15,gene,758330,759253,+,Verified,923,False,757531.0,757831.0,757831.0,758331.0,757831,759288.0,757831.0,759288.0,757831.0,759288.0
YOR223W,YOR223W,15,gene,759782,760660,+,Uncharacterized,878,False,759450.0,759750.0,759750.0,760250.0,759750,760808.0,759750.0,760808.0,759750.0,760808.0
YOR224C,RPB8,15,gene,760825,761265,-,Verified,440,False,761302.0,761602.0,760802.0,761302.0,760719,761302.0,761302.0,760719.0,761302.0,760719.0
YOR226C,ISU2,15,gene,761614,762084,-,Verified,470,False,762106.0,762406.0,761606.0,762106.0,761458,762106.0,762106.0,761458.0,762106.0,761458.0
YOR227W,HER1,15,gene,762825,766565,+,Verified,3740,False,762294.0,762594.0,762594.0,763094.0,762594,766727.0,762594.0,766727.0,762594.0,766727.0
YOR228C,YOR228C,15,gene,766869,767777,-,Verified,908,False,768050.0,768350.0,767550.0,768050.0,766742,768050.0,768050.0,766742.0,768050.0,766742.0
YOR229W,WTM2,15,gene,768409,769812,+,Verified,1403,False,768063.0,768363.0,768363.0,768863.0,768363,770018.0,768363.0,770018.0,768363.0,770018.0
YOR230W,WTM1,15,gene,770800,772113,+,Verified,1313,False,770450.0,770750.0,770750.0,771250.0,770750,772277.0,770750.0,772277.0,770750.0,772277.0
YOR231W,MKK1,15,gene,772601,774127,+,Verified,1526,False,772151.0,772451.0,772451.0,772951.0,772451,774319.0,772451.0,774319.0,772451.0,774319.0
YOR232W,MGE1,15,gene,774573,775259,+,Verified,686,False,774170.0,774470.0,774470.0,774970.0,774470,775415.0,774470.0,775415.0,774470.0,775415.0
YOR233W,KIN4,15,gene,775846,778248,+,Verified,2402,False,775340.0,775640.0,775640.0,776140.0,775640,778316.0,775640.0,778316.0,775640.0,778316.0
YOR234C,RPL33B,15,gene,778555,779405,-,Verified,850,False,779438.0,779738.0,778938.0,779438.0,778478,779438.0,779438.0,778478.0,779438.0,778478.0
YOR236W,DFR1,15,gene,780906,781541,+,Verified,635,False,780593.0,780893.0,780893.0,781393.0,780893,781612.0,780893.0,781612.0,780893.0,781612.0
YOR237W,HES1,15,gene,781994,783298,+,Verified,1304,False,781520.0,781820.0,781820.0,782320.0,781820,783352.0,781820.0,783352.0,781820.0,783352.0
YOR238W,YOR238W,15,gene,783677,784588,+,Uncharacterized,911,False,783377.0,783677.0,783677.0,784177.0,783677,784680.0,783677.0,784680.0,783677.0,784680.0
YOR239W,ABP140,15,gene,784857,786744,+,Verified,1887,False,784500.0,784800.0,784800.0,785300.0,784800,786952.0,784800.0,786952.0,784800.0,786952.0
YOR241W,MET7,15,gene,786995,788641,+,Verified,1646,False,786875.0,787175.0,787175.0,787675.0,787175,788786.0,787175.0,788786.0,787175.0,788786.0
YOR242C,SSP2,15,gene,788742,789857,-,Verified,1115,,789857.0,790157.0,789357.0,789857.0,788742,789857.0,,,789857.0,788742.0
YOR243C,PUS7,15,gene,790211,792241,-,Verified,2030,False,792256.0,792556.0,791756.0,792256.0,790056,792256.0,792256.0,790056.0,792256.0,790056.0
YOR244W,ESA1,15,gene,792531,793868,+,Verified,1337,False,792203.0,792503.0,792503.0,793003.0,792503,794044.0,792503.0,794044.0,792503.0,794044.0
YOR245C,DGA1,15,gene,794076,795332,-,Verified,1256,False,795529.0,795829.0,795029.0,795529.0,793962,795529.0,795529.0,793962.0,795529.0,793962.0
YOR246C,YOR246C,15,gene,795801,796793,-,Uncharacterized,992,False,796857.0,797157.0,796357.0,796857.0,795719,796857.0,796857.0,795719.0,796857.0,795719.0
YOR247W,SRL1,15,gene,797676,798308,+,Verified,632,False,797144.0,797444.0,797444.0,797944.0,797444,798445.0,797444.0,798445.0,797444.0,798445.0
YOR249C,APC5,15,gene,798674,800731,-,Verified,2057,False,800748.0,801048.0,800248.0,800748.0,798621,800748.0,800748.0,798621.0,800748.0,798621.0
YOR250C,CLP1,15,gene,800970,802307,-,Verified,1337,False,802343.0,802643.0,801843.0,802343.0,800933,802343.0,802343.0,800933.0,802343.0,800933.0
YOR251C,TUM1,15,gene,802550,803464,-,Verified,914,False,803490.0,803790.0,802990.0,803490.0,802456,803490.0,803490.0,802456.0,803490.0,802456.0
YOR252W,TMA16,15,gene,803667,804203,+,Verified,536,False,803336.0,803636.0,803636.0,804136.0,803636,804305.0,803636.0,804305.0,803636.0,804305.0
YOR253W,NAT5,15,gene,804377,804907,+,Verified,530,False,804059.0,804359.0,804359.0,804859.0,804359,805020.0,804359.0,805020.0,804359.0,805020.0
YOR254C,SEC63,15,gene,805032,807023,-,Verified,1991,False,807072.0,807372.0,806572.0,807072.0,804907,807072.0,807072.0,804907.0,807072.0,804907.0
YOR255W,OSW1,15,gene,807271,808107,+,Verified,836,False,806822.0,807122.0,807122.0,807622.0,807122,808107.0,807122.0,,807122.0,808107.0
YOR256C,TRE2,15,gene,808254,810683,-,Verified,2429,False,810833.0,811133.0,810333.0,810833.0,808186,810833.0,810833.0,808186.0,810833.0,808186.0
YOR257W,CDC31,15,gene,811008,811493,+,Verified,485,False,810675.0,810975.0,810975.0,811475.0,810975,811562.0,810975.0,811562.0,810975.0,811562.0
YOR258W,HNT3,15,gene,811671,812324,+,Verified,653,False,811364.0,811664.0,811664.0,812164.0,811664,812414.0,811664.0,812414.0,811664.0,812414.0
YOR259C,RPT4,15,gene,812395,813708,-,Verified,1313,False,813730.0,814030.0,813230.0,813730.0,812320,813730.0,813730.0,812320.0,813730.0,812320.0
YOR260W,GCD1,15,gene,813984,815720,+,Verified,1736,False,813634.0,813934.0,813934.0,814434.0,813934,815842.0,813934.0,815842.0,813934.0,815842.0
YOR261C,RPN8,15,gene,815915,816931,-,Verified,1016,False,817025.0,817325.0,816525.0,817025.0,815839,817025.0,817025.0,815839.0,817025.0,815839.0
YOR262W,YOR262W,15,gene,817292,818335,+,Verified,1043,False,816930.0,817230.0,817230.0,817730.0,817230,818437.0,817230.0,818437.0,817230.0,818437.0
YOR264W,DSE3,15,gene,818866,820158,+,Verified,1292,False,818344.0,818644.0,818644.0,819144.0,818644,820361.0,818644.0,820361.0,818644.0,820361.0
YOR265W,RBL2,15,gene,820454,820774,+,Verified,320,False,820121.0,820421.0,820421.0,820921.0,820421,820989.0,820421.0,820989.0,820421.0,820989.0
YOR266W,PNT1,15,gene,821023,822294,+,Verified,1271,,820723.0,821023.0,821023.0,821523.0,821023,822294.0,,,821023.0,822294.0
YOR267C,HRK1,15,gene,822588,824867,-,Verified,2279,False,825025.0,825325.0,824525.0,825025.0,822392,825025.0,825025.0,822392.0,825025.0,822392.0
YOR268C,YOR268C,15,gene,825534,825932,-,Uncharacterized,398,,825932.0,826232.0,825432.0,825932.0,825534,825932.0,,,825932.0,825534.0
YOR269W,PAC1,15,gene,826385,827869,+,Verified,1484,False,826010.0,826310.0,826310.0,826810.0,826310,828028.0,826310.0,828028.0,826310.0,828028.0
YOR270C,VPH1,15,gene,828052,830574,-,Verified,2522,False,830746.0,831046.0,830246.0,830746.0,827926,830746.0,830746.0,827926.0,830746.0,827926.0
YOR271C,FSF1,15,gene,831059,832042,-,Uncharacterized,983,False,832083.0,832383.0,831583.0,832083.0,830942,832083.0,832083.0,830942.0,832083.0,830942.0
YOR272W,YTM1,15,gene,832813,834195,+,Verified,1382,False,832440.0,832740.0,832740.0,833240.0,832740,834275.0,832740.0,834275.0,832740.0,834275.0
YOR273C,TPO4,15,gene,834452,836431,-,Verified,1979,False,836500.0,836800.0,836000.0,836500.0,834235,836500.0,836500.0,834235.0,836500.0,834235.0
YOR274W,MOD5,15,gene,837674,838960,+,Verified,1286,False,837305.0,837605.0,837605.0,838105.0,837605,839026.0,837605.0,839026.0,837605.0,839026.0
YOR275C,RIM20,15,gene,839084,841069,-,Verified,1985,False,841102.0,841402.0,840602.0,841102.0,838953,841102.0,841102.0,838953.0,841102.0,838953.0
YOR276W,CAF20,15,gene,841333,841818,+,Verified,485,False,840974.0,841274.0,841274.0,841774.0,841274,841911.0,841274.0,841911.0,841274.0,841911.0
YOR278W,HEM4,15,gene,842817,843644,+,Verified,827,False,842489.0,842789.0,842789.0,843289.0,842789,843755.0,842789.0,843755.0,842789.0,843755.0
YOR279C,RFM1,15,gene,843698,844630,-,Verified,932,False,844742.0,845042.0,844242.0,844742.0,843629,844742.0,844742.0,843629.0,844742.0,843629.0
YOR280C,FSH3,15,gene,844992,845792,-,Verified,800,False,845814.0,846114.0,845314.0,845814.0,844891,845814.0,845814.0,844891.0,845814.0,844891.0
YOR281C,PLP2,15,gene,846269,847129,-,Verified,860,False,847158.0,847458.0,846658.0,847158.0,846167,847158.0,847158.0,846167.0,847158.0,846167.0
YOR283W,YOR283W,15,gene,847453,848145,+,Uncharacterized,692,False,847085.0,847385.0,847385.0,847885.0,847385,848289.0,847385.0,848289.0,847385.0,848289.0
YOR284W,HUA2,15,gene,848478,849209,+,Verified,731,False,848132.0,848432.0,848432.0,848932.0,848432,849491.0,848432.0,849491.0,848432.0,849491.0
YOR285W,RDL1,15,gene,849635,850054,+,Verified,419,False,849330.0,849630.0,849630.0,850130.0,849630,850123.0,849630.0,850123.0,849630.0,850123.0
YOR286W,RDL2,15,gene,850280,850729,+,Verified,449,False,849958.0,850258.0,850258.0,850758.0,850258,850976.0,850258.0,850976.0,850258.0,850976.0
YOR287C,RRP36,15,gene,850937,851839,-,Verified,902,False,851862.0,852162.0,851362.0,851862.0,850870,851862.0,851862.0,850870.0,851862.0,850870.0
YOR288C,MPD1,15,gene,852121,853077,-,Verified,956,False,853115.0,853415.0,852615.0,853115.0,852038,853115.0,853115.0,852038.0,853115.0,852038.0
YOR289W,YOR289W,15,gene,853357,854112,+,Uncharacterized,755,False,853057.0,853357.0,853357.0,853857.0,853357,854168.0,853357.0,854168.0,853357.0,854168.0
YOR290C,SNF2,15,gene,855147,860258,-,Verified,5111,False,860409.0,860709.0,859909.0,860409.0,855080,860409.0,860409.0,855080.0,860409.0,855080.0
YOR291W,YPK9,15,gene,861175,865593,+,Verified,4418,False,860691.0,860991.0,860991.0,861491.0,860991,865659.0,860991.0,865659.0,860991.0,865659.0
YOR292C,YOR292C,15,gene,865653,866582,-,Uncharacterized,929,False,866643.0,866943.0,866143.0,866643.0,865593,866643.0,866643.0,865593.0,866643.0,865593.0
YOR293W,RPS10A,15,gene,867098,867852,+,Verified,754,False,866772.0,867072.0,867072.0,867572.0,867072,867994.0,867072.0,867994.0,867072.0,867994.0
YOR293C-A,YOR293C-A,15,gene,867998,868147,-,Uncharacterized,149,False,868219.0,868519.0,867719.0,868219.0,867998,868219.0,868219.0,,868219.0,867998.0
YOR294W,RRS1,15,gene,868340,868951,+,Verified,611,False,867999.0,868299.0,868299.0,868799.0,868299,869101.0,868299.0,869101.0,868299.0,869101.0
YOR295W,UAF30,15,gene,869208,869894,+,Verified,686,False,868832.0,869132.0,869132.0,869632.0,869132,870126.0,869132.0,870126.0,869132.0,870126.0
YOR296W,YOR296W,15,gene,870202,874071,+,Uncharacterized,3869,False,869755.0,870055.0,870055.0,870555.0,870055,874255.0,870055.0,874255.0,870055.0,874255.0
YOR297C,TIM18,15,gene,874743,875321,-,Verified,578,False,875348.0,875648.0,874848.0,875348.0,874615,875348.0,875348.0,874615.0,875348.0,874615.0
YOR298W,MUM3,15,gene,875599,877038,+,Verified,1439,,875299.0,875599.0,875599.0,876099.0,875599,877038.0,,,875599.0,877038.0
YOR298C-A,MBF1,15,gene,877230,877685,-,Verified,455,False,877756.0,878056.0,877256.0,877756.0,876997,877756.0,877756.0,876997.0,877756.0,876997.0
YOR299W,BUD7,15,gene,878435,880675,+,Verified,2240,False,878061.0,878361.0,878361.0,878861.0,878361,880735.0,878361.0,880735.0,878361.0,880735.0
YOR301W,RAX1,15,gene,880965,882272,+,Verified,1307,False,880648.0,880948.0,880948.0,881448.0,880948,882583.0,880948.0,882583.0,880948.0,882583.0
YOR302W,YOR302W,15,gene,882765,882842,+,Verified,77,False,882370.0,882670.0,882670.0,883170.0,882670,882854.0,882670.0,882854.0,882670.0,882854.0
YOR303W,CPA1,15,gene,882899,884134,+,Verified,1235,False,882370.0,882670.0,882670.0,883170.0,882670,884210.0,882670.0,884210.0,882670.0,884210.0
YOR304W,ISW2,15,gene,884514,887876,+,Verified,3362,False,884049.0,884349.0,884349.0,884849.0,884349,888004.0,884349.0,888004.0,884349.0,888004.0
YOR304C-A,YOR304C-A,15,gene,888520,888750,-,Uncharacterized,230,False,888752.0,889052.0,888252.0,888752.0,888179,888752.0,888752.0,888179.0,888752.0,888179.0
YOR305W,RRG7,15,gene,889022,889750,+,Verified,728,False,888693.0,888993.0,888993.0,889493.0,888993,889829.0,888993.0,889829.0,888993.0,889829.0
YOR306C,MCH5,15,gene,889867,891432,-,Verified,1565,False,891617.0,891917.0,891117.0,891617.0,889764,891617.0,891617.0,889764.0,891617.0,889764.0
YOR307C,SLY41,15,gene,892731,894092,-,Verified,1361,False,894290.0,894590.0,893790.0,894290.0,892627,894290.0,894290.0,892627.0,894290.0,892627.0
YOR308C,SNU66,15,gene,894624,896387,-,Verified,1763,False,896412.0,896712.0,895912.0,896412.0,894332,896412.0,896412.0,894332.0,896412.0,894332.0
YOR310C,NOP58,15,gene,896825,898360,-,Verified,1535,False,898394.0,898694.0,897894.0,898394.0,896569,898394.0,898394.0,896569.0,898394.0,896569.0
YOR311C,DGK1,15,gene,899056,899928,-,Verified,872,False,899976.0,900276.0,899476.0,899976.0,898848,899976.0,899976.0,898848.0,899976.0,898848.0
YOR312C,RPL20B,15,gene,900250,901194,-,Verified,944,False,901265.0,901565.0,900765.0,901265.0,900169,901265.0,901265.0,900169.0,901265.0,900169.0
YOR313C,SPS4,15,gene,901858,902874,-,Verified,1016,,902874.0,903174.0,902374.0,902874.0,901858,902874.0,,,902874.0,901858.0
YOR315W,SFG1,15,gene,904760,905800,+,Verified,1040,False,904374.0,904674.0,904674.0,905174.0,904674,906137.0,904674.0,906137.0,904674.0,906137.0
YOR316C,COT1,15,gene,906236,907555,-,Verified,1319,False,907697.0,907997.0,907197.0,907697.0,906113,907697.0,907697.0,906113.0,907697.0,906113.0
YOR316C-A,YOR316C-A,15,gene,907726,907935,-,Uncharacterized,209,,907935.0,908235.0,907435.0,907935.0,907726,907935.0,,,907935.0,907726.0
YOR317W,FAA1,15,gene,909343,911445,+,Verified,2102,False,908993.0,909293.0,909293.0,909793.0,909293,911695.0,909293.0,911695.0,909293.0,911695.0
YOR319W,HSH49,15,gene,912822,913463,+,Verified,641,False,912519.0,912819.0,912819.0,913319.0,912819,913596.0,912819.0,913596.0,912819.0,913596.0
YOR320C,GNT1,15,gene,913619,915094,-,Verified,1475,False,915197.0,915497.0,914697.0,915197.0,913524,915197.0,915197.0,913524.0,915197.0,913524.0
YOR321W,PMT3,15,gene,916030,918291,+,Verified,2261,False,915687.0,915987.0,915987.0,916487.0,915987,918324.0,915987.0,918324.0,915987.0,918324.0
YOR322C,LDB19,15,gene,918606,921062,-,Verified,2456,False,921301.0,921601.0,920801.0,921301.0,918454,921301.0,921301.0,918454.0,921301.0,918454.0
YOR323C,PRO2,15,gene,921535,922905,-,Verified,1370,False,922925.0,923225.0,922425.0,922925.0,921466,922925.0,922925.0,921466.0,922925.0,921466.0
YOR324C,FRT1,15,gene,923232,925040,-,Verified,1808,False,925188.0,925488.0,924688.0,925188.0,923098,925188.0,925188.0,923098.0,925188.0,923098.0
YOR326W,MYO2,15,gene,925721,930445,+,Verified,4724,False,925248.0,925548.0,925548.0,926048.0,925548,930673.0,925548.0,930673.0,925548.0,930673.0
YOR327C,SNC2,15,gene,930734,931081,-,Verified,347,False,931165.0,931465.0,930665.0,931165.0,930613,931165.0,931165.0,930613.0,931165.0,930613.0
YOR328W,PDR10,15,gene,931803,936497,+,Verified,4694,False,933351.0,933651.0,933651.0,934151.0,933651,936725.0,933651.0,936725.0,933651.0,936725.0
YOR329C,SCD5,15,gene,936731,939349,-,Verified,2618,False,939393.0,939693.0,938893.0,939393.0,936489,939393.0,939393.0,936489.0,939393.0,936489.0
YOR330C,MIP1,15,gene,939621,943385,-,Verified,3764,False,943429.0,943729.0,942929.0,943429.0,939501,943429.0,943429.0,939501.0,943429.0,939501.0
YOR332W,VMA4,15,gene,943656,944357,+,Verified,701,False,943326.0,943626.0,943626.0,944126.0,943626,944419.0,943626.0,944419.0,943626.0,944419.0
YOR334W,MRS2,15,gene,944596,946008,+,Verified,1412,False,944297.0,944597.0,944597.0,945097.0,944597,946104.0,944597.0,946104.0,944597.0,946104.0
YOR335C,ALA1,15,gene,946233,949109,-,Verified,2876,False,949227.0,949527.0,948727.0,949227.0,946101,949227.0,949227.0,946101.0,949227.0,946101.0
YOR336W,KRE5,15,gene,949773,953870,+,Verified,4097,False,949449.0,949749.0,949749.0,950249.0,949749,954002.0,949749.0,954002.0,949749.0,954002.0
YOR337W,TEA1,15,gene,954344,956623,+,Verified,2279,False,953913.0,954213.0,954213.0,954713.0,954213,956896.0,954213.0,956896.0,954213.0,956896.0
YOR338W,YOR338W,15,gene,956898,957989,+,Uncharacterized,1091,,956598.0,956898.0,956898.0,957398.0,956898,957989.0,,,956898.0,957989.0
YOR339C,UBC11,15,gene,958362,958832,-,Verified,470,False,958869.0,959169.0,958369.0,958869.0,958116,958869.0,958869.0,958116.0,958869.0,958116.0
YOR340C,RPA43,15,gene,959202,960182,-,Verified,980,False,960263.0,960563.0,959763.0,960263.0,959122,960263.0,960263.0,959122.0,960263.0,959122.0
YOR341W,RPA190,15,gene,960987,965981,+,Verified,4994,False,960563.0,960863.0,960863.0,961363.0,960863,966263.0,960863.0,966263.0,960863.0,966263.0
YOR342C,YOR342C,15,gene,966666,967625,-,Uncharacterized,959,False,967983.0,968283.0,967483.0,967983.0,966587,967983.0,967983.0,966587.0,967983.0,966587.0
YOR344C,TYE7,15,gene,977194,978069,-,Verified,875,False,978202.0,978502.0,977702.0,978202.0,977012,978202.0,978202.0,977012.0,978202.0,977012.0
YOR346W,REV1,15,gene,981828,984785,+,Verified,2957,False,981378.0,981678.0,981678.0,982178.0,981678,984954.0,981678.0,984954.0,981678.0,984954.0
YOR347C,PYK2,15,gene,984942,986462,-,Verified,1520,False,986568.0,986868.0,986068.0,986568.0,984883,986568.0,986568.0,984883.0,986568.0,984883.0
YOR348C,PUT4,15,gene,986899,988782,-,Verified,1883,,988782.0,989082.0,988282.0,988782.0,986899,988782.0,,,988782.0,986899.0
YOR349W,CIN1,15,gene,989789,992833,+,Verified,3044,False,989463.0,989763.0,989763.0,990263.0,989763,992993.0,989763.0,992993.0,989763.0,992993.0
YOR350C,MNE1,15,gene,992864,994855,-,Verified,1991,False,994892.0,995192.0,994392.0,994892.0,992808,994892.0,994892.0,992808.0,994892.0,992808.0
YOR351C,MEK1,15,gene,995018,996511,-,Verified,1493,,996511.0,996811.0,996011.0,996511.0,995018,996511.0,,,996511.0,995018.0
YOR352W,YOR352W,15,gene,997213,998244,+,Uncharacterized,1031,False,996839.0,997139.0,997139.0,997639.0,997139,998323.0,997139.0,998323.0,997139.0,998323.0
YOR353C,SOG2,15,gene,998453,1000828,-,Verified,2375,False,1000862.0,1001162.0,1000362.0,1000862.0,998313,1000862.0,1000862.0,998313.0,1000862.0,998313.0
YOR354C,MSC6,15,gene,1001147,1003225,-,Verified,2078,False,1003251.0,1003551.0,1002751.0,1003251.0,1001032,1003251.0,1003251.0,1001032.0,1003251.0,1001032.0
YOR355W,GDS1,15,gene,1005137,1006705,+,Verified,1568,False,1004347.0,1004647.0,1004647.0,1005147.0,1004647,1006897.0,1004647.0,1006897.0,1004647.0,1006897.0
YOR356W,YOR356W,15,gene,1007221,1009116,+,Verified,1895,False,1006844.0,1007144.0,1007144.0,1007644.0,1007144,1009233.0,1007144.0,1009233.0,1007144.0,1009233.0
YOR357C,SNX3,15,gene,1009224,1009712,-,Verified,488,False,1009730.0,1010030.0,1009230.0,1009730.0,1009116,1009730.0,1009730.0,1009116.0,1009730.0,1009116.0
YOR358W,HAP5,15,gene,1010161,1010889,+,Verified,728,False,1009826.0,1010126.0,1010126.0,1010626.0,1010126,1011170.0,1010126.0,1011170.0,1010126.0,1011170.0
YOR359W,VTS1,15,gene,1011189,1012760,+,Verified,1571,False,1010750.0,1011050.0,1011050.0,1011550.0,1011050,1013021.0,1011050.0,1013021.0,1011050.0,1013021.0
YOR360C,PDE2,15,gene,1013241,1014821,-,Verified,1580,False,1015054.0,1015354.0,1014554.0,1015054.0,1013119,1015054.0,1015054.0,1013119.0,1015054.0,1013119.0
YOR361C,PRT1,15,gene,1015361,1017652,-,Verified,2291,False,1017576.0,1017876.0,1017076.0,1017576.0,1015276,1017576.0,1017576.0,1015276.0,1017576.0,1015276.0
YOR362C,PRE10,15,gene,1017880,1018746,-,Verified,866,False,1018801.0,1019101.0,1018301.0,1018801.0,1017698,1018801.0,1018801.0,1017698.0,1018801.0,1017698.0
YOR363C,PIP2,15,gene,1020222,1023212,-,Verified,2990,False,1023512.0,1023812.0,1023012.0,1023512.0,1019882,1023512.0,1023512.0,1019882.0,1023512.0,1019882.0
YOR365C,YOR365C,15,gene,1023461,1025572,-,Uncharacterized,2111,,1025572.0,1025872.0,1025072.0,1025572.0,1023461,1025572.0,,,1025572.0,1023461.0
YOR367W,SCP1,15,gene,1026007,1026609,+,Verified,602,False,1025683.0,1025983.0,1025983.0,1026483.0,1025983,1026694.0,1025983.0,1026694.0,1025983.0,1026694.0
YOR368W,RAD17,15,gene,1026843,1028048,+,Verified,1205,False,1026513.0,1026813.0,1026813.0,1027313.0,1026813,1028177.0,1026813.0,1028177.0,1026813.0,1028177.0
YOR369C,RPS12,15,gene,1028194,1028625,-,Verified,431,False,1028694.0,1028994.0,1028194.0,1028694.0,1028088,1028694.0,1028694.0,1028088.0,1028694.0,1028088.0
YOR370C,MRS6,15,gene,1029183,1030994,-,Verified,1811,False,1031335.0,1031635.0,1030835.0,1031335.0,1029026,1031335.0,1031335.0,1029026.0,1031335.0,1029026.0
YOR371C,GPB1,15,gene,1031489,1034182,-,Verified,2693,False,1034302.0,1034602.0,1033802.0,1034302.0,1031406,1034302.0,1034302.0,1031406.0,1034302.0,1031406.0
YOR372C,NDD1,15,gene,1034807,1036471,-,Verified,1664,False,1036564.0,1036864.0,1036064.0,1036564.0,1034475,1036564.0,1036564.0,1034475.0,1036564.0,1034475.0
YOR373W,NUD1,15,gene,1036834,1039389,+,Verified,2555,False,1036469.0,1036769.0,1036769.0,1037269.0,1036769,1039492.0,1036769.0,1039492.0,1036769.0,1039492.0
YOR374W,ALD4,15,gene,1039840,1041399,+,Verified,1559,False,1039481.0,1039781.0,1039781.0,1040281.0,1039781,1041518.0,1039781.0,1041518.0,1039781.0,1041518.0
YOR375C,GDH1,15,gene,1041678,1043042,-,Verified,1364,False,1043100.0,1043400.0,1042600.0,1043100.0,1041591,1043100.0,1043100.0,1041591.0,1043100.0,1041591.0
YOR376W-A,YOR376W-A,15,gene,1045196,1045351,+,Uncharacterized,155,,1044896.0,1045196.0,1045196.0,1045696.0,1045196,1045351.0,,,1045196.0,1045351.0
YOR377W,ATF1,15,gene,1046226,1047803,+,Verified,1577,False,1045909.0,1046209.0,1046209.0,1046709.0,1046209,1048025.0,1046209.0,1048025.0,1046209.0,1048025.0
YOR378W,YOR378W,15,gene,1049511,1051058,+,Uncharacterized,1547,,1049211.0,1049511.0,1049511.0,1050011.0,1049511,1051058.0,,,1049511.0,1051058.0
YOR380W,RDR1,15,gene,1051290,1052930,+,Verified,1640,False,1050778.0,1051078.0,1051078.0,1051578.0,1051078,1053001.0,1051078.0,1053001.0,1051078.0,1053001.0
YOR381W,FRE3,15,gene,1055545,1057680,+,Verified,2135,False,1054914.0,1055214.0,1055214.0,1055714.0,1055214,1057795.0,1055214.0,1057795.0,1055214.0,1057795.0
YOR381W-A,YOR381W-A,15,gene,1058423,1058590,+,Uncharacterized,167,,1058123.0,1058423.0,1058423.0,1058923.0,1058423,1058590.0,,,1058423.0,1058590.0
YOR382W,FIT2,15,gene,1059531,1059992,+,Verified,461,False,1059207.0,1059507.0,1059507.0,1060007.0,1059507,1060087.0,1059507.0,1060087.0,1059507.0,1060087.0
YOR383C,FIT3,15,gene,1060441,1061055,-,Verified,614,False,1061103.0,1061403.0,1060603.0,1061103.0,1060289,1061103.0,1061103.0,1060289.0,1061103.0,1060289.0
YOR384W,FRE5,15,gene,1061564,1063648,+,Verified,2084,False,1061227.0,1061527.0,1061527.0,1062027.0,1061527,1063648.0,1061527.0,,1061527.0,1063648.0
YOR385W,YOR385W,15,gene,1065043,1065915,+,Uncharacterized,872,False,1064736.0,1065036.0,1065036.0,1065536.0,1065036,1066199.0,1065036.0,1066199.0,1065036.0,1066199.0
YOR386W,PHR1,15,gene,1066839,1068536,+,Verified,1697,False,1066526.0,1066826.0,1066826.0,1067326.0,1066826,1068762.0,1066826.0,1068762.0,1066826.0,1068762.0
YOR387C,YOR387C,15,gene,1069621,1070241,-,Uncharacterized,620,False,1070909.0,1071209.0,1070409.0,1070909.0,1069621,1070909.0,1070909.0,,1070909.0,1069621.0
YOR388C,FDH1,15,gene,1071793,1072923,-,Verified,1130,,1072923.0,1073223.0,1072423.0,1072923.0,1071793,1072923.0,,,1072923.0,1071793.0
YOR389W,YOR389W,15,gene,1074213,1076087,+,Uncharacterized,1874,False,1073867.0,1074167.0,1074167.0,1074667.0,1074167,1076406.0,1074167.0,1076406.0,1074167.0,1076406.0
YOR390W,YOR390W,15,gene,1076784,1077911,+,Uncharacterized,1127,False,1076438.0,1076738.0,1076738.0,1077238.0,1076738,1078054.0,1076738.0,1078054.0,1076738.0,1078054.0
YOR391C,HSP33,15,gene,1078545,1079258,-,Verified,713,,1079258.0,1079558.0,1078758.0,1079258.0,1078545,1079258.0,,,1079258.0,1078545.0
YOR393W,ERR1,15,gene,1080276,1081589,+,Verified,1313,,1079976.0,1080276.0,1080276.0,1080776.0,1080276,1081589.0,,,1080276.0,1081589.0
YOR394W,PAU21,15,gene,1082718,1083212,+,Verified,494,,1082418.0,1082718.0,1082718.0,1083218.0,1082718,1083212.0,,,1082718.0,1083212.0
YOR394C-A,YOR394C-A,15,gene,1084202,1084369,-,Uncharacterized,167,,1084369.0,1084669.0,1083869.0,1084369.0,1084202,1084369.0,,,1084369.0,1084202.0
YOR396W,YRF1-8,15,gene,1085473,1090863,+,Uncharacterized,5390,False,1084764.0,1085064.0,1085064.0,1085564.0,1085064,1090941.0,1085064.0,1090941.0,1085064.0,1090941.0
YPL283C,YRF1-7,16,gene,280,6007,-,Verified,5727,False,6083.0,6383.0,5583.0,6083.0,280,6083.0,6083.0,,6083.0,280.0
YPL282C,PAU22,16,gene,7933,8427,-,Verified,494,,8427.0,8727.0,7927.0,8427.0,7933,8427.0,,,8427.0,7933.0
YPL281C,ERR2,16,gene,9557,10870,-,Verified,1313,,10870.0,11170.0,10370.0,10870.0,9557,10870.0,,,10870.0,9557.0
YPL280W,HSP32,16,gene,11887,12600,+,Uncharacterized,713,,11587.0,11887.0,11887.0,12387.0,11887,12600.0,,,11887.0,12600.0
YPL279C,YPL279C,16,gene,13228,14355,-,Uncharacterized,1127,False,14395.0,14695.0,13895.0,14395.0,12962,14395.0,14395.0,12962.0,14395.0,12962.0
YPL278C,YPL278C,16,gene,15053,15355,-,Uncharacterized,302,,15355.0,15655.0,14855.0,15355.0,15053,15355.0,,,15355.0,15053.0
YPL277C,YPL277C,16,gene,15405,16868,-,Uncharacterized,1463,,16868.0,17168.0,16368.0,16868.0,15405,16868.0,,,16868.0,15405.0
YPL274W,SAM3,16,gene,22938,24701,+,Verified,1763,False,22587.0,22887.0,22887.0,23387.0,22887,24764.0,22887.0,24764.0,22887.0,24764.0
YPL273W,SAM4,16,gene,25087,26064,+,Verified,977,False,24715.0,25015.0,25015.0,25515.0,25015,26168.0,25015.0,26168.0,25015.0,26168.0
YPL272C,YPL272C,16,gene,26611,28164,-,Uncharacterized,1553,,28164.0,28464.0,27664.0,28164.0,26611,28164.0,,,28164.0,26611.0
YPL271W,ATP15,16,gene,30079,30267,+,Verified,188,False,29759.0,30059.0,30059.0,30559.0,30059,30385.0,30059.0,30385.0,30059.0,30385.0
YPL270W,MDL2,16,gene,30482,32803,+,Verified,2321,False,30160.0,30460.0,30460.0,30960.0,30460,32903.0,30460.0,32903.0,30460.0,32903.0
YPL269W,KAR9,16,gene,33013,34947,+,Verified,1934,False,32714.0,33014.0,33014.0,33514.0,33014,35094.0,33014.0,35094.0,33014.0,35094.0
YPL268W,PLC1,16,gene,35236,37845,+,Verified,2609,False,34881.0,35181.0,35181.0,35681.0,35181,37891.0,35181.0,37891.0,35181.0,37891.0
YPL267W,ACM1,16,gene,38169,38798,+,Verified,629,False,37855.0,38155.0,38155.0,38655.0,38155,38866.0,38155.0,38866.0,38155.0,38866.0
YPL266W,DIM1,16,gene,39121,40077,+,Verified,956,False,38775.0,39075.0,39075.0,39575.0,39075,40151.0,39075.0,40151.0,39075.0,40151.0
YPL265W,DIP5,16,gene,41043,42869,+,Verified,1826,False,40648.0,40948.0,40948.0,41448.0,40948,43185.0,40948.0,43185.0,40948.0,43185.0
YPL264C,YPL264C,16,gene,43283,44344,-,Uncharacterized,1061,,44344.0,44644.0,43844.0,44344.0,43283,44344.0,,,44344.0,43283.0
YPL263C,KEL3,16,gene,44551,46506,-,Verified,1955,False,46529.0,46829.0,46029.0,46529.0,44474,46529.0,46529.0,44474.0,46529.0,44474.0
YPL262W,FUM1,16,gene,47336,48802,+,Verified,1466,False,47073.0,47373.0,47373.0,47873.0,47373,48844.0,47373.0,48844.0,47373.0,48844.0
YPL260W,YPL260W,16,gene,49303,50958,+,Uncharacterized,1655,False,48914.0,49214.0,49214.0,49714.0,49214,51140.0,49214.0,51140.0,49214.0,51140.0
YPL259C,APM1,16,gene,51244,52671,-,Verified,1427,False,52685.0,52985.0,52185.0,52685.0,51043,52685.0,52685.0,51043.0,52685.0,51043.0
YPL258C,THI21,16,gene,53498,55153,-,Verified,1655,False,55437.0,55737.0,54937.0,55437.0,53397,55437.0,55437.0,53397.0,55437.0,53397.0
YPL257W,YPL257W,16,gene,63279,63860,+,Uncharacterized,581,False,62913.0,63213.0,63213.0,63713.0,63213,63860.0,63213.0,,63213.0,63860.0
YPL256C,CLN2,16,gene,64977,66614,-,Verified,1637,False,66790.0,67090.0,66290.0,66790.0,64748,66790.0,66790.0,64748.0,66790.0,64748.0
YPL255W,BBP1,16,gene,67725,68882,+,Verified,1157,False,67404.0,67704.0,67704.0,68204.0,67704,69113.0,67704.0,69113.0,67704.0,69113.0
YPL254W,HFI1,16,gene,69485,70951,+,Verified,1466,False,68945.0,69245.0,69245.0,69745.0,69245,71021.0,69245.0,71021.0,69245.0,71021.0
YPL253C,VIK1,16,gene,71063,73006,-,Verified,1943,False,73048.0,73348.0,72548.0,73048.0,70971,73048.0,73048.0,70971.0,73048.0,70971.0
YPL252C,YAH1,16,gene,73363,73881,-,Verified,518,False,73926.0,74226.0,73426.0,73926.0,73262,73926.0,73926.0,73262.0,73926.0,73262.0
YPL250C,ICY2,16,gene,74309,74719,-,Verified,410,False,74862.0,75162.0,74362.0,74862.0,74121,74862.0,74862.0,74121.0,74862.0,74121.0
YPL249C-A,RPL36B,16,gene,75699,76239,-,Verified,540,False,76254.0,76554.0,75754.0,76254.0,75553,76254.0,76254.0,75553.0,76254.0,75553.0
YPL249C,GYP5,16,gene,76669,79353,-,Verified,2684,False,79381.0,79681.0,78881.0,79381.0,76620,79381.0,79381.0,76620.0,79381.0,76620.0
YPL248C,GAL4,16,gene,79711,82356,-,Verified,2645,,82356.0,82656.0,81856.0,82356.0,79711,82356.0,,,82356.0,79711.0
YPL247C,YPL247C,16,gene,82625,84196,-,Uncharacterized,1571,False,84294.0,84594.0,83794.0,84294.0,82510,84294.0,84294.0,82510.0,84294.0,82510.0
YPL246C,RBD2,16,gene,84509,85297,-,Verified,788,False,85338.0,85638.0,84838.0,85338.0,84405,85338.0,85338.0,84405.0,85338.0,84405.0
YPL245W,YPL245W,16,gene,85586,86950,+,Uncharacterized,1364,False,85229.0,85529.0,85529.0,86029.0,85529,87011.0,85529.0,87011.0,85529.0,87011.0
YPL244C,HUT1,16,gene,87014,88033,-,Verified,1019,False,88056.0,88356.0,87556.0,88056.0,86918,88056.0,88056.0,86918.0,88056.0,86918.0
YPL243W,SRP68,16,gene,88517,90316,+,Verified,1799,False,88128.0,88428.0,88428.0,88928.0,88428,90385.0,88428.0,90385.0,88428.0,90385.0
YPL242C,IQG1,16,gene,90622,95109,-,Verified,4487,False,95172.0,95472.0,94672.0,95172.0,90472,95172.0,95172.0,90472.0,95172.0,90472.0
YPL241C,CIN2,16,gene,95372,96258,-,Verified,886,False,96267.0,96567.0,95767.0,96267.0,95301,96267.0,96267.0,95301.0,96267.0,95301.0
YPL240C,HSP82,16,gene,96496,98625,-,Verified,2129,False,98682.0,98982.0,98182.0,98682.0,96378,98682.0,98682.0,96378.0,98682.0,96378.0
YPL239W,YAR1,16,gene,99484,100086,+,Verified,602,False,99107.0,99407.0,99407.0,99907.0,99407,100253.0,99407.0,100253.0,99407.0,100253.0
YPL237W,SUI3,16,gene,100496,101353,+,Verified,857,False,100154.0,100454.0,100454.0,100954.0,100454,101466.0,100454.0,101466.0,100454.0,101466.0
YPL236C,YPL236C,16,gene,101608,102702,-,Uncharacterized,1094,False,102972.0,103272.0,102472.0,102972.0,101468,102972.0,102972.0,101468.0,102972.0,101468.0
YPL235W,RVB2,16,gene,103232,104647,+,Verified,1415,False,102837.0,103137.0,103137.0,103637.0,103137,104717.0,103137.0,104717.0,103137.0,104717.0
YPL234C,VMA11,16,gene,104946,105440,-,Verified,494,False,105496.0,105796.0,104996.0,105496.0,104829,105496.0,105496.0,104829.0,105496.0,104829.0
YPL233W,NSL1,16,gene,106172,106822,+,Verified,650,False,105808.0,106108.0,106108.0,106608.0,106108,106863.0,106108.0,106863.0,106108.0,106863.0
YPL232W,SSO1,16,gene,107275,108147,+,Verified,872,False,106679.0,106979.0,106979.0,107479.0,106979,108230.0,106979.0,108230.0,106979.0,108230.0
YPL231W,FAS2,16,gene,108652,114315,+,Verified,5663,False,108316.0,108616.0,108616.0,109116.0,108616,114401.0,108616.0,114401.0,108616.0,114401.0
YPL230W,USV1,16,gene,115219,116487,+,Verified,1268,False,115522.0,115822.0,115822.0,116322.0,115822,116594.0,115822.0,116594.0,115822.0,116594.0
YPL229W,YPL229W,16,gene,117067,117687,+,Uncharacterized,620,False,116748.0,117048.0,117048.0,117548.0,117048,117950.0,117048.0,117950.0,117048.0,117950.0
YPL228W,CET1,16,gene,118382,120031,+,Verified,1649,False,117952.0,118252.0,118252.0,118752.0,118252,120184.0,118252.0,120184.0,118252.0,120184.0
YPL227C,ALG5,16,gene,120163,121167,-,Verified,1004,False,121293.0,121593.0,120793.0,121293.0,120146,121293.0,121293.0,120146.0,121293.0,120146.0
YPL226W,NEW1,16,gene,121767,125357,+,Verified,3590,False,121442.0,121742.0,121742.0,122242.0,121742,125610.0,121742.0,125610.0,121742.0,125610.0
YPL225W,YPL225W,16,gene,126006,126446,+,Verified,440,False,125659.0,125959.0,125959.0,126459.0,125959,126574.0,125959.0,126574.0,125959.0,126574.0
YPL224C,MMT2,16,gene,126634,128088,-,Verified,1454,False,128089.0,128389.0,127589.0,128089.0,126439,128089.0,128089.0,126439.0,128089.0,126439.0
YPL223C,GRE1,16,gene,128632,129138,-,Verified,506,False,129183.0,129483.0,128683.0,129183.0,128419,129183.0,129183.0,128419.0,129183.0,128419.0
YPL222W,FMP40,16,gene,130162,132228,+,Uncharacterized,2066,False,129740.0,130040.0,130040.0,130540.0,130040,132303.0,130040.0,132303.0,130040.0,132303.0
YPL221W,FLC1,16,gene,133043,135424,+,Verified,2381,False,132508.0,132808.0,132808.0,133308.0,132808,135602.0,132808.0,135602.0,132808.0,135602.0
YPL220W,RPL1A,16,gene,135790,136443,+,Verified,653,False,135479.0,135779.0,135779.0,136279.0,135779,136532.0,135779.0,136532.0,135779.0,136532.0
YPL219W,PCL8,16,gene,136750,138228,+,Verified,1478,False,136356.0,136656.0,136656.0,137156.0,136656,138320.0,136656.0,138320.0,136656.0,138320.0
YPL218W,SAR1,16,gene,138698,139409,+,Verified,711,False,138337.0,138637.0,138637.0,139137.0,138637,139473.0,138637.0,139473.0,138637.0,139473.0
YPL217C,BMS1,16,gene,139620,143171,-,Verified,3551,False,143216.0,143516.0,142716.0,143216.0,139522,143216.0,143216.0,139522.0,143216.0,139522.0
YPL216W,YPL216W,16,gene,143821,147129,+,Uncharacterized,3308,False,143113.0,143413.0,143413.0,143913.0,143413,147325.0,143413.0,147325.0,143413.0,147325.0
YPL215W,CBP3,16,gene,147416,148423,+,Verified,1007,False,147088.0,147388.0,147388.0,147888.0,147388,148585.0,147388.0,148585.0,147388.0,148585.0
YPL214C,THI6,16,gene,148569,150191,-,Verified,1622,False,150301.0,150601.0,149801.0,150301.0,148474,150301.0,150301.0,148474.0,150301.0,148474.0
YPL213W,LEA1,16,gene,150614,151330,+,Verified,716,False,150279.0,150579.0,150579.0,151079.0,150579,151362.0,150579.0,151362.0,150579.0,151362.0
YPL212C,PUS1,16,gene,151515,153149,-,Verified,1634,False,153201.0,153501.0,152701.0,153201.0,151363,153201.0,153201.0,151363.0,153201.0,151363.0
YPL211W,NIP7,16,gene,153495,154040,+,Verified,545,False,153154.0,153454.0,153454.0,153954.0,153454,154168.0,153454.0,154168.0,153454.0,154168.0
YPL210C,SRP72,16,gene,154290,156212,-,Verified,1922,False,156232.0,156532.0,155732.0,156232.0,154206,156232.0,156232.0,154206.0,156232.0,154206.0
YPL209C,IPL1,16,gene,156490,157593,-,Verified,1103,False,157661.0,157961.0,157161.0,157661.0,156392,157661.0,157661.0,156392.0,157661.0,156392.0
YPL208W,RKM1,16,gene,157842,159593,+,Verified,1751,False,157529.0,157829.0,157829.0,158329.0,157829,159663.0,157829.0,159663.0,157829.0,159663.0
YPL207W,TYW1,16,gene,159909,162341,+,Verified,2432,False,159533.0,159833.0,159833.0,160333.0,159833,162434.0,159833.0,162434.0,159833.0,162434.0
YPL206C,PGC1,16,gene,162632,163597,-,Verified,965,False,163664.0,163964.0,163164.0,163664.0,162545,163664.0,163664.0,162545.0,163664.0,162545.0
YPL204W,HRR25,16,gene,164276,165760,+,Verified,1484,False,163791.0,164091.0,164091.0,164591.0,164091,165895.0,164091.0,165895.0,164091.0,165895.0
YPL203W,TPK2,16,gene,166256,167398,+,Verified,1142,False,165795.0,166095.0,166095.0,166595.0,166095,167639.0,166095.0,167639.0,166095.0,167639.0
YPL202C,AFT2,16,gene,168088,169338,-,Verified,1250,False,169420.0,169720.0,168920.0,169420.0,168013,169420.0,169420.0,168013.0,169420.0,168013.0
YPL201C,YIG1,16,gene,169770,171155,-,Verified,1385,False,171005.0,171305.0,170505.0,171005.0,169722,171005.0,171005.0,169722.0,171005.0,169722.0
YPL200W,CSM4,16,gene,171484,171954,+,Verified,470,,171184.0,171484.0,171484.0,171984.0,171484,171954.0,,,171484.0,171954.0
YPL199C,YPL199C,16,gene,172033,172755,-,Uncharacterized,722,False,172768.0,173068.0,172268.0,172768.0,171965,172768.0,172768.0,171965.0,172768.0,171965.0
YPL198W,RPL7B,16,gene,173152,174702,+,Verified,1550,False,172802.0,173102.0,173102.0,173602.0,173102,174796.0,173102.0,174796.0,173102.0,174796.0
YPL196W,OXR1,16,gene,175043,175864,+,Verified,821,False,174672.0,174972.0,174972.0,175472.0,174972,175925.0,174972.0,175925.0,174972.0,175925.0
YPL195W,APL5,16,gene,176223,179021,+,Verified,2798,False,175894.0,176194.0,176194.0,176694.0,176194,179109.0,176194.0,179109.0,176194.0,179109.0
YPL194W,DDC1,16,gene,179277,181115,+,Verified,1838,False,178953.0,179253.0,179253.0,179753.0,179253,181331.0,179253.0,181331.0,179253.0,181331.0
YPL193W,RSA1,16,gene,181403,182548,+,Verified,1145,False,181097.0,181397.0,181397.0,181897.0,181397,182634.0,181397.0,182634.0,181397.0,182634.0
YPL192C,PRM3,16,gene,182655,183056,-,Verified,401,False,183280.0,183580.0,182780.0,183280.0,182655,183280.0,183280.0,,183280.0,182655.0
YPL191C,YPL191C,16,gene,183597,184679,-,Uncharacterized,1082,False,184725.0,185025.0,184225.0,184725.0,183547,184725.0,184725.0,183547.0,184725.0,183547.0
YPL190C,NAB3,16,gene,185317,187725,-,Verified,2408,False,187842.0,188142.0,187342.0,187842.0,185054,187842.0,187842.0,185054.0,187842.0,185054.0
YPL189C-A,COA2,16,gene,188307,188513,-,Verified,206,False,188611.0,188911.0,188111.0,188611.0,188072,188611.0,188611.0,188072.0,188611.0,188072.0
YPL189W,GUP2,16,gene,189154,190983,+,Verified,1829,False,188724.0,189024.0,189024.0,189524.0,189024,191096.0,189024.0,191096.0,189024.0,191096.0
YPL188W,POS5,16,gene,191406,192650,+,Verified,1244,False,191091.0,191391.0,191391.0,191891.0,191391,192910.0,191391.0,192910.0,191391.0,192910.0
YPL187W,MF(ALPHA)1,16,gene,193648,194145,+,Verified,497,False,193357.0,193657.0,193657.0,194157.0,193657,194145.0,193657.0,,193657.0,194145.0
YPL186C,UIP4,16,gene,194512,195426,-,Verified,914,,195426.0,195726.0,194926.0,195426.0,194512,195426.0,,,195426.0,194512.0
YPL184C,MRN1,16,gene,195950,197788,-,Verified,1838,False,198462.0,198762.0,197962.0,198462.0,195884,198462.0,198462.0,195884.0,198462.0,195884.0
YPL183W-A,RTC6,16,gene,199095,199376,+,Verified,281,False,198690.0,198990.0,198990.0,199490.0,198990,199529.0,198990.0,199529.0,198990.0,199529.0
YPL183C,RTT10,16,gene,199495,202536,-,Verified,3041,False,202548.0,202848.0,202048.0,202548.0,199417,202548.0,202548.0,199417.0,202548.0,199417.0
YPL181W,CTI6,16,gene,203421,204941,+,Verified,1520,False,202875.0,203175.0,203175.0,203675.0,203175,205065.0,203175.0,205065.0,203175.0,205065.0
YPL180W,TCO89,16,gene,205248,207647,+,Verified,2399,False,204932.0,205232.0,205232.0,205732.0,205232,207850.0,205232.0,207850.0,205232.0,207850.0
YPL179W,PPQ1,16,gene,208157,209806,+,Verified,1649,False,207689.0,207989.0,207989.0,208489.0,207989,210027.0,207989.0,210027.0,207989.0,210027.0
YPL178W,CBC2,16,gene,212158,212784,+,Verified,626,False,211799.0,212099.0,212099.0,212599.0,212099,212894.0,212099.0,212894.0,212099.0,212894.0
YPL177C,CUP9,16,gene,213042,213962,-,Verified,920,False,214088.0,214388.0,213588.0,214088.0,212933,214088.0,214088.0,212933.0,214088.0,212933.0
YPL176C,TRE1,16,gene,216012,218363,-,Verified,2351,False,218395.0,218695.0,217895.0,218395.0,215872,218395.0,218395.0,215872.0,218395.0,215872.0
YPL175W,SPT14,16,gene,218630,220088,+,Verified,1458,False,218288.0,218588.0,218588.0,219088.0,218588,220201.0,218588.0,220201.0,218588.0,220201.0
YPL174C,NIP100,16,gene,220167,222773,-,Verified,2606,False,222907.0,223207.0,222407.0,222907.0,220072,222907.0,222907.0,220072.0,222907.0,220072.0
YPL173W,MRPL40,16,gene,223143,224036,+,Verified,893,False,222778.0,223078.0,223078.0,223578.0,223078,224200.0,223078.0,224200.0,223078.0,224200.0
YPL172C,COX10,16,gene,224353,225741,-,Verified,1388,False,225845.0,226145.0,225345.0,225845.0,224215,225845.0,225845.0,224215.0,225845.0,224215.0
YPL171C,OYE3,16,gene,226169,227371,-,Verified,1202,,227371.0,227671.0,226871.0,227371.0,226169,227371.0,,,227371.0,226169.0
YPL170W,DAP1,16,gene,228314,228772,+,Verified,458,False,227985.0,228285.0,228285.0,228785.0,228285,228975.0,228285.0,228975.0,228285.0,228975.0
YPL169C,MEX67,16,gene,229039,230838,-,Verified,1799,False,230861.0,231161.0,230361.0,230861.0,228861,230861.0,230861.0,228861.0,230861.0,228861.0
YPL168W,YPL168W,16,gene,231217,232509,+,Uncharacterized,1292,False,230773.0,231073.0,231073.0,231573.0,231073,232566.0,231073.0,232566.0,231073.0,232566.0
YPL167C,REV3,16,gene,232593,237107,-,Verified,4514,False,237158.0,237458.0,236658.0,237158.0,232493,237158.0,237158.0,232493.0,237158.0,232493.0
YPL166W,ATG29,16,gene,237338,237979,+,Verified,641,False,236971.0,237271.0,237271.0,237771.0,237271,237979.0,237271.0,,237271.0,237979.0
YPL165C,SET6,16,gene,237956,239077,-,Verified,1121,False,239193.0,239493.0,238693.0,239193.0,237956,239193.0,239193.0,,239193.0,237956.0
YPL164C,MLH3,16,gene,239350,241497,-,Verified,2147,False,241549.0,241849.0,241049.0,241549.0,239083,241549.0,241549.0,239083.0,241549.0,239083.0
YPL163C,SVS1,16,gene,241918,242700,-,Verified,782,False,242724.0,243024.0,242224.0,242724.0,241764,242724.0,242724.0,241764.0,242724.0,241764.0
YPL162C,YPL162C,16,gene,243206,244027,-,Uncharacterized,821,False,244083.0,244383.0,243583.0,244083.0,243206,244083.0,244083.0,,244083.0,243206.0
YPL161C,BEM4,16,gene,244319,246220,-,Verified,1901,False,246288.0,246588.0,245788.0,246288.0,244207,246288.0,246288.0,244207.0,246288.0,244207.0
YPL160W,CDC60,16,gene,246990,250262,+,Verified,3272,False,246624.0,246924.0,246924.0,247424.0,246924,250434.0,246924.0,250434.0,246924.0,250434.0
YPL159C,PET20,16,gene,250907,251668,-,Verified,761,False,251787.0,252087.0,251287.0,251787.0,250716,251787.0,251787.0,250716.0,251787.0,250716.0
YPL158C,AIM44,16,gene,252034,254310,-,Verified,2276,False,254381.0,254681.0,253881.0,254381.0,251980,254381.0,254381.0,251980.0,254381.0,251980.0
YPL157W,TGS1,16,gene,254814,255761,+,Verified,947,False,254395.0,254695.0,254695.0,255195.0,254695,255878.0,254695.0,255878.0,254695.0,255878.0
YPL156C,PRM4,16,gene,255913,256767,-,Verified,854,False,256828.0,257128.0,256328.0,256828.0,255746,256828.0,256828.0,255746.0,256828.0,255746.0
YPL155C,KIP2,16,gene,257216,259336,-,Verified,2120,False,259417.0,259717.0,258917.0,259417.0,257216,259417.0,259417.0,,259417.0,257216.0
YPL154C,PEP4,16,gene,259714,260931,-,Verified,1217,False,261195.0,261495.0,260695.0,261195.0,259623,261195.0,261195.0,259623.0,261195.0,259623.0
YPL153C,RAD53,16,gene,261727,264192,-,Verified,2465,False,264359.0,264659.0,263859.0,264359.0,261542,264359.0,264359.0,261542.0,264359.0,261542.0
YPL152W-A,YPL152W-A,16,gene,264602,264700,+,Uncharacterized,98,False,264271.0,264571.0,264571.0,265071.0,264571,264700.0,264571.0,,264571.0,264700.0
YPL152W,RRD2,16,gene,265028,266104,+,Verified,1076,False,264649.0,264949.0,264949.0,265449.0,264949,266199.0,264949.0,266199.0,264949.0,266199.0
YPL151C,PRP46,16,gene,266180,267535,-,Verified,1355,False,267568.0,267868.0,267068.0,267568.0,266100,267568.0,267568.0,266100.0,267568.0,266100.0
YPL150W,YPL150W,16,gene,268188,270893,+,Uncharacterized,2705,False,267467.0,267767.0,267767.0,268267.0,267767,271073.0,267767.0,271073.0,267767.0,271073.0
YPL149W,ATG5,16,gene,271310,272194,+,Verified,884,False,270951.0,271251.0,271251.0,271751.0,271251,272205.0,271251.0,272205.0,271251.0,272205.0
YPL148C,PPT2,16,gene,272294,272815,-,Verified,521,False,272953.0,273253.0,272453.0,272953.0,272294,272953.0,272953.0,,272953.0,272294.0
YPL147W,PXA1,16,gene,273255,275867,+,Verified,2612,,272955.0,273255.0,273255.0,273755.0,273255,275867.0,,,273255.0,275867.0
YPL146C,NOP53,16,gene,276162,277529,-,Verified,1367,False,277550.0,277850.0,277050.0,277550.0,276020,277550.0,277550.0,276020.0,277550.0,276020.0
YPL145C,KES1,16,gene,278395,279699,-,Verified,1304,False,279956.0,280256.0,279456.0,279956.0,278395,279956.0,279956.0,,279956.0,278395.0
YPL144W,POC4,16,gene,280480,280926,+,Verified,446,False,280155.0,280455.0,280455.0,280955.0,280455,281063.0,280455.0,281063.0,280455.0,281063.0
YPL143W,RPL33A,16,gene,282122,282970,+,Verified,848,False,281792.0,282092.0,282092.0,282592.0,282092,283020.0,282092.0,283020.0,282092.0,283020.0
YPL141C,FRK1,16,gene,283464,286061,-,Verified,2597,False,286290.0,286590.0,285790.0,286290.0,283233,286290.0,286290.0,283233.0,286290.0,283233.0
YPL140C,MKK2,16,gene,287514,289034,-,Verified,1520,False,289263.0,289563.0,288763.0,289263.0,287332,289263.0,289263.0,287332.0,289263.0,287332.0
YPL139C,UME1,16,gene,289669,291051,-,Verified,1382,False,291108.0,291408.0,290608.0,291108.0,289579,291108.0,291108.0,289579.0,291108.0,289579.0
YPL138C,SPP1,16,gene,291366,292427,-,Verified,1061,False,292450.0,292750.0,291950.0,292450.0,291245,292450.0,292450.0,291245.0,292450.0,291245.0
YPL137C,GIP3,16,gene,292817,296647,-,Verified,3830,False,296898.0,297198.0,296398.0,296898.0,292652,296898.0,296898.0,292652.0,296898.0,292652.0
YPL135W,ISU1,16,gene,297553,298050,+,Verified,497,False,297190.0,297490.0,297490.0,297990.0,297490,298402.0,297490.0,298402.0,297490.0,298402.0
YPL134C,ODC1,16,gene,298571,299503,-,Verified,932,False,299524.0,299824.0,299024.0,299524.0,298474,299524.0,299524.0,298474.0,299524.0,298474.0
YPL133C,RDS2,16,gene,299888,301228,-,Verified,1340,False,301359.0,301659.0,300859.0,301359.0,299843,301359.0,301359.0,299843.0,301359.0,299843.0
YPL132W,COX11,16,gene,301716,302618,+,Verified,902,False,301243.0,301543.0,301543.0,302043.0,301543,302727.0,301543.0,302727.0,301543.0,302727.0
YPL131W,RPL5,16,gene,303121,304014,+,Verified,893,False,302803.0,303103.0,303103.0,303603.0,303103,304114.0,303103.0,304114.0,303103.0,304114.0
YPL130W,SPO19,16,gene,304387,305058,+,Verified,671,,304087.0,304387.0,304387.0,304887.0,304387,305058.0,,,304387.0,305058.0
YPL129W,TAF14,16,gene,305298,306137,+,Verified,839,False,304942.0,305242.0,305242.0,305742.0,305242,306208.0,305242.0,306208.0,305242.0,306208.0
YPL128C,TBF1,16,gene,306533,308221,-,Verified,1688,False,308291.0,308591.0,307791.0,308291.0,306256,308291.0,308291.0,306256.0,308291.0,306256.0
YPL127C,HHO1,16,gene,308828,309604,-,Verified,776,False,309628.0,309928.0,309128.0,309628.0,308689,309628.0,309628.0,308689.0,309628.0,308689.0
YPL126W,NAN1,16,gene,310210,312900,+,Verified,2690,False,309854.0,310154.0,310154.0,310654.0,310154,313011.0,310154.0,313011.0,310154.0,313011.0
YPL125W,KAP120,16,gene,313388,316486,+,Verified,3098,False,312930.0,313230.0,313230.0,313730.0,313230,316559.0,313230.0,316559.0,313230.0,316559.0
YPL124W,SPC29,16,gene,316755,317516,+,Verified,761,False,316425.0,316725.0,316725.0,317225.0,316725,317585.0,316725.0,317585.0,316725.0,317585.0
YPL123C,RNY1,16,gene,317641,318945,-,Verified,1304,False,318954.0,319254.0,318454.0,318954.0,317501,318954.0,318954.0,317501.0,318954.0,317501.0
YPL122C,TFB2,16,gene,319226,320767,-,Verified,1541,False,320794.0,321094.0,320294.0,320794.0,319128,320794.0,320794.0,319128.0,320794.0,319128.0
YPL121C,MEI5,16,gene,320962,321630,-,Verified,668,False,321814.0,322114.0,321314.0,321814.0,320962,321814.0,321814.0,,321814.0,320962.0
YPL120W,VPS30,16,gene,322071,323744,+,Verified,1673,False,321756.0,322056.0,322056.0,322556.0,322056,324084.0,322056.0,324084.0,322056.0,324084.0
YPL119C-A,YPL119C-A,16,gene,324024,324287,-,Uncharacterized,263,False,324396.0,324696.0,323896.0,324396.0,323991,324396.0,324396.0,323991.0,324396.0,323991.0
YPL119C,DBP1,16,gene,324411,326264,-,Verified,1853,False,326350.0,326650.0,325850.0,326350.0,324331,326350.0,326350.0,324331.0,326350.0,324331.0
YPL118W,MRP51,16,gene,326628,327662,+,Verified,1034,False,326243.0,326543.0,326543.0,327043.0,326543,327768.0,326543.0,327768.0,326543.0,327768.0
YPL117C,IDI1,16,gene,327864,328730,-,Verified,866,False,328848.0,329148.0,328348.0,328848.0,327683,328848.0,328848.0,327683.0,328848.0,327683.0
YPL116W,HOS3,16,gene,329606,331699,+,Verified,2093,False,329110.0,329410.0,329410.0,329910.0,329410,331836.0,329410.0,331836.0,329410.0,331836.0
YPL115C,BEM3,16,gene,332100,335486,-,Verified,3386,False,335709.0,336009.0,335209.0,335709.0,331837,335709.0,335709.0,331837.0,335709.0,331837.0
YPL113C,YPL113C,16,gene,335953,337143,-,Uncharacterized,1190,False,337159.0,337459.0,336659.0,337159.0,335860,337159.0,337159.0,335860.0,337159.0,335860.0
YPL112C,PEX25,16,gene,337436,338620,-,Verified,1184,False,338671.0,338971.0,338171.0,338671.0,337371,338671.0,338671.0,337371.0,338671.0,337371.0
YPL111W,CAR1,16,gene,339944,340945,+,Verified,1001,False,339599.0,339899.0,339899.0,340399.0,339899,341023.0,339899.0,341023.0,339899.0,341023.0
YPL110C,GDE1,16,gene,341068,344739,-,Verified,3671,False,345098.0,345398.0,344598.0,345098.0,340990,345098.0,345098.0,340990.0,345098.0,340990.0
YPL109C,YPL109C,16,gene,345264,347389,-,Uncharacterized,2125,False,347467.0,347767.0,346967.0,347467.0,345256,347467.0,347467.0,345256.0,347467.0,345256.0
YPL108W,YPL108W,16,gene,348446,348952,+,Uncharacterized,506,False,348158.0,348458.0,348458.0,348958.0,348458,349062.0,348458.0,349062.0,348458.0,349062.0
YPL107W,YPL107W,16,gene,349119,349865,+,Uncharacterized,746,False,348770.0,349070.0,349070.0,349570.0,349070,349966.0,349070.0,349966.0,349070.0,349966.0
YPL106C,SSE1,16,gene,350194,352275,-,Verified,2081,False,352321.0,352621.0,351821.0,352321.0,350054,352321.0,352321.0,350054.0,352321.0,350054.0
YPL105C,SYH1,16,gene,352863,355412,-,Verified,2549,False,355427.0,355727.0,354927.0,355427.0,352751,355427.0,355427.0,352751.0,355427.0,352751.0
YPL104W,MSD1,16,gene,355700,357676,+,Verified,1976,False,355347.0,355647.0,355647.0,356147.0,355647,357926.0,355647.0,357926.0,355647.0,357926.0
YPL103C,FMP30,16,gene,358000,359406,-,Verified,1406,False,359443.0,359743.0,358943.0,359443.0,357667,359443.0,359443.0,357667.0,359443.0,357667.0
YPL101W,ELP4,16,gene,360209,361579,+,Verified,1370,False,359871.0,360171.0,360171.0,360671.0,360171,361708.0,360171.0,361708.0,360171.0,361708.0
YPL100W,ATG21,16,gene,361872,363362,+,Verified,1490,False,361496.0,361796.0,361796.0,362296.0,361796,363409.0,361796.0,363409.0,361796.0,363409.0
YPL099C,AIM43,16,gene,363520,364068,-,Verified,548,,364068.0,364368.0,363568.0,364068.0,363520,364068.0,,,364068.0,363520.0
YPL098C,MGR2,16,gene,364386,364727,-,Verified,341,False,364785.0,365085.0,364285.0,364785.0,364237,364785.0,364785.0,364237.0,364785.0,364237.0
YPL097W,MSY1,16,gene,364952,366430,+,Verified,1478,False,364628.0,364928.0,364928.0,365428.0,364928,366523.0,364928.0,366523.0,364928.0,366523.0
YPL096C-A,ERI1,16,gene,366529,366735,-,Verified,206,False,366778.0,367078.0,366278.0,366778.0,366414,366778.0,366778.0,366414.0,366778.0,366414.0
YPL096W,PNG1,16,gene,366927,368018,+,Verified,1091,False,366612.0,366912.0,366912.0,367412.0,366912,368081.0,366912.0,368081.0,366912.0,368081.0
YPL095C,EEB1,16,gene,368071,369441,-,Verified,1370,False,369482.0,369782.0,368982.0,369482.0,368018,369482.0,369482.0,368018.0,369482.0,368018.0
YPL094C,SEC62,16,gene,369839,370663,-,Verified,824,False,370686.0,370986.0,370186.0,370686.0,369777,370686.0,370686.0,369777.0,370686.0,369777.0
YPL093W,NOG1,16,gene,370978,372921,+,Verified,1943,False,370634.0,370934.0,370934.0,371434.0,370934,373159.0,370934.0,373159.0,370934.0,373159.0
YPL092W,SSU1,16,gene,373793,375169,+,Verified,1376,False,373350.0,373650.0,373650.0,374150.0,373650,375269.0,373650.0,375269.0,373650.0,375269.0
YPL091W,GLR1,16,gene,375502,376953,+,Verified,1451,False,375177.0,375477.0,375477.0,375977.0,375477,377064.0,375477.0,377064.0,375477.0,377064.0
YPL090C,RPS6A,16,gene,377291,378395,-,Verified,1104,False,378469.0,378769.0,377969.0,378469.0,377129,378469.0,378469.0,377129.0,378469.0,377129.0
YPL089C,RLM1,16,gene,379120,381150,-,Verified,2030,False,381415.0,381715.0,380915.0,381415.0,378993,381415.0,381415.0,378993.0,381415.0,378993.0
YPL088W,YPL088W,16,gene,381965,382993,+,Uncharacterized,1028,False,381578.0,381878.0,381878.0,382378.0,381878,383078.0,381878.0,383078.0,381878.0,383078.0
YPL087W,YDC1,16,gene,383455,384408,+,Verified,953,False,383024.0,383324.0,383324.0,383824.0,383324,384515.0,383324.0,384515.0,383324.0,384515.0
YPL086C,ELP3,16,gene,384773,386446,-,Verified,1673,False,386476.0,386776.0,385976.0,386476.0,384655,386476.0,386476.0,384655.0,386476.0,384655.0
YPL085W,SEC16,16,gene,387067,393654,+,Verified,6587,False,386590.0,386890.0,386890.0,387390.0,386890,393748.0,386890.0,393748.0,386890.0,393748.0
YPL084W,BRO1,16,gene,394038,396572,+,Verified,2534,False,393682.0,393982.0,393982.0,394482.0,393982,396723.0,393982.0,396723.0,393982.0,396723.0
YPL083C,SEN54,16,gene,396702,398105,-,Verified,1403,False,398161.0,398461.0,397661.0,398161.0,396563,398161.0,398161.0,396563.0,398161.0,396563.0
YPL082C,MOT1,16,gene,398480,404083,-,Verified,5603,False,404224.0,404524.0,403724.0,404224.0,398348,404224.0,404224.0,398348.0,404224.0,398348.0
YPL081W,RPS9A,16,gene,404950,406044,+,Verified,1094,False,404610.0,404910.0,404910.0,405410.0,404910,406217.0,404910.0,406217.0,404910.0,406217.0
YPL079W,RPL21B,16,gene,406636,407539,+,Verified,903,False,406302.0,406602.0,406602.0,407102.0,406602,407645.0,406602.0,407645.0,406602.0,407645.0
YPL078C,ATP4,16,gene,408010,408744,-,Verified,734,False,408802.0,409102.0,408302.0,408802.0,407753,408802.0,408802.0,407753.0,408802.0,407753.0
YPL077C,YPL077C,16,gene,409368,410090,-,Uncharacterized,722,False,410119.0,410419.0,409619.0,410119.0,409019,410119.0,410119.0,409019.0,410119.0,409019.0
YPL076W,GPI2,16,gene,410443,411285,+,Verified,842,False,409998.0,410298.0,410298.0,410798.0,410298,411457.0,410298.0,411457.0,410298.0,411457.0
YPL075W,GCR1,16,gene,412254,415362,+,Verified,3108,False,411882.0,412182.0,412182.0,412682.0,412182,415581.0,412182.0,415581.0,412182.0,415581.0
YPL074W,YTA6,16,gene,415763,418027,+,Verified,2264,False,415435.0,415735.0,415735.0,416235.0,415735,418166.0,415735.0,418166.0,415735.0,418166.0
YPL072W,UBP16,16,gene,418512,420011,+,Verified,1499,False,418023.0,418323.0,418323.0,418823.0,418323,420060.0,418323.0,420060.0,418323.0,420060.0
YPL071C,YPL071C,16,gene,420048,420518,-,Uncharacterized,470,False,420565.0,420865.0,420065.0,420565.0,419961,420565.0,420565.0,419961.0,420565.0,419961.0
YPL070W,MUK1,16,gene,420948,422786,+,Verified,1838,False,420442.0,420742.0,420742.0,421242.0,420742,422990.0,420742.0,422990.0,420742.0,422990.0
YPL069C,BTS1,16,gene,422885,423892,-,Verified,1007,False,423919.0,424219.0,423419.0,423919.0,422700,423919.0,423919.0,422700.0,423919.0,422700.0
YPL068C,YPL068C,16,gene,424215,425096,-,Uncharacterized,881,False,425136.0,425436.0,424636.0,425136.0,424151,425136.0,425136.0,424151.0,425136.0,424151.0
YPL067C,YPL067C,16,gene,425251,425847,-,Uncharacterized,596,False,425905.0,426205.0,425405.0,425905.0,425164,425905.0,425905.0,425164.0,425905.0,425164.0
YPL066W,YPL066W,16,gene,426233,427672,+,Uncharacterized,1439,False,425509.0,425809.0,425809.0,426309.0,425809,427767.0,425809.0,427767.0,425809.0,427767.0
YPL065W,VPS28,16,gene,427927,428655,+,Verified,728,False,427628.0,427928.0,427928.0,428428.0,427928,428713.0,427928.0,428713.0,427928.0,428713.0
YPL064C,CWC27,16,gene,428711,429616,-,Verified,905,False,429648.0,429948.0,429148.0,429648.0,428655,429648.0,429648.0,428655.0,429648.0,428655.0
YPL063W,TIM50,16,gene,429939,431369,+,Verified,1430,False,429516.0,429816.0,429816.0,430316.0,429816,431441.0,429816.0,431441.0,429816.0,431441.0
YPL061W,ALD6,16,gene,432588,434090,+,Verified,1502,False,432242.0,432542.0,432542.0,433042.0,432542,434213.0,432542.0,434213.0,432542.0,434213.0
YPL060W,MFM1,16,gene,434523,435764,+,Verified,1241,False,434169.0,434469.0,434469.0,434969.0,434469,435825.0,434469.0,435825.0,434469.0,435825.0
YPL059W,GRX5,16,gene,444579,445031,+,Verified,452,False,444226.0,444526.0,444526.0,445026.0,444526,445204.0,444526.0,445204.0,444526.0,445204.0
YPL058C,PDR12,16,gene,445842,450377,-,Verified,4535,False,450665.0,450965.0,450165.0,450665.0,445613,450665.0,450665.0,445613.0,450665.0,445613.0
YPL057C,SUR1,16,gene,451909,453057,-,Verified,1148,False,453228.0,453528.0,452728.0,453228.0,451909,453228.0,453228.0,,453228.0,451909.0
YPL056C,LCL1,16,gene,453430,453735,-,Uncharacterized,305,False,453810.0,454110.0,453310.0,453810.0,453114,453810.0,453810.0,453114.0,453810.0,453114.0
YPL055C,LGE1,16,gene,453992,454990,-,Verified,998,False,454991.0,455291.0,454491.0,454991.0,453916,454991.0,454991.0,453916.0,454991.0,453916.0
YPL054W,LEE1,16,gene,455759,456664,+,Verified,905,False,455358.0,455658.0,455658.0,456158.0,455658,456770.0,455658.0,456770.0,455658.0,456770.0
YPL053C,KTR6,16,gene,457118,458458,-,Verified,1340,False,458531.0,458831.0,458031.0,458531.0,457015,458531.0,458531.0,457015.0,458531.0,457015.0
YPL052W,OAZ1,16,gene,458799,459678,+,Verified,879,False,458443.0,458743.0,458743.0,459243.0,458743,459876.0,458743.0,459876.0,458743.0,459876.0
YPL051W,ARL3,16,gene,459963,460559,+,Verified,596,False,459639.0,459939.0,459939.0,460439.0,459939,460740.0,459939.0,460740.0,459939.0,460740.0
YPL050C,MNN9,16,gene,460779,461966,-,Verified,1187,False,462151.0,462451.0,461651.0,462151.0,460621,462151.0,462151.0,460621.0,462151.0,460621.0
YPL049C,DIG1,16,gene,462481,463839,-,Verified,1358,False,463910.0,464210.0,463410.0,463910.0,462309,463910.0,463910.0,462309.0,463910.0,462309.0
YPL048W,CAM1,16,gene,464401,465648,+,Verified,1247,False,464057.0,464357.0,464357.0,464857.0,464357,465769.0,464357.0,465769.0,464357.0,465769.0
YPL047W,SGF11,16,gene,465962,466261,+,Verified,299,False,465585.0,465885.0,465885.0,466385.0,465885,466620.0,465885.0,466620.0,465885.0,466620.0
YPL046C,ELC1,16,gene,466644,466943,-,Verified,299,False,467012.0,467312.0,466512.0,467012.0,466531,467012.0,467012.0,466531.0,467012.0,466531.0
YPL045W,VPS16,16,gene,467260,469656,+,Verified,2396,False,466858.0,467158.0,467158.0,467658.0,467158,469874.0,467158.0,469874.0,467158.0,469874.0
YPL043W,NOP4,16,gene,469939,471996,+,Verified,2057,False,469583.0,469883.0,469883.0,470383.0,469883,472110.0,469883.0,472110.0,469883.0,472110.0
YPL042C,SSN3,16,gene,473040,474707,-,Verified,1667,False,474925.0,475225.0,474425.0,474925.0,472933,474925.0,474925.0,472933.0,474925.0,472933.0
YPL041C,YPL041C,16,gene,475118,475741,-,Uncharacterized,623,False,475742.0,476042.0,475242.0,475742.0,474977,475742.0,475742.0,474977.0,475742.0,474977.0
YPL040C,ISM1,16,gene,475993,479001,-,Verified,3008,False,479023.0,479323.0,478523.0,479023.0,475921,479023.0,479023.0,475921.0,479023.0,475921.0
YPL039W,YPL039W,16,gene,479225,480175,+,Uncharacterized,950,False,478869.0,479169.0,479169.0,479669.0,479169,480313.0,479169.0,480313.0,479169.0,480313.0
YPL038W-A,YPL038W-A,16,gene,480182,480373,+,Uncharacterized,191,,479882.0,480182.0,480182.0,480682.0,480182,480373.0,,,480182.0,480373.0
YPL038W,MET31,16,gene,480535,481068,+,Verified,533,False,480208.0,480508.0,480508.0,481008.0,480508,481181.0,480508.0,481181.0,480508.0,481181.0
YPL037C,EGD1,16,gene,481428,481901,-,Verified,473,False,481933.0,482233.0,481433.0,481933.0,481377,481933.0,481933.0,481377.0,481933.0,481377.0
YPL036W,PMA2,16,gene,482843,485686,+,Verified,2843,False,481973.0,482273.0,482273.0,482773.0,482273,485686.0,482273.0,,482273.0,485686.0
YPL034W,YPL034W,16,gene,486712,487209,+,Uncharacterized,497,False,486079.0,486379.0,486379.0,486879.0,486379,487343.0,486379.0,487343.0,486379.0,487343.0
YPL033C,SRL4,16,gene,487362,488207,-,Verified,845,,488207.0,488507.0,487707.0,488207.0,487362,488207.0,,,488207.0,487362.0
YPL032C,SVL3,16,gene,488887,491364,-,Verified,2477,False,491604.0,491904.0,491104.0,491604.0,488529,491604.0,491604.0,488529.0,491604.0,488529.0
YPL031C,PHO85,16,gene,492018,493037,-,Verified,1019,False,493074.0,493374.0,492574.0,493074.0,491937,493074.0,493074.0,491937.0,493074.0,491937.0
YPL030W,TRM44,16,gene,493543,495246,+,Verified,1703,False,493184.0,493484.0,493484.0,493984.0,493484,495354.0,493484.0,495354.0,493484.0,495354.0
YPL029W,SUV3,16,gene,495506,497719,+,Verified,2213,False,495161.0,495461.0,495461.0,495961.0,495461,497777.0,495461.0,497777.0,495461.0,497777.0
YPL028W,ERG10,16,gene,498096,499292,+,Verified,1196,False,497705.0,498005.0,498005.0,498505.0,498005,499393.0,498005.0,499393.0,498005.0,499393.0
YPL027W,SMA1,16,gene,499665,500402,+,Verified,737,,499365.0,499665.0,499665.0,500165.0,499665,500402.0,,,499665.0,500402.0
YPL026C,SKS1,16,gene,500675,502183,-,Verified,1508,False,502250.0,502550.0,501750.0,502250.0,500422,502250.0,502250.0,500422.0,502250.0,500422.0
YPL024W,RMI1,16,gene,503517,504242,+,Verified,725,False,503032.0,503332.0,503332.0,503832.0,503332,504404.0,503332.0,504404.0,503332.0,504404.0
YPL023C,MET12,16,gene,504339,506312,-,Verified,1973,False,506444.0,506744.0,505944.0,506444.0,504142,506444.0,506444.0,504142.0,506444.0,504142.0
YPL022W,RAD1,16,gene,506697,509999,+,Verified,3302,False,506317.0,506617.0,506617.0,507117.0,506617,510211.0,506617.0,510211.0,506617.0,510211.0
YPL021W,ECM23,16,gene,511101,511664,+,Verified,563,,510801.0,511101.0,511101.0,511601.0,511101,511664.0,,,511101.0,511664.0
YPL020C,ULP1,16,gene,512313,514178,-,Verified,1865,False,514293.0,514593.0,513793.0,514293.0,512224,514293.0,514293.0,512224.0,514293.0,512224.0
YPL019C,VTC3,16,gene,514511,517018,-,Verified,2507,False,517154.0,517454.0,516654.0,517154.0,514432,517154.0,517154.0,514432.0,517154.0,514432.0
YPL018W,CTF19,16,gene,517651,518760,+,Verified,1109,False,517325.0,517625.0,517625.0,518125.0,517625,518760.0,517625.0,,517625.0,518760.0
YPL017C,IRC15,16,gene,518734,520233,-,Verified,1499,False,520225.0,520525.0,519725.0,520225.0,518734,520225.0,520225.0,,520225.0,518734.0
YPL016W,SWI1,16,gene,521014,524958,+,Verified,3944,False,520330.0,520630.0,520630.0,521130.0,520630,525067.0,520630.0,525067.0,520630.0,525067.0
YPL015C,HST2,16,gene,525810,526883,-,Verified,1073,False,526940.0,527240.0,526440.0,526940.0,525488,526940.0,526940.0,525488.0,526940.0,525488.0
YPL014W,YPL014W,16,gene,527547,528692,+,Uncharacterized,1145,False,527230.0,527530.0,527530.0,528030.0,527530,528949.0,527530.0,528949.0,527530.0,528949.0
YPL013C,MRPS16,16,gene,528985,529350,-,Verified,365,False,529407.0,529707.0,528907.0,529407.0,528812,529407.0,529407.0,528812.0,529407.0,528812.0
YPL012W,RRP12,16,gene,529723,533409,+,Verified,3686,False,529362.0,529662.0,529662.0,530162.0,529662,533537.0,529662.0,533537.0,529662.0,533537.0
YPL011C,TAF3,16,gene,533642,534703,-,Verified,1061,False,534760.0,535060.0,534260.0,534760.0,533529,534760.0,534760.0,533529.0,534760.0,533529.0
YPL010W,RET3,16,gene,535018,535587,+,Verified,569,False,534662.0,534962.0,534962.0,535462.0,534962,535797.0,534962.0,535797.0,534962.0,535797.0
YPL009C,TAE2,16,gene,535820,538936,-,Verified,3116,False,538960.0,539260.0,538460.0,538960.0,535552,538960.0,538960.0,535552.0,538960.0,535552.0
YPL008W,CHL1,16,gene,539385,541970,+,Verified,2585,False,538840.0,539140.0,539140.0,539640.0,539140,542078.0,539140.0,542078.0,539140.0,542078.0
YPL007C,TFC8,16,gene,542082,543848,-,Verified,1766,False,543893.0,544193.0,543393.0,543893.0,541985,543893.0,543893.0,541985.0,543893.0,541985.0
YPL006W,NCR1,16,gene,544631,548143,+,Verified,3512,False,544290.0,544590.0,544590.0,545090.0,544590,548198.0,544590.0,548198.0,544590.0,548198.0
YPL005W,AEP3,16,gene,548486,550306,+,Verified,1820,False,548154.0,548454.0,548454.0,548954.0,548454,550421.0,548454.0,550421.0,548454.0,550421.0
YPL004C,LSP1,16,gene,550632,551657,-,Verified,1025,False,551695.0,551995.0,551195.0,551695.0,550439,551695.0,551695.0,550439.0,551695.0,550439.0
YPL003W,ULA1,16,gene,552020,553408,+,Verified,1388,False,551709.0,552009.0,552009.0,552509.0,552009,553421.0,552009.0,553421.0,552009.0,553421.0
YPL002C,SNF8,16,gene,553627,554328,-,Verified,701,False,554360.0,554660.0,553860.0,554360.0,553329,554360.0,554360.0,553329.0,554360.0,553329.0
YPL001W,HAT1,16,gene,554605,555729,+,Verified,1124,False,554288.0,554588.0,554588.0,555088.0,554588,555784.0,554588.0,555784.0,554588.0,555784.0
YPR001W,CIT3,16,gene,556377,557837,+,Verified,1460,,556077.0,556377.0,556377.0,556877.0,556377,557837.0,,,556377.0,557837.0
YPR002W,PDH1,16,gene,558385,559935,+,Verified,1550,False,557980.0,558280.0,558280.0,558780.0,558280,560127.0,558280.0,560127.0,558280.0,560127.0
YPR003C,YPR003C,16,gene,561504,563768,-,Uncharacterized,2264,False,563815.0,564115.0,563315.0,563815.0,561325,563815.0,563815.0,561325.0,563815.0,561325.0
YPR004C,AIM45,16,gene,564007,565041,-,Verified,1034,False,565056.0,565356.0,564556.0,565056.0,563967,565056.0,565056.0,563967.0,565056.0,563967.0
YPR005C,HAL1,16,gene,565787,566671,-,Verified,884,False,566925.0,567225.0,566425.0,566925.0,565442,566925.0,566925.0,565442.0,566925.0,565442.0
YPR006C,ICL2,16,gene,567269,568996,-,Verified,1727,,568996.0,569296.0,568496.0,568996.0,567269,568996.0,,,568996.0,567269.0
YPR007C,REC8,16,gene,569336,571378,-,Verified,2042,,571378.0,571678.0,570878.0,571378.0,569336,571378.0,,,571378.0,569336.0
YPR008W,HAA1,16,gene,573018,575102,+,Verified,2084,,572718.0,573018.0,573018.0,573518.0,573018,575102.0,,,573018.0,575102.0
YPR009W,SUT2,16,gene,576552,577358,+,Verified,806,False,576159.0,576459.0,576459.0,576959.0,576459,577427.0,576459.0,577427.0,576459.0,577427.0
YPR010C,RPA135,16,gene,577585,581196,-,Verified,3611,False,581242.0,581542.0,580742.0,581242.0,577420,581242.0,581242.0,577420.0,581242.0,577420.0
YPR010C-A,YPR010C-A,16,gene,582373,582734,-,Uncharacterized,361,False,582787.0,583087.0,582287.0,582787.0,582225,582787.0,582787.0,582225.0,582787.0,582225.0
YPR011C,YPR011C,16,gene,583062,584042,-,Uncharacterized,980,False,584146.0,584446.0,583646.0,584146.0,582758,584146.0,584146.0,582758.0,584146.0,582758.0
YPR013C,YPR013C,16,gene,584632,585585,-,Uncharacterized,953,False,585728.0,586028.0,585228.0,585728.0,584528,585728.0,585728.0,584528.0,585728.0,584528.0
YPR015C,YPR015C,16,gene,590283,591026,-,Uncharacterized,743,False,591113.0,591413.0,590613.0,591113.0,590136,591113.0,591113.0,590136.0,591113.0,590136.0
YPR016C,TIF6,16,gene,592332,593069,-,Verified,737,False,593162.0,593462.0,592662.0,593162.0,592128,593162.0,593162.0,592128.0,593162.0,592128.0
YPR017C,DSS4,16,gene,593486,593917,-,Verified,431,False,593928.0,594228.0,593428.0,593928.0,593325,593928.0,593928.0,593325.0,593928.0,593325.0
YPR018W,RLF2,16,gene,594476,596296,+,Verified,1820,False,594041.0,594341.0,594341.0,594841.0,594341,596432.0,594341.0,596432.0,594341.0,596432.0
YPR019W,MCM4,16,gene,596750,599551,+,Verified,2801,False,596324.0,596624.0,596624.0,597124.0,596624,599733.0,596624.0,599733.0,596624.0,599733.0
YPR020W,ATP20,16,gene,599870,600217,+,Verified,347,False,599522.0,599822.0,599822.0,600322.0,599822,600322.0,599822.0,600322.0,599822.0,600322.0
YPR021C,AGC1,16,gene,600649,603357,-,Verified,2708,False,603568.0,603868.0,603068.0,603568.0,600580,603568.0,603568.0,600580.0,603568.0,600580.0
YPR022C,YPR022C,16,gene,603911,607312,-,Uncharacterized,3401,False,607400.0,607700.0,606900.0,607400.0,603748,607400.0,607400.0,603748.0,607400.0,603748.0
YPR023C,EAF3,16,gene,608826,610031,-,Verified,1205,False,610072.0,610372.0,609572.0,610072.0,608740,610072.0,610072.0,608740.0,610072.0,608740.0
YPR024W,YME1,16,gene,610481,612724,+,Verified,2243,False,610007.0,610307.0,610307.0,610807.0,610307,612805.0,610307.0,612805.0,610307.0,612805.0
YPR025C,CCL1,16,gene,613377,614558,-,Verified,1181,False,614557.0,614857.0,614057.0,614557.0,613249,614557.0,614557.0,613249.0,614557.0,613249.0
YPR026W,ATH1,16,gene,615379,619014,+,Verified,3635,,615079.0,615379.0,615379.0,615879.0,615379,619014.0,,,615379.0,619014.0
YPR027C,YPR027C,16,gene,620425,621258,-,Uncharacterized,833,False,621419.0,621719.0,620919.0,621419.0,620425,621419.0,621419.0,,621419.0,620425.0
YPR028W,YOP1,16,gene,623527,624202,+,Verified,675,False,623197.0,623497.0,623497.0,623997.0,623497,624342.0,623497.0,624342.0,623497.0,624342.0
YPR029C,APL4,16,gene,624469,626967,-,Verified,2498,False,627005.0,627305.0,626505.0,627005.0,624269,627005.0,627005.0,624269.0,627005.0,624269.0
YPR030W,CSR2,16,gene,627880,631245,+,Verified,3365,,627580.0,627880.0,627880.0,628380.0,627880,631245.0,,,627880.0,631245.0
YPR031W,NTO1,16,gene,631515,633761,+,Verified,2246,False,631190.0,631490.0,631490.0,631990.0,631490,633889.0,631490.0,633889.0,631490.0,633889.0
YPR032W,SRO7,16,gene,634123,637224,+,Verified,3101,False,633774.0,634074.0,634074.0,634574.0,634074,637328.0,634074.0,637328.0,634074.0,637328.0
YPR033C,HTS1,16,gene,637379,639019,-,Verified,1640,False,639006.0,639306.0,638506.0,639006.0,637307,639006.0,639006.0,637307.0,639006.0,637307.0
YPR034W,ARP7,16,gene,639525,640958,+,Verified,1433,False,639166.0,639466.0,639466.0,639966.0,639466,641208.0,639466.0,641208.0,639466.0,641208.0
YPR035W,GLN1,16,gene,642208,643320,+,Verified,1112,False,641792.0,642092.0,642092.0,642592.0,642092,643539.0,642092.0,643539.0,642092.0,643539.0
YPR036W,VMA13,16,gene,643836,645272,+,Verified,1436,False,643481.0,643781.0,643781.0,644281.0,643781,645363.0,643781.0,645363.0,643781.0,645363.0
YPR036W-A,YPR036W-A,16,gene,645950,646153,+,Verified,203,False,645576.0,645876.0,645876.0,646376.0,645876,646422.0,645876.0,646422.0,645876.0,646422.0
YPR037C,ERV2,16,gene,646448,647038,-,Verified,590,False,647089.0,647389.0,646589.0,647089.0,646370,647089.0,647089.0,646370.0,647089.0,646370.0
YPR040W,TIP41,16,gene,647305,648375,+,Verified,1070,False,646965.0,647265.0,647265.0,647765.0,647265,648461.0,647265.0,648461.0,647265.0,648461.0
YPR041W,TIF5,16,gene,648704,649921,+,Verified,1217,False,648314.0,648614.0,648614.0,649114.0,648614,650076.0,648614.0,650076.0,648614.0,650076.0
YPR042C,PUF2,16,gene,650435,653662,-,Verified,3227,False,653787.0,654087.0,653287.0,653787.0,650099,653787.0,653787.0,650099.0,653787.0,650099.0
YPR043W,RPL43A,16,gene,654166,654847,+,Verified,681,False,653854.0,654154.0,654154.0,654654.0,654154,654921.0,654154.0,654921.0,654154.0,654921.0
YPR045C,THP3,16,gene,655140,656552,-,Verified,1412,False,656611.0,656911.0,656111.0,656611.0,655030,656611.0,656611.0,655030.0,656611.0,655030.0
YPR046W,MCM16,16,gene,656799,657344,+,Verified,545,False,656436.0,656736.0,656736.0,657236.0,656736,657400.0,656736.0,657400.0,656736.0,657400.0
YPR047W,MSF1,16,gene,657529,658938,+,Verified,1409,False,657214.0,657514.0,657514.0,658014.0,657514,659043.0,657514.0,659043.0,657514.0,659043.0
YPR048W,TAH18,16,gene,659182,661053,+,Verified,1871,False,658859.0,659159.0,659159.0,659659.0,659159,661129.0,659159.0,661129.0,659159.0,661129.0
YPR049C,ATG11,16,gene,661137,664673,-,Verified,3536,False,664741.0,665041.0,664241.0,664741.0,661053,664741.0,664741.0,661053.0,664741.0,661053.0
YPR051W,MAK3,16,gene,664960,665490,+,Verified,530,False,664631.0,664931.0,664931.0,665431.0,664931,665599.0,664931.0,665599.0,664931.0,665599.0
YPR052C,NHP6A,16,gene,665693,665974,-,Verified,281,False,666003.0,666303.0,665503.0,666003.0,665509,666003.0,666003.0,665509.0,666003.0,665509.0
YPR054W,SMK1,16,gene,666280,667446,+,Verified,1166,False,665911.0,666211.0,666211.0,666711.0,666211,667508.0,666211.0,667508.0,666211.0,667508.0
YPR055W,SEC8,16,gene,667676,670873,+,Verified,3197,False,667330.0,667630.0,667630.0,668130.0,667630,670940.0,667630.0,670940.0,667630.0,670940.0
YPR056W,TFB4,16,gene,671126,672142,+,Verified,1016,False,670804.0,671104.0,671104.0,671604.0,671104,672343.0,671104.0,672343.0,671104.0,672343.0
YPR057W,BRR1,16,gene,672471,673496,+,Verified,1025,False,672191.0,672491.0,672491.0,672991.0,672491,673553.0,672491.0,673553.0,672491.0,673553.0
YPR058W,YMC1,16,gene,673751,674674,+,Verified,923,False,673368.0,673668.0,673668.0,674168.0,673668,674758.0,673668.0,674758.0,673668.0,674758.0
YPR060C,ARO7,16,gene,674861,675631,-,Verified,770,False,675707.0,676007.0,675207.0,675707.0,674730,675707.0,675707.0,674730.0,675707.0,674730.0
YPR061C,JID1,16,gene,675977,676882,-,Verified,905,False,676930.0,677230.0,676430.0,676930.0,675898,676930.0,676930.0,675898.0,676930.0,675898.0
YPR062W,FCY1,16,gene,677165,677641,+,Verified,476,False,676859.0,677159.0,677159.0,677659.0,677159,677757.0,677159.0,677757.0,677159.0,677757.0
YPR063C,YPR063C,16,gene,677812,678320,-,Uncharacterized,508,False,678388.0,678688.0,677888.0,678388.0,677604,678388.0,678388.0,677604.0,678388.0,677604.0
YPR065W,ROX1,16,gene,679693,680799,+,Verified,1106,False,679304.0,679604.0,679604.0,680104.0,679604,681156.0,679604.0,681156.0,679604.0,681156.0
YPR066W,UBA3,16,gene,681213,682112,+,Verified,899,False,680910.0,681210.0,681210.0,681710.0,681210,682112.0,681210.0,,681210.0,682112.0
YPR067W,ISA2,16,gene,682220,682777,+,Verified,557,False,681875.0,682175.0,682175.0,682675.0,682175,682952.0,682175.0,682952.0,682175.0,682952.0
YPR068C,HOS1,16,gene,682941,684353,-,Verified,1412,False,684404.0,684704.0,683904.0,684404.0,682901,684404.0,684404.0,682901.0,684404.0,682901.0
YPR069C,SPE3,16,gene,684556,685437,-,Verified,881,False,685496.0,685796.0,684996.0,685496.0,684499,685496.0,685496.0,684499.0,685496.0,684499.0
YPR070W,MED1,16,gene,685898,687598,+,Verified,1700,False,685557.0,685857.0,685857.0,686357.0,685857,687944.0,685857.0,687944.0,685857.0,687944.0
YPR071W,YPR071W,16,gene,688172,688807,+,Uncharacterized,635,False,687861.0,688161.0,688161.0,688661.0,688161,688807.0,688161.0,,688161.0,688807.0
YPR072W,NOT5,16,gene,690107,691789,+,Verified,1682,False,689707.0,690007.0,690007.0,690507.0,690007,691898.0,690007.0,691898.0,690007.0,691898.0
YPR073C,LTP1,16,gene,691933,692418,-,Verified,485,False,692481.0,692781.0,691981.0,692481.0,691695,692481.0,692481.0,691695.0,692481.0,691695.0
YPR074C,TKL1,16,gene,692796,694838,-,Verified,2042,False,694904.0,695204.0,694404.0,694904.0,692673,694904.0,694904.0,692673.0,694904.0,692673.0
YPR075C,OPY2,16,gene,695737,696819,-,Verified,1082,False,696870.0,697170.0,696370.0,696870.0,695618,696870.0,696870.0,695618.0,696870.0,695618.0
YPR078C,YPR078C,16,gene,697147,698265,-,Uncharacterized,1118,False,698430.0,698730.0,697930.0,698430.0,697147,698430.0,698430.0,,698430.0,697147.0
YPR079W,MRL1,16,gene,698869,700014,+,Verified,1145,False,698504.0,698804.0,698804.0,699304.0,698804,700118.0,698804.0,700118.0,698804.0,700118.0
YPR080W,TEF1,16,gene,700594,701970,+,Verified,1376,False,700264.0,700564.0,700564.0,701064.0,700564,702092.0,700564.0,702092.0,700564.0,702092.0
YPR081C,GRS2,16,gene,702114,703970,-,Verified,1856,False,703974.0,704274.0,703474.0,703974.0,702113,703974.0,703974.0,702113.0,703974.0,702113.0
YPR082C,DIB1,16,gene,704225,704656,-,Verified,431,False,704665.0,704965.0,704165.0,704665.0,704147,704665.0,704665.0,704147.0,704665.0,704147.0
YPR083W,MDM36,16,gene,704854,706593,+,Verified,1739,False,704544.0,704844.0,704844.0,705344.0,704844,706718.0,704844.0,706718.0,704844.0,706718.0
YPR084W,YPR084W,16,gene,706972,708342,+,Uncharacterized,1370,False,706558.0,706858.0,706858.0,707358.0,706858,708510.0,706858.0,708510.0,706858.0,708510.0
YPR085C,ASA1,16,gene,708497,709828,-,Verified,1331,False,709916.0,710216.0,709416.0,709916.0,708385,709916.0,709916.0,708385.0,709916.0,708385.0
YPR086W,SUA7,16,gene,710101,711138,+,Verified,1037,False,709758.0,710058.0,710058.0,710558.0,710058,711300.0,710058.0,711300.0,710058.0,711300.0
YPR088C,SRP54,16,gene,711403,713028,-,Verified,1625,False,713065.0,713365.0,712565.0,713065.0,711330,713065.0,713065.0,711330.0,713065.0,711330.0
YPR089W,YPR089W,16,gene,713275,715941,+,Uncharacterized,2666,False,712937.0,713237.0,713237.0,713737.0,713237,716020.0,713237.0,716020.0,713237.0,716020.0
YPR091C,YPR091C,16,gene,716156,718468,-,Verified,2312,False,718497.0,718797.0,717997.0,718497.0,715946,718497.0,718497.0,715946.0,718497.0,715946.0
YPR093C,ASR1,16,gene,719558,720424,-,Verified,866,False,720462.0,720762.0,719962.0,720462.0,719292,720462.0,720462.0,719292.0,720462.0,719292.0
YPR094W,RDS3,16,gene,720637,720960,+,Verified,323,False,720338.0,720638.0,720638.0,721138.0,720638,721024.0,720638.0,721024.0,720638.0,721024.0
YPR095C,SYT1,16,gene,721037,724717,-,Verified,3680,False,724965.0,725265.0,724465.0,724965.0,720941,724965.0,724965.0,720941.0,724965.0,720941.0
YPR096C,YPR096C,16,gene,724842,725144,-,Verified,302,,725144.0,725444.0,724644.0,725144.0,724842,725144.0,,,725144.0,724842.0
YPR097W,YPR097W,16,gene,725394,728615,+,Verified,3221,False,724859.0,725159.0,725159.0,725659.0,725159,728742.0,725159.0,728742.0,725159.0,728742.0
YPR098C,YPR098C,16,gene,728947,729528,-,Verified,581,False,729548.0,729848.0,729048.0,729548.0,728718,729548.0,729548.0,728718.0,729548.0,728718.0
YPR100W,MRPL51,16,gene,729791,730213,+,Verified,422,False,729454.0,729754.0,729754.0,730254.0,729754,730300.0,729754.0,730300.0,729754.0,730300.0
YPR101W,SNT309,16,gene,730492,731019,+,Verified,527,False,730168.0,730468.0,730468.0,730968.0,730468,731234.0,730468.0,731234.0,730468.0,731234.0
YPR102C,RPL11A,16,gene,731224,731748,-,Verified,524,False,731790.0,732090.0,731290.0,731790.0,731139,731790.0,731790.0,731139.0,731790.0,731139.0
YPR103W,PRE2,16,gene,732349,733212,+,Verified,863,False,731982.0,732282.0,732282.0,732782.0,732282,733271.0,732282.0,733271.0,732282.0,733271.0
YPR104C,FHL1,16,gene,733623,736433,-,Verified,2810,False,736712.0,737012.0,736212.0,736712.0,733318,736712.0,736712.0,733318.0,736712.0,733318.0
YPR105C,COG4,16,gene,736984,739569,-,Verified,2585,False,739726.0,740026.0,739226.0,739726.0,736914,739726.0,739726.0,736914.0,739726.0,736914.0
YPR106W,ISR1,16,gene,740061,741392,+,Verified,1331,False,739706.0,740006.0,740006.0,740506.0,740006,741486.0,740006.0,741486.0,740006.0,741486.0
YPR107C,YTH1,16,gene,741438,742064,-,Verified,626,False,742149.0,742449.0,741649.0,742149.0,741279,742149.0,742149.0,741279.0,742149.0,741279.0
YPR108W,RPN7,16,gene,742454,743743,+,Verified,1289,False,742075.0,742375.0,742375.0,742875.0,742375,743930.0,742375.0,743930.0,742375.0,743930.0
YPR108W-A,YPR108W-A,16,gene,744175,744387,+,Uncharacterized,212,False,743974.0,744274.0,744274.0,744774.0,744274,744445.0,744274.0,744445.0,744274.0,744445.0
YPR109W,YPR109W,16,gene,744689,745573,+,Uncharacterized,884,False,744218.0,744518.0,744518.0,745018.0,744518,745667.0,744518.0,745667.0,744518.0,745667.0
YPR110C,RPC40,16,gene,745828,746835,-,Verified,1007,False,746850.0,747150.0,746350.0,746850.0,745616,746850.0,746850.0,745616.0,746850.0,745616.0
YPR111W,DBF20,16,gene,747306,749000,+,Verified,1694,False,746985.0,747285.0,747285.0,747785.0,747285,749260.0,747285.0,749260.0,747285.0,749260.0
YPR112C,MRD1,16,gene,749256,751919,-,Verified,2663,False,751972.0,752272.0,751472.0,751972.0,749163,751972.0,751972.0,749163.0,751972.0,749163.0
YPR113W,PIS1,16,gene,752257,752919,+,Verified,662,False,751933.0,752233.0,752233.0,752733.0,752233,753022.0,752233.0,753022.0,752233.0,753022.0
YPR114W,YPR114W,16,gene,753301,754248,+,Uncharacterized,947,False,752924.0,753224.0,753224.0,753724.0,753224,754348.0,753224.0,754348.0,753224.0,754348.0
YPR115W,RGC1,16,gene,754877,758128,+,Verified,3251,False,754379.0,754679.0,754679.0,755179.0,754679,758393.0,754679.0,758393.0,754679.0,758393.0
YPR116W,RRG8,16,gene,758648,759481,+,Verified,833,False,758273.0,758573.0,758573.0,759073.0,758573,759481.0,758573.0,,758573.0,759481.0
YPR117W,YPR117W,16,gene,760025,767494,+,Uncharacterized,7469,False,759418.0,759718.0,759718.0,760218.0,759718,767587.0,759718.0,767587.0,759718.0,767587.0
YPR118W,MRI1,16,gene,767752,768987,+,Verified,1235,False,767434.0,767734.0,767734.0,768234.0,767734,769053.0,767734.0,769053.0,767734.0,769053.0
YPR119W,CLB2,16,gene,771653,773128,+,Verified,1475,False,771005.0,771305.0,771305.0,771805.0,771305,773403.0,771305.0,773403.0,771305.0,773403.0
YPR120C,CLB5,16,gene,773875,775182,-,Verified,1307,False,775310.0,775610.0,774810.0,775310.0,773838,775310.0,775310.0,773838.0,775310.0,773838.0
YPR121W,THI22,16,gene,778583,780301,+,Verified,1718,,778283.0,778583.0,778583.0,779083.0,778583,780301.0,,,778583.0,780301.0
YPR122W,AXL1,16,gene,782045,785671,+,Verified,3626,False,781643.0,781943.0,781943.0,782443.0,781943,785821.0,781943.0,785821.0,781943.0,785821.0
YPR124W,CTR1,16,gene,786208,787428,+,Verified,1220,False,785732.0,786032.0,786032.0,786532.0,786032,787659.0,786032.0,787659.0,786032.0,787659.0
YPR125W,YLH47,16,gene,787961,789325,+,Verified,1364,False,787546.0,787846.0,787846.0,788346.0,787846,789509.0,787846.0,789509.0,787846.0,789509.0
YPR127W,YPR127W,16,gene,790083,791120,+,Verified,1037,False,789611.0,789911.0,789911.0,790411.0,789911,791204.0,789911.0,791204.0,789911.0,791204.0
YPR128C,ANT1,16,gene,791218,792204,-,Verified,986,False,792268.0,792568.0,791768.0,792268.0,791126,792268.0,792268.0,791126.0,792268.0,791126.0
YPR129W,SCD6,16,gene,792687,793736,+,Verified,1049,False,792382.0,792682.0,792682.0,793182.0,792682,793807.0,792682.0,793807.0,792682.0,793807.0
YPR131C,NAT3,16,gene,793911,794498,-,Verified,587,False,794539.0,794839.0,794039.0,794539.0,793729,794539.0,794539.0,793729.0,794539.0,793729.0
YPR132W,RPS23B,16,gene,794965,795767,+,Verified,802,False,794642.0,794942.0,794942.0,795442.0,794942,795871.0,794942.0,795871.0,794942.0,795871.0
YPR133C,SPN1,16,gene,795978,797210,-,Verified,1232,False,797298.0,797598.0,796798.0,797298.0,795903,797298.0,797298.0,795903.0,797298.0,795903.0
YPR133W-A,TOM5,16,gene,797557,797709,+,Verified,152,False,797229.0,797529.0,797529.0,798029.0,797529,797878.0,797529.0,797878.0,797529.0,797878.0
YPR134W,MSS18,16,gene,798051,798857,+,Verified,806,False,797726.0,798026.0,798026.0,798526.0,798026,798978.0,798026.0,798978.0,798026.0,798978.0
YPR135W,CTF4,16,gene,799234,802017,+,Verified,2783,False,798893.0,799193.0,799193.0,799693.0,799193,802059.0,799193.0,802059.0,799193.0,802059.0
YPR137W,RRP9,16,gene,802359,804080,+,Verified,1721,False,801999.0,802299.0,802299.0,802799.0,802299,804227.0,802299.0,804227.0,802299.0,804227.0
YPR138C,MEP3,16,gene,810984,812453,-,Verified,1469,False,812726.0,813026.0,812226.0,812726.0,810844,812726.0,812726.0,810844.0,812726.0,810844.0
YPR139C,VPS66,16,gene,813156,814058,-,Verified,902,False,814129.0,814429.0,813629.0,814129.0,813056,814129.0,814129.0,813056.0,814129.0,813056.0
YPR140W,TAZ1,16,gene,814391,815536,+,Verified,1145,False,814002.0,814302.0,814302.0,814802.0,814302,815622.0,814302.0,815622.0,814302.0,815622.0
YPR141C,KAR3,16,gene,815734,817923,-,Verified,2189,False,818085.0,818385.0,817585.0,818085.0,815565,818085.0,818085.0,815565.0,818085.0,815565.0
YPR143W,RRP15,16,gene,818323,819075,+,Verified,752,False,817998.0,818298.0,818298.0,818798.0,818298,819205.0,818298.0,819205.0,818298.0,819205.0
YPR144C,NOC4,16,gene,819765,821423,-,Verified,1658,False,821447.0,821747.0,820947.0,821447.0,819696,821447.0,821447.0,819696.0,821447.0,819696.0
YPR145W,ASN1,16,gene,822620,824338,+,Verified,1718,False,822279.0,822579.0,822579.0,823079.0,822579,824459.0,822579.0,824459.0,822579.0,824459.0
YPR145C-A,YPR145C-A,16,gene,824690,824926,-,Uncharacterized,236,,824926.0,825226.0,824426.0,824926.0,824690,824926.0,,,824926.0,824690.0
YPR147C,YPR147C,16,gene,825645,826559,-,Uncharacterized,914,False,826589.0,826889.0,826089.0,826589.0,825438,826589.0,826589.0,825438.0,826589.0,825438.0
YPR148C,YPR148C,16,gene,826833,828140,-,Verified,1307,False,828200.0,828500.0,827700.0,828200.0,826715,828200.0,828200.0,826715.0,828200.0,826715.0
YPR149W,NCE102,16,gene,829918,830439,+,Verified,521,False,829436.0,829736.0,829736.0,830236.0,829736,830782.0,829736.0,830782.0,829736.0,830782.0
YPR151C,SUE1,16,gene,831055,831675,-,Verified,620,,831675.0,831975.0,831175.0,831675.0,831055,831675.0,,,831675.0,831055.0
YPR152C,URN1,16,gene,832061,833458,-,Verified,1397,False,833473.0,833773.0,832973.0,833473.0,831836,833473.0,833473.0,831836.0,833473.0,831836.0
YPR153W,YPR153W,16,gene,833689,834245,+,Verified,556,False,833342.0,833642.0,833642.0,834142.0,833642,834245.0,833642.0,,833642.0,834245.0
YPR154W,PIN3,16,gene,834565,835212,+,Verified,647,False,834222.0,834522.0,834522.0,835022.0,834522,835342.0,834522.0,835342.0,834522.0,835342.0
YPR155C,NCA2,16,gene,835563,837413,-,Verified,1850,False,837480.0,837780.0,836980.0,837480.0,835439,837480.0,837480.0,835439.0,837480.0,835439.0
YPR156C,TPO3,16,gene,837909,839777,-,Verified,1868,False,840064.0,840364.0,839564.0,840064.0,837693,840064.0,840064.0,837693.0,840064.0,837693.0
YPR157W,YPR157W,16,gene,841266,842669,+,Uncharacterized,1403,False,840916.0,841216.0,841216.0,841716.0,841216,842755.0,841216.0,842755.0,841216.0,842755.0
YPR158W,CUR1,16,gene,843262,844020,+,Verified,758,False,842901.0,843201.0,843201.0,843701.0,843201,844153.0,843201.0,844153.0,843201.0,844153.0
YPR159W,KRE6,16,gene,857583,859745,+,Verified,2162,False,857033.0,857333.0,857333.0,857833.0,857333,860030.0,857333.0,860030.0,857333.0,860030.0
YPR159C-A,YPR159C-A,16,gene,860314,860415,-,Uncharacterized,101,,860415.0,860715.0,859915.0,860415.0,860314,860415.0,,,860415.0,860314.0
YPR160W,GPH1,16,gene,861306,864014,+,Verified,2708,,861006.0,861306.0,861306.0,861806.0,861306,864014.0,,,861306.0,864014.0
YPR161C,SGV1,16,gene,864449,866422,-,Verified,1973,False,866500.0,866800.0,866000.0,866500.0,864358,866500.0,866500.0,864358.0,866500.0,864358.0
YPR162C,ORC4,16,gene,866715,868304,-,Verified,1589,False,868333.0,868633.0,867833.0,868333.0,866663,868333.0,868333.0,866663.0,868333.0,866663.0
YPR163C,TIF3,16,gene,868645,869955,-,Verified,1310,False,870042.0,870342.0,869542.0,870042.0,868491,870042.0,870042.0,868491.0,870042.0,868491.0
YPR164W,MMS1,16,gene,870703,874926,+,Verified,4223,False,870347.0,870647.0,870647.0,871147.0,870647,875255.0,870647.0,875255.0,870647.0,875255.0
YPR165W,RHO1,16,gene,875368,875997,+,Verified,629,False,874883.0,875183.0,875183.0,875683.0,875183,876198.0,875183.0,876198.0,875183.0,876198.0
YPR166C,MRP2,16,gene,876282,876629,-,Verified,347,False,876690.0,876990.0,876190.0,876690.0,876175,876690.0,876690.0,876175.0,876690.0,876175.0
YPR167C,MET16,16,gene,876847,877632,-,Verified,785,False,877716.0,878016.0,877216.0,877716.0,876792,877716.0,877716.0,876792.0,877716.0,876792.0
YPR168W,NUT2,16,gene,878076,878549,+,Verified,473,False,877766.0,878066.0,878066.0,878566.0,878066,878702.0,878066.0,878702.0,878066.0,878702.0
YPR169W,JIP5,16,gene,878690,880168,+,Verified,1478,False,878357.0,878657.0,878657.0,879157.0,878657,880206.0,878657.0,880206.0,878657.0,880206.0
YPR170W-B,YPR170W-B,16,gene,883239,883595,+,Uncharacterized,356,False,882902.0,883202.0,883202.0,883702.0,883202,883792.0,883202.0,883792.0,883202.0,883792.0
YPR171W,BSP1,16,gene,883828,885558,+,Verified,1730,,883528.0,883828.0,883828.0,884328.0,883828,885558.0,,,883828.0,885558.0
YPR172W,YPR172W,16,gene,885796,886398,+,Uncharacterized,602,False,885467.0,885767.0,885767.0,886267.0,885767,886467.0,885767.0,886467.0,885767.0,886467.0
YPR173C,VPS4,16,gene,886524,887837,-,Verified,1313,False,887870.0,888170.0,887370.0,887870.0,886472,887870.0,887870.0,886472.0,887870.0,886472.0
YPR174C,YPR174C,16,gene,888043,888708,-,Uncharacterized,665,False,888742.0,889042.0,888242.0,888742.0,887950,888742.0,888742.0,887950.0,888742.0,887950.0
YPR175W,DPB2,16,gene,888974,891043,+,Verified,2069,False,888646.0,888946.0,888946.0,889446.0,888946,891123.0,888946.0,891123.0,888946.0,891123.0
YPR176C,BET2,16,gene,891101,892078,-,Verified,977,False,892085.0,892385.0,891585.0,892085.0,890948,892085.0,892085.0,890948.0,892085.0,890948.0
YPR178W,PRP4,16,gene,892332,893729,+,Verified,1397,False,891994.0,892294.0,892294.0,892794.0,892294,893776.0,892294.0,893776.0,892294.0,893776.0
YPR179C,HDA3,16,gene,893797,895764,-,Verified,1967,False,895805.0,896105.0,895305.0,895805.0,893737,895805.0,895805.0,893737.0,895805.0,893737.0
YPR180W,AOS1,16,gene,895961,897004,+,Verified,1043,False,895662.0,895962.0,895962.0,896462.0,895962,897075.0,895962.0,897075.0,895962.0,897075.0
YPR181C,SEC23,16,gene,897361,899667,-,Verified,2306,False,899737.0,900037.0,899237.0,899737.0,897147,899737.0,899737.0,897147.0,899737.0,897147.0
YPR182W,SMX3,16,gene,900194,900454,+,Verified,260,False,899833.0,900133.0,900133.0,900633.0,900133,900532.0,900133.0,900532.0,900133.0,900532.0
YPR183W,DPM1,16,gene,900755,901558,+,Verified,803,False,900419.0,900719.0,900719.0,901219.0,900719,901646.0,900719.0,901646.0,900719.0,901646.0
YPR184W,GDB1,16,gene,902044,906654,+,Verified,4610,False,901575.0,901875.0,901875.0,902375.0,901875,906810.0,901875.0,906810.0,901875.0,906810.0
YPR185W,ATG13,16,gene,907218,909434,+,Verified,2216,False,906608.0,906908.0,906908.0,907408.0,906908,909742.0,906908.0,909742.0,906908.0,909742.0
YPR186C,PZF1,16,gene,909733,911022,-,Verified,1289,False,911028.0,911328.0,910528.0,911028.0,909603,911028.0,911028.0,909603.0,911028.0,909603.0
YPR187W,RPO26,16,gene,911257,911800,+,Verified,543,False,910916.0,911216.0,911216.0,911716.0,911216,911925.0,911216.0,911925.0,911216.0,911925.0
YPR188C,MLC2,16,gene,911988,912479,-,Verified,491,False,912517.0,912817.0,912017.0,912517.0,911940,912517.0,912517.0,911940.0,912517.0,911940.0
YPR189W,SKI3,16,gene,912664,916962,+,Verified,4298,False,912328.0,912628.0,912628.0,913128.0,912628,917052.0,912628.0,917052.0,912628.0,917052.0
YPR190C,RPC82,16,gene,917077,919041,-,Verified,1964,False,919086.0,919386.0,918586.0,919086.0,917001,919086.0,919086.0,917001.0,919086.0,917001.0
YPR191W,QCR2,16,gene,919381,920487,+,Verified,1106,False,919022.0,919322.0,919322.0,919822.0,919322,920716.0,919322.0,920716.0,919322.0,920716.0
YPR192W,AQY1,16,gene,921860,922777,+,Verified,917,,921560.0,921860.0,921860.0,922360.0,921860,922777.0,,,921860.0,922777.0
YPR193C,HPA2,16,gene,922909,923379,-,Verified,470,False,923993.0,924293.0,923493.0,923993.0,922853,923993.0,923993.0,922853.0,923993.0,922853.0
YPR194C,OPT2,16,gene,924304,926937,-,Verified,2633,,926937.0,927237.0,926437.0,926937.0,924304,926937.0,,,926937.0,924304.0
YPR196W,YPR196W,16,gene,931376,932788,+,Uncharacterized,1412,False,931048.0,931348.0,931348.0,931848.0,931348,932960.0,931348.0,932960.0,931348.0,932960.0
YPR198W,SGE1,16,gene,934034,935665,+,Verified,1631,False,933684.0,933984.0,933984.0,934484.0,933984,935759.0,933984.0,935759.0,933984.0,935759.0
YPR199C,ARR1,16,gene,938148,939032,-,Verified,884,False,939059.0,939359.0,938559.0,939059.0,937970,939059.0,939059.0,937970.0,939059.0,937970.0
YPR200C,ARR2,16,gene,939279,939671,-,Verified,392,False,939779.0,940079.0,939279.0,939779.0,939195,939779.0,939779.0,939195.0,939779.0,939195.0
YPR201W,ARR3,16,gene,939922,941136,+,Verified,1214,False,939558.0,939858.0,939858.0,940358.0,939858,941136.0,939858.0,,939858.0,941136.0
YPR202W,YPR202W,16,gene,943032,943896,+,Uncharacterized,864,False,942468.0,942768.0,942768.0,943268.0,942768,943896.0,942768.0,,942768.0,943896.0
YPR203W,YPR203W,16,gene,943880,944188,+,Uncharacterized,308,,943580.0,943880.0,943880.0,944380.0,943880,944188.0,,,943880.0,944188.0
YPR204W,YPR204W,16,gene,944603,947701,+,Uncharacterized,3098,,944303.0,944603.0,944603.0,945103.0,944603,947701.0,,,944603.0,947701.0
